# 2% peach logo, embossed (generated)
mtllib 2percent_logo.mtl
o mesh
v 0.359853 0.471983 0.006394
v 0.360767 0.470204 -0.007838
v 0.361837 0.465756 -0.024517
v 0.363221 0.455749 -0.046087
v 0.363835 0.449523 -0.055650
v 0.364505 0.440850 -0.066101
v 0.364990 0.433067 -0.073662
v 0.365504 0.422838 -0.081668
v 0.366061 0.408161 -0.090341
v 0.366432 0.394596 -0.096122
v 0.366703 0.390370 -0.100348
v 0.367288 0.377473 -0.109465
v 0.367288 0.375916 -0.109465
v 0.367587 0.368577 -0.114135
v 0.367573 0.367021 -0.113913
v 0.367816 0.357681 -0.117693
v 0.367802 0.355902 -0.117471
v 0.367944 0.350787 -0.119694
v 0.367930 0.348563 -0.119472
v 0.368058 0.341003 -0.121473
v 0.368058 0.331218 -0.121473
v 0.367973 0.318765 -0.120139
v 0.367744 0.303421 -0.116581
v 0.367602 0.297861 -0.114357
v 0.367545 0.298084 -0.113468
v 0.367516 0.304088 -0.113023
v 0.367359 0.311649 -0.110577
v 0.367102 0.317875 -0.106574
v 0.366746 0.322990 -0.101015
v 0.366375 0.303421 -0.095233
v 0.365889 0.287187 -0.087672
v 0.365176 0.270731 -0.076553
v 0.364348 0.257166 -0.063655
v 0.363207 0.243824 -0.045865
v 0.362222 0.236040 -0.030521
v 0.361023 0.230259 -0.011841
v 0.359925 0.227812 0.005282
v 0.358526 0.228702 0.027075
v 0.357099 0.234039 0.049313
v 0.355815 0.242934 0.069327
v 0.355216 0.248716 0.078666
v 0.354545 0.256721 0.089118
v 0.353603 0.272066 0.103795
v 0.353061 0.283852 0.112245
v 0.352719 0.293191 0.117583
v 0.352176 0.314317 0.126033
v 0.352019 0.324547 0.128479
v 0.351905 0.338334 0.130258
v 0.351905 0.352344 0.130258
v 0.351977 0.364575 0.129146
v 0.352148 0.377473 0.126478
v 0.352362 0.388369 0.123142
v 0.352690 0.400822 0.118027
v 0.353004 0.409940 0.113135
v 0.353461 0.420836 0.106019
v 0.354017 0.431510 0.097346
v 0.354759 0.443074 0.085783
v 0.355273 0.449523 0.077777
v 0.356429 0.460197 0.059764
v 0.357370 0.465979 0.045087
v 0.358055 0.468870 0.034413
v 0.359411 0.471983 0.013287
v 0.370853 0.471983 0.006394
v 0.371767 0.470204 -0.007838
v 0.372837 0.465756 -0.024517
v 0.374221 0.455749 -0.046087
v 0.374835 0.449523 -0.055650
v 0.375505 0.440850 -0.066101
v 0.375990 0.433067 -0.073662
v 0.376504 0.422838 -0.081668
v 0.377061 0.408161 -0.090341
v 0.377432 0.394596 -0.096122
v 0.377703 0.390370 -0.100348
v 0.378288 0.377473 -0.109465
v 0.378288 0.375916 -0.109465
v 0.378587 0.368577 -0.114135
v 0.378573 0.367021 -0.113913
v 0.378816 0.357681 -0.117693
v 0.378802 0.355902 -0.117471
v 0.378944 0.350787 -0.119694
v 0.378930 0.348563 -0.119472
v 0.379058 0.341003 -0.121473
v 0.379058 0.331218 -0.121473
v 0.378973 0.318765 -0.120139
v 0.378744 0.303421 -0.116581
v 0.378602 0.297861 -0.114357
v 0.378545 0.298084 -0.113468
v 0.378516 0.304088 -0.113023
v 0.378359 0.311649 -0.110577
v 0.378102 0.317875 -0.106574
v 0.377746 0.322990 -0.101015
v 0.377375 0.303421 -0.095233
v 0.376889 0.287187 -0.087672
v 0.376176 0.270731 -0.076553
v 0.375348 0.257166 -0.063655
v 0.374207 0.243824 -0.045865
v 0.373222 0.236040 -0.030521
v 0.372023 0.230259 -0.011841
v 0.370925 0.227812 0.005282
v 0.369526 0.228702 0.027075
v 0.368099 0.234039 0.049313
v 0.366815 0.242934 0.069327
v 0.366216 0.248716 0.078666
v 0.365545 0.256721 0.089118
v 0.364603 0.272066 0.103795
v 0.364061 0.283852 0.112245
v 0.363719 0.293191 0.117583
v 0.363176 0.314317 0.126033
v 0.363019 0.324547 0.128479
v 0.362905 0.338334 0.130258
v 0.362905 0.352344 0.130258
v 0.362977 0.364575 0.129146
v 0.363148 0.377473 0.126478
v 0.363362 0.388369 0.123142
v 0.363690 0.400822 0.118027
v 0.364004 0.409940 0.113135
v 0.364461 0.420836 0.106019
v 0.365017 0.431510 0.097346
v 0.365759 0.443074 0.085783
v 0.366273 0.449523 0.077777
v 0.367429 0.460197 0.059764
v 0.368370 0.465979 0.045087
v 0.369055 0.468870 0.034413
v 0.370411 0.471983 0.013287
v 0.373051 0.418390 -0.027852
v 0.373194 0.417945 -0.030076
v 0.373465 0.419502 -0.034301
v 0.373607 0.419057 -0.036525
v 0.373893 0.419947 -0.040973
v 0.373950 0.419280 -0.041862
v 0.374207 0.419502 -0.045865
v 0.374278 0.418612 -0.046977
v 0.374563 0.418835 -0.051424
v 0.374621 0.418168 -0.052314
v 0.374920 0.417945 -0.056984
v 0.375006 0.417056 -0.058318
v 0.375177 0.416833 -0.060987
v 0.375291 0.415499 -0.062766
v 0.375534 0.414832 -0.066546
v 0.375762 0.412608 -0.070104
v 0.376090 0.410607 -0.075219
v 0.376162 0.409273 -0.076331
v 0.376404 0.407493 -0.080111
v 0.376518 0.405492 -0.081890
v 0.376732 0.403713 -0.085226
v 0.376832 0.401712 -0.086783
v 0.377075 0.399266 -0.090563
v 0.377275 0.395485 -0.093676
v 0.377474 0.393261 -0.096790
v 0.377489 0.391927 -0.097012
v 0.377646 0.390370 -0.099458
v 0.377674 0.389259 -0.099903
v 0.377903 0.385478 -0.103461
v 0.377931 0.383254 -0.103906
v 0.378231 0.377917 -0.108576
v 0.378245 0.375693 -0.108798
v 0.378530 0.369245 -0.113245
v 0.378502 0.367466 -0.112801
v 0.378616 0.364797 -0.114580
v 0.378673 0.361017 -0.115469
v 0.378759 0.358793 -0.116803
v 0.378730 0.357014 -0.116359
v 0.378901 0.351010 -0.119027
v 0.378873 0.349008 -0.118583
v 0.378944 0.346784 -0.119694
v 0.378958 0.343226 -0.119917
v 0.379016 0.341447 -0.120806
v 0.379016 0.331218 -0.120806
v 0.378958 0.327438 -0.119917
v 0.378987 0.322768 -0.120362
v 0.378916 0.321433 -0.119250
v 0.378901 0.316319 -0.119027
v 0.378744 0.307868 -0.116581
v 0.378759 0.305645 -0.116803
v 0.378716 0.304755 -0.116136
v 0.378645 0.305422 -0.115024
v 0.378673 0.307646 -0.115469
v 0.378602 0.310982 -0.114357
v 0.378402 0.311871 -0.111244
v 0.378088 0.318765 -0.106352
v 0.377532 0.327438 -0.097679
v 0.377446 0.327882 -0.096345
v 0.377260 0.330996 -0.093454
v 0.377175 0.331440 -0.092120
v 0.376476 0.342337 -0.081223
v 0.376361 0.343226 -0.079444
v 0.376176 0.347896 -0.076553
v 0.376005 0.349898 -0.073885
v 0.375862 0.353678 -0.071661
v 0.375705 0.355457 -0.069215
v 0.375534 0.359238 -0.066546
v 0.375434 0.360127 -0.064990
v 0.375206 0.365242 -0.061431
v 0.375034 0.367243 -0.058763
v 0.374920 0.370356 -0.056984
v 0.374763 0.372135 -0.054538
v 0.374621 0.376138 -0.052314
v 0.374421 0.378807 -0.049201
v 0.374321 0.381475 -0.047644
v 0.374178 0.383254 -0.045420
v 0.374107 0.385478 -0.044308
v 0.373265 0.400155 -0.031188
v 0.372609 0.409940 -0.020959
v 0.372537 0.412831 -0.019847
v 0.372666 0.412163 -0.021848
v 0.372765 0.410607 -0.023405
v 0.373079 0.408828 -0.028297
v 0.373493 0.405047 -0.034746
v 0.374492 0.394818 -0.050313
v 0.374621 0.392817 -0.052314
v 0.374720 0.392594 -0.053871
v 0.374735 0.393484 -0.054093
v 0.374606 0.395485 -0.052092
v 0.373936 0.402824 -0.041640
v 0.373251 0.409273 -0.030966
v 0.373051 0.411719 -0.027852
v 0.372851 0.413053 -0.024739
v 0.372823 0.413720 -0.024294
v 0.372837 0.415054 -0.024517
v 0.372794 0.415944 -0.023850
v 0.372837 0.416833 -0.024517
v 0.378551 0.418390 -0.027852
v 0.378694 0.417945 -0.030076
v 0.378965 0.419502 -0.034301
v 0.379107 0.419057 -0.036525
v 0.379393 0.419947 -0.040973
v 0.379450 0.419280 -0.041862
v 0.379707 0.419502 -0.045865
v 0.379778 0.418612 -0.046977
v 0.380063 0.418835 -0.051424
v 0.380121 0.418168 -0.052314
v 0.380420 0.417945 -0.056984
v 0.380506 0.417056 -0.058318
v 0.380677 0.416833 -0.060987
v 0.380791 0.415499 -0.062766
v 0.381034 0.414832 -0.066546
v 0.381262 0.412608 -0.070104
v 0.381590 0.410607 -0.075219
v 0.381662 0.409273 -0.076331
v 0.381904 0.407493 -0.080111
v 0.382018 0.405492 -0.081890
v 0.382232 0.403713 -0.085226
v 0.382332 0.401712 -0.086783
v 0.382575 0.399266 -0.090563
v 0.382775 0.395485 -0.093676
v 0.382974 0.393261 -0.096790
v 0.382989 0.391927 -0.097012
v 0.383146 0.390370 -0.099458
v 0.383174 0.389259 -0.099903
v 0.383403 0.385478 -0.103461
v 0.383431 0.383254 -0.103906
v 0.383731 0.377917 -0.108576
v 0.383745 0.375693 -0.108798
v 0.384030 0.369245 -0.113245
v 0.384002 0.367466 -0.112801
v 0.384116 0.364797 -0.114580
v 0.384173 0.361017 -0.115469
v 0.384259 0.358793 -0.116803
v 0.384230 0.357014 -0.116359
v 0.384401 0.351010 -0.119027
v 0.384373 0.349008 -0.118583
v 0.384444 0.346784 -0.119694
v 0.384458 0.343226 -0.119917
v 0.384516 0.341447 -0.120806
v 0.384516 0.331218 -0.120806
v 0.384458 0.327438 -0.119917
v 0.384487 0.322768 -0.120362
v 0.384416 0.321433 -0.119250
v 0.384401 0.316319 -0.119027
v 0.384244 0.307868 -0.116581
v 0.384259 0.305645 -0.116803
v 0.384216 0.304755 -0.116136
v 0.384145 0.305422 -0.115024
v 0.384173 0.307646 -0.115469
v 0.384102 0.310982 -0.114357
v 0.383902 0.311871 -0.111244
v 0.383588 0.318765 -0.106352
v 0.383032 0.327438 -0.097679
v 0.382946 0.327882 -0.096345
v 0.382760 0.330996 -0.093454
v 0.382675 0.331440 -0.092120
v 0.381976 0.342337 -0.081223
v 0.381861 0.343226 -0.079444
v 0.381676 0.347896 -0.076553
v 0.381505 0.349898 -0.073885
v 0.381362 0.353678 -0.071661
v 0.381205 0.355457 -0.069215
v 0.381034 0.359238 -0.066546
v 0.380934 0.360127 -0.064990
v 0.380706 0.365242 -0.061431
v 0.380534 0.367243 -0.058763
v 0.380420 0.370356 -0.056984
v 0.380263 0.372135 -0.054538
v 0.380121 0.376138 -0.052314
v 0.379921 0.378807 -0.049201
v 0.379821 0.381475 -0.047644
v 0.379678 0.383254 -0.045420
v 0.379607 0.385478 -0.044308
v 0.378765 0.400155 -0.031188
v 0.378109 0.409940 -0.020959
v 0.378037 0.412831 -0.019847
v 0.378166 0.412163 -0.021848
v 0.378265 0.410607 -0.023405
v 0.378579 0.408828 -0.028297
v 0.378993 0.405047 -0.034746
v 0.379992 0.394818 -0.050313
v 0.380121 0.392817 -0.052314
v 0.380220 0.392594 -0.053871
v 0.380235 0.393484 -0.054093
v 0.380106 0.395485 -0.052092
v 0.379436 0.402824 -0.041640
v 0.378751 0.409273 -0.030966
v 0.378551 0.411719 -0.027852
v 0.378351 0.413053 -0.024739
v 0.378323 0.413720 -0.024294
v 0.378337 0.415054 -0.024517
v 0.378294 0.415944 -0.023850
v 0.378337 0.416833 -0.024517
v 0.372751 0.434401 -0.023183
v 0.372751 0.433067 -0.023183
v 0.372566 0.427063 -0.020292
v 0.372609 0.424394 -0.020959
v 0.372523 0.420614 -0.019624
v 0.372366 0.417500 -0.017178
v 0.372266 0.417278 -0.015622
v 0.372023 0.418168 -0.011841
v 0.371924 0.417723 -0.010285
v 0.371866 0.415944 -0.009395
v 0.371809 0.415721 -0.008506
v 0.371381 0.417945 -0.001834
v 0.371110 0.421726 0.002391
v 0.371139 0.425951 0.001946
v 0.371310 0.427730 -0.000722
v 0.371453 0.426396 -0.002946
v 0.371510 0.427285 -0.003836
v 0.371467 0.429731 -0.003169
v 0.371538 0.432622 -0.004280
v 0.371909 0.437292 -0.010062
v 0.371966 0.437514 -0.010952
v 0.371981 0.436847 -0.011174
v 0.371895 0.433956 -0.009840
v 0.371938 0.431510 -0.010507
v 0.371866 0.430176 -0.009395
v 0.371895 0.428175 -0.009840
v 0.371995 0.427063 -0.011396
v 0.372352 0.430176 -0.016956
v 0.372523 0.436180 -0.019624
v 0.372494 0.437292 -0.019180
v 0.372380 0.437737 -0.017401
v 0.372480 0.438404 -0.018957
v 0.372666 0.437737 -0.021848
v 0.378251 0.434401 -0.023183
v 0.378251 0.433067 -0.023183
v 0.378066 0.427063 -0.020292
v 0.378109 0.424394 -0.020959
v 0.378023 0.420614 -0.019624
v 0.377866 0.417500 -0.017178
v 0.377766 0.417278 -0.015622
v 0.377523 0.418168 -0.011841
v 0.377424 0.417723 -0.010285
v 0.377366 0.415944 -0.009395
v 0.377309 0.415721 -0.008506
v 0.376881 0.417945 -0.001834
v 0.376610 0.421726 0.002391
v 0.376639 0.425951 0.001946
v 0.376810 0.427730 -0.000722
v 0.376953 0.426396 -0.002946
v 0.377010 0.427285 -0.003836
v 0.376967 0.429731 -0.003169
v 0.377038 0.432622 -0.004280
v 0.377409 0.437292 -0.010062
v 0.377466 0.437514 -0.010952
v 0.377481 0.436847 -0.011174
v 0.377395 0.433956 -0.009840
v 0.377438 0.431510 -0.010507
v 0.377366 0.430176 -0.009395
v 0.377395 0.428175 -0.009840
v 0.377495 0.427063 -0.011396
v 0.377852 0.430176 -0.016956
v 0.378023 0.436180 -0.019624
v 0.377994 0.437292 -0.019180
v 0.377880 0.437737 -0.017401
v 0.377980 0.438404 -0.018957
v 0.378166 0.437737 -0.021848
v 0.375120 0.333664 -0.060097
v 0.375391 0.331663 -0.064322
v 0.375548 0.328994 -0.066769
v 0.375619 0.326770 -0.067880
v 0.375676 0.322100 -0.068770
v 0.375648 0.318098 -0.068325
v 0.375505 0.313428 -0.066101
v 0.375277 0.310092 -0.062543
v 0.375006 0.308535 -0.058318
v 0.374692 0.308758 -0.053426
v 0.374464 0.310537 -0.049868
v 0.374321 0.312761 -0.047644
v 0.374221 0.315652 -0.046087
v 0.374164 0.320321 -0.045198
v 0.374221 0.325659 -0.046087
v 0.374392 0.330106 -0.048756
v 0.374549 0.332107 -0.051202
v 0.374692 0.333219 -0.053426
v 0.374877 0.333887 -0.056317
v 0.374820 0.327215 -0.055427
v 0.374720 0.325659 -0.053871
v 0.374649 0.322545 -0.052759
v 0.374649 0.319654 -0.052759
v 0.374720 0.316763 -0.053871
v 0.374792 0.315652 -0.054983
v 0.374849 0.315207 -0.055872
v 0.374977 0.315207 -0.057873
v 0.375134 0.317208 -0.060320
v 0.375191 0.319654 -0.061209
v 0.375191 0.323212 -0.061209
v 0.375134 0.325659 -0.060320
v 0.375063 0.326993 -0.059208
v 0.374977 0.327660 -0.057873
v 0.374892 0.327660 -0.056539
v 0.386120 0.333664 -0.060097
v 0.386391 0.331663 -0.064322
v 0.386548 0.328994 -0.066769
v 0.386619 0.326770 -0.067880
v 0.386676 0.322100 -0.068770
v 0.386648 0.318098 -0.068325
v 0.386505 0.313428 -0.066101
v 0.386277 0.310092 -0.062543
v 0.386006 0.308535 -0.058318
v 0.385692 0.308758 -0.053426
v 0.385464 0.310537 -0.049868
v 0.385321 0.312761 -0.047644
v 0.385221 0.315652 -0.046087
v 0.385164 0.320321 -0.045198
v 0.385221 0.325659 -0.046087
v 0.385392 0.330106 -0.048756
v 0.385549 0.332107 -0.051202
v 0.385692 0.333219 -0.053426
v 0.385877 0.333887 -0.056317
v 0.385820 0.327215 -0.055427
v 0.385720 0.325659 -0.053871
v 0.385649 0.322545 -0.052759
v 0.385649 0.319654 -0.052759
v 0.385720 0.316763 -0.053871
v 0.385792 0.315652 -0.054983
v 0.385849 0.315207 -0.055872
v 0.385977 0.315207 -0.057873
v 0.386134 0.317208 -0.060320
v 0.386191 0.319654 -0.061209
v 0.386191 0.323212 -0.061209
v 0.386134 0.325659 -0.060320
v 0.386063 0.326993 -0.059208
v 0.385977 0.327660 -0.057873
v 0.385892 0.327660 -0.056539
v 0.375034 0.355012 -0.058763
v 0.373336 0.308758 -0.032300
v 0.373293 0.308091 -0.031633
v 0.372922 0.308091 -0.025851
v 0.372894 0.308535 -0.025406
v 0.372908 0.309203 -0.025629
v 0.374592 0.354790 -0.051869
v 0.374635 0.355457 -0.052536
v 0.375006 0.355457 -0.058318
v 0.386034 0.355012 -0.058763
v 0.384336 0.308758 -0.032300
v 0.384293 0.308091 -0.031633
v 0.383922 0.308091 -0.025851
v 0.383894 0.308535 -0.025406
v 0.383908 0.309203 -0.025629
v 0.385592 0.354790 -0.051869
v 0.385635 0.355457 -0.052536
v 0.386006 0.355457 -0.058318
v 0.373336 0.355457 -0.032300
v 0.373565 0.353678 -0.035858
v 0.373722 0.351010 -0.038304
v 0.373793 0.348786 -0.039416
v 0.373836 0.345895 -0.040083
v 0.373807 0.340335 -0.039638
v 0.373679 0.336333 -0.037637
v 0.373479 0.333442 -0.034524
v 0.373165 0.331663 -0.029631
v 0.372880 0.331885 -0.025184
v 0.372723 0.332775 -0.022738
v 0.372580 0.334331 -0.020514
v 0.372409 0.338112 -0.017845
v 0.372337 0.343449 -0.016734
v 0.372394 0.348119 -0.017623
v 0.372551 0.352121 -0.020069
v 0.372780 0.354790 -0.023627
v 0.373037 0.355902 -0.027630
v 0.372908 0.348341 -0.025629
v 0.372823 0.345450 -0.024294
v 0.372823 0.341892 -0.024294
v 0.372865 0.340113 -0.024962
v 0.372951 0.338556 -0.026296
v 0.373051 0.337889 -0.027852
v 0.373122 0.337889 -0.028964
v 0.373194 0.338334 -0.030076
v 0.373308 0.340113 -0.031855
v 0.373365 0.342782 -0.032745
v 0.373365 0.345228 -0.032745
v 0.373308 0.347674 -0.031855
v 0.373208 0.349231 -0.030299
v 0.373037 0.349675 -0.027630
v 0.384336 0.355457 -0.032300
v 0.384565 0.353678 -0.035858
v 0.384722 0.351010 -0.038304
v 0.384793 0.348786 -0.039416
v 0.384836 0.345895 -0.040083
v 0.384807 0.340335 -0.039638
v 0.384679 0.336333 -0.037637
v 0.384479 0.333442 -0.034524
v 0.384165 0.331663 -0.029631
v 0.383880 0.331885 -0.025184
v 0.383723 0.332775 -0.022738
v 0.383580 0.334331 -0.020514
v 0.383409 0.338112 -0.017845
v 0.383337 0.343449 -0.016734
v 0.383394 0.348119 -0.017623
v 0.383551 0.352121 -0.020069
v 0.383780 0.354790 -0.023627
v 0.384037 0.355902 -0.027630
v 0.383908 0.348341 -0.025629
v 0.383823 0.345450 -0.024294
v 0.383823 0.341892 -0.024294
v 0.383865 0.340113 -0.024962
v 0.383951 0.338556 -0.026296
v 0.384051 0.337889 -0.027852
v 0.384122 0.337889 -0.028964
v 0.384194 0.338334 -0.030076
v 0.384308 0.340113 -0.031855
v 0.384365 0.342782 -0.032745
v 0.384365 0.345228 -0.032745
v 0.384308 0.347674 -0.031855
v 0.384208 0.349231 -0.030299
v 0.384037 0.349675 -0.027630
v 0.371367 0.402824 -0.001612
v 0.371595 0.399266 -0.005170
v 0.371781 0.395485 -0.008061
v 0.371981 0.389481 -0.011174
v 0.372095 0.383699 -0.012953
v 0.372152 0.378362 -0.013843
v 0.372152 0.372135 -0.013843
v 0.372095 0.366576 -0.012953
v 0.371952 0.360349 -0.010729
v 0.371667 0.352789 -0.006282
v 0.369840 0.319210 0.022183
v 0.369869 0.318765 0.021738
v 0.372366 0.318765 -0.017178
v 0.372394 0.318320 -0.017623
v 0.372394 0.297639 -0.017623
v 0.372366 0.297194 -0.017178
v 0.366787 0.297194 0.069771
v 0.366772 0.298084 0.069994
v 0.370140 0.360572 0.017513
v 0.370411 0.366798 0.013287
v 0.370497 0.369689 0.011953
v 0.370568 0.373692 0.010841
v 0.370582 0.377250 0.010619
v 0.370539 0.381031 0.011286
v 0.370468 0.383699 0.012398
v 0.370354 0.386145 0.014177
v 0.370211 0.388147 0.016401
v 0.370026 0.389703 0.019292
v 0.369812 0.390593 0.022627
v 0.369555 0.390593 0.026630
v 0.369341 0.389703 0.029966
v 0.369198 0.388591 0.032190
v 0.368898 0.384366 0.036859
v 0.368741 0.379919 0.039306
v 0.368670 0.376138 0.040417
v 0.368656 0.372803 0.040640
v 0.368613 0.371691 0.041307
v 0.367158 0.371691 0.063990
v 0.367129 0.372803 0.064434
v 0.367229 0.381253 0.062878
v 0.367357 0.386812 0.060876
v 0.367500 0.391260 0.058652
v 0.367800 0.397709 0.053983
v 0.368185 0.403268 0.047978
v 0.368670 0.407716 0.040417
v 0.369041 0.409717 0.034636
v 0.369583 0.411052 0.026185
v 0.370154 0.410829 0.017290
v 0.370411 0.410162 0.013287
v 0.370696 0.408828 0.008840
v 0.371110 0.405714 0.002391
v 0.382367 0.402824 -0.001612
v 0.382595 0.399266 -0.005170
v 0.382781 0.395485 -0.008061
v 0.382981 0.389481 -0.011174
v 0.383095 0.383699 -0.012953
v 0.383152 0.378362 -0.013843
v 0.383152 0.372135 -0.013843
v 0.383095 0.366576 -0.012953
v 0.382952 0.360349 -0.010729
v 0.382667 0.352789 -0.006282
v 0.380840 0.319210 0.022183
v 0.380869 0.318765 0.021738
v 0.383366 0.318765 -0.017178
v 0.383394 0.318320 -0.017623
v 0.383394 0.297639 -0.017623
v 0.383366 0.297194 -0.017178
v 0.377787 0.297194 0.069771
v 0.377772 0.298084 0.069994
v 0.381140 0.360572 0.017513
v 0.381411 0.366798 0.013287
v 0.381497 0.369689 0.011953
v 0.381568 0.373692 0.010841
v 0.381582 0.377250 0.010619
v 0.381539 0.381031 0.011286
v 0.381468 0.383699 0.012398
v 0.381354 0.386145 0.014177
v 0.381211 0.388147 0.016401
v 0.381026 0.389703 0.019292
v 0.380812 0.390593 0.022627
v 0.380555 0.390593 0.026630
v 0.380341 0.389703 0.029966
v 0.380198 0.388591 0.032190
v 0.379898 0.384366 0.036859
v 0.379741 0.379919 0.039306
v 0.379670 0.376138 0.040417
v 0.379656 0.372803 0.040640
v 0.379613 0.371691 0.041307
v 0.378158 0.371691 0.063990
v 0.378129 0.372803 0.064434
v 0.378229 0.381253 0.062878
v 0.378357 0.386812 0.060876
v 0.378500 0.391260 0.058652
v 0.378800 0.397709 0.053983
v 0.379185 0.403268 0.047978
v 0.379670 0.407716 0.040417
v 0.380041 0.409717 0.034636
v 0.380583 0.411052 0.026185
v 0.381154 0.410829 0.017290
v 0.381411 0.410162 0.013287
v 0.381696 0.408828 0.008840
v 0.382110 0.405714 0.002391
vt 0.492049 1.000000
vt 0.548587 0.992714
vt 0.614841 0.974499
vt 0.700530 0.933515
vt 0.738516 0.908015
vt 0.780035 0.872495
vt 0.810071 0.840619
vt 0.841873 0.798725
vt 0.876325 0.738616
vt 0.899293 0.683060
vt 0.916078 0.665756
vt 0.952297 0.612933
vt 0.952297 0.606557
vt 0.970848 0.576503
vt 0.969965 0.570128
vt 0.984982 0.531876
vt 0.984099 0.524590
vt 0.992933 0.503643
vt 0.992049 0.494536
vt 1.000000 0.463570
vt 1.000000 0.423497
vt 0.994700 0.372495
vt 0.980565 0.309654
vt 0.971731 0.286885
vt 0.968198 0.287796
vt 0.966431 0.312386
vt 0.956714 0.343352
vt 0.940813 0.368852
vt 0.918728 0.389800
vt 0.895760 0.309654
vt 0.865724 0.243169
vt 0.821555 0.175774
vt 0.770318 0.120219
vt 0.699647 0.065574
vt 0.638693 0.033698
vt 0.564488 0.010018
vt 0.496466 0.000000
vt 0.409894 0.003643
vt 0.321555 0.025501
vt 0.242049 0.061931
vt 0.204947 0.085610
vt 0.163428 0.118397
vt 0.105124 0.181239
vt 0.071555 0.229508
vt 0.050353 0.267760
vt 0.016784 0.354281
vt 0.007067 0.396175
vt 0.000000 0.452641
vt 0.000000 0.510018
vt 0.004417 0.560109
vt 0.015018 0.612933
vt 0.028269 0.657559
vt 0.048587 0.708561
vt 0.068021 0.745902
vt 0.096290 0.790528
vt 0.130742 0.834244
vt 0.176678 0.881603
vt 0.208481 0.908015
vt 0.280035 0.951730
vt 0.338339 0.975410
vt 0.380742 0.987250
vt 0.464664 1.000000
vt 0.492049 1.000000
vt 0.548587 0.992714
vt 0.614841 0.974499
vt 0.700530 0.933515
vt 0.738516 0.908015
vt 0.780035 0.872495
vt 0.810071 0.840619
vt 0.841873 0.798725
vt 0.876325 0.738616
vt 0.899293 0.683060
vt 0.916078 0.665756
vt 0.952297 0.612933
vt 0.952297 0.606557
vt 0.970848 0.576503
vt 0.969965 0.570128
vt 0.984982 0.531876
vt 0.984099 0.524590
vt 0.992933 0.503643
vt 0.992049 0.494536
vt 1.000000 0.463570
vt 1.000000 0.423497
vt 0.994700 0.372495
vt 0.980565 0.309654
vt 0.971731 0.286885
vt 0.968198 0.287796
vt 0.966431 0.312386
vt 0.956714 0.343352
vt 0.940813 0.368852
vt 0.918728 0.389800
vt 0.895760 0.309654
vt 0.865724 0.243169
vt 0.821555 0.175774
vt 0.770318 0.120219
vt 0.699647 0.065574
vt 0.638693 0.033698
vt 0.564488 0.010018
vt 0.496466 0.000000
vt 0.409894 0.003643
vt 0.321555 0.025501
vt 0.242049 0.061931
vt 0.204947 0.085610
vt 0.163428 0.118397
vt 0.105124 0.181239
vt 0.071555 0.229508
vt 0.050353 0.267760
vt 0.016784 0.354281
vt 0.007067 0.396175
vt 0.000000 0.452641
vt 0.000000 0.510018
vt 0.004417 0.560109
vt 0.015018 0.612933
vt 0.028269 0.657559
vt 0.048587 0.708561
vt 0.068021 0.745902
vt 0.096290 0.790528
vt 0.130742 0.834244
vt 0.176678 0.881603
vt 0.208481 0.908015
vt 0.280035 0.951730
vt 0.338339 0.975410
vt 0.380742 0.987250
vt 0.464664 1.000000
vt 0.628092 0.780510
vt 0.636926 0.778689
vt 0.653710 0.785064
vt 0.662544 0.783242
vt 0.680212 0.786885
vt 0.683746 0.784153
vt 0.699647 0.785064
vt 0.704064 0.781421
vt 0.721731 0.782332
vt 0.725265 0.779599
vt 0.743816 0.778689
vt 0.749117 0.775046
vt 0.759717 0.774135
vt 0.766784 0.768670
vt 0.781802 0.765938
vt 0.795936 0.756831
vt 0.816254 0.748634
vt 0.820671 0.743169
vt 0.835689 0.735883
vt 0.842756 0.727687
vt 0.856007 0.720401
vt 0.862191 0.712204
vt 0.877208 0.702186
vt 0.889576 0.686703
vt 0.901943 0.677596
vt 0.902827 0.672131
vt 0.912544 0.665756
vt 0.914311 0.661202
vt 0.928445 0.645719
vt 0.930212 0.636612
vt 0.948763 0.614754
vt 0.949647 0.605647
vt 0.967314 0.579235
vt 0.965548 0.571949
vt 0.972615 0.561020
vt 0.976148 0.545537
vt 0.981449 0.536430
vt 0.979682 0.529144
vt 0.990283 0.504554
vt 0.988516 0.496357
vt 0.992933 0.487250
vt 0.993816 0.472678
vt 0.997350 0.465392
vt 0.997350 0.423497
vt 0.993816 0.408015
vt 0.995583 0.388889
vt 0.991166 0.383424
vt 0.990283 0.362477
vt 0.980565 0.327869
vt 0.981449 0.318761
vt 0.978799 0.315118
vt 0.974382 0.317851
vt 0.976148 0.326958
vt 0.971731 0.340619
vt 0.959364 0.344262
vt 0.939929 0.372495
vt 0.905477 0.408015
vt 0.900177 0.409836
vt 0.888693 0.422587
vt 0.883392 0.424408
vt 0.840106 0.469035
vt 0.833039 0.472678
vt 0.821555 0.491803
vt 0.810954 0.500000
vt 0.802120 0.515483
vt 0.792403 0.522769
vt 0.781802 0.538251
vt 0.775618 0.541894
vt 0.761484 0.562842
vt 0.750883 0.571038
vt 0.743816 0.583789
vt 0.734099 0.591075
vt 0.725265 0.607468
vt 0.712898 0.618397
vt 0.706714 0.629326
vt 0.697880 0.636612
vt 0.693463 0.645719
vt 0.641343 0.705829
vt 0.600707 0.745902
vt 0.596290 0.757741
vt 0.604240 0.755009
vt 0.610424 0.748634
vt 0.629859 0.741348
vt 0.655477 0.725865
vt 0.717314 0.683971
vt 0.725265 0.675774
vt 0.731449 0.674863
vt 0.732332 0.678506
vt 0.724382 0.686703
vt 0.682862 0.716758
vt 0.640459 0.743169
vt 0.628092 0.753188
vt 0.615724 0.758652
vt 0.613958 0.761384
vt 0.614841 0.766849
vt 0.612191 0.770492
vt 0.614841 0.774135
vt 0.628092 0.780510
vt 0.636926 0.778689
vt 0.653710 0.785064
vt 0.662544 0.783242
vt 0.680212 0.786885
vt 0.683746 0.784153
vt 0.699647 0.785064
vt 0.704064 0.781421
vt 0.721731 0.782332
vt 0.725265 0.779599
vt 0.743816 0.778689
vt 0.749117 0.775046
vt 0.759717 0.774135
vt 0.766784 0.768670
vt 0.781802 0.765938
vt 0.795936 0.756831
vt 0.816254 0.748634
vt 0.820671 0.743169
vt 0.835689 0.735883
vt 0.842756 0.727687
vt 0.856007 0.720401
vt 0.862191 0.712204
vt 0.877208 0.702186
vt 0.889576 0.686703
vt 0.901943 0.677596
vt 0.902827 0.672131
vt 0.912544 0.665756
vt 0.914311 0.661202
vt 0.928445 0.645719
vt 0.930212 0.636612
vt 0.948763 0.614754
vt 0.949647 0.605647
vt 0.967314 0.579235
vt 0.965548 0.571949
vt 0.972615 0.561020
vt 0.976148 0.545537
vt 0.981449 0.536430
vt 0.979682 0.529144
vt 0.990283 0.504554
vt 0.988516 0.496357
vt 0.992933 0.487250
vt 0.993816 0.472678
vt 0.997350 0.465392
vt 0.997350 0.423497
vt 0.993816 0.408015
vt 0.995583 0.388889
vt 0.991166 0.383424
vt 0.990283 0.362477
vt 0.980565 0.327869
vt 0.981449 0.318761
vt 0.978799 0.315118
vt 0.974382 0.317851
vt 0.976148 0.326958
vt 0.971731 0.340619
vt 0.959364 0.344262
vt 0.939929 0.372495
vt 0.905477 0.408015
vt 0.900177 0.409836
vt 0.888693 0.422587
vt 0.883392 0.424408
vt 0.840106 0.469035
vt 0.833039 0.472678
vt 0.821555 0.491803
vt 0.810954 0.500000
vt 0.802120 0.515483
vt 0.792403 0.522769
vt 0.781802 0.538251
vt 0.775618 0.541894
vt 0.761484 0.562842
vt 0.750883 0.571038
vt 0.743816 0.583789
vt 0.734099 0.591075
vt 0.725265 0.607468
vt 0.712898 0.618397
vt 0.706714 0.629326
vt 0.697880 0.636612
vt 0.693463 0.645719
vt 0.641343 0.705829
vt 0.600707 0.745902
vt 0.596290 0.757741
vt 0.604240 0.755009
vt 0.610424 0.748634
vt 0.629859 0.741348
vt 0.655477 0.725865
vt 0.717314 0.683971
vt 0.725265 0.675774
vt 0.731449 0.674863
vt 0.732332 0.678506
vt 0.724382 0.686703
vt 0.682862 0.716758
vt 0.640459 0.743169
vt 0.628092 0.753188
vt 0.615724 0.758652
vt 0.613958 0.761384
vt 0.614841 0.766849
vt 0.612191 0.770492
vt 0.614841 0.774135
vt 0.609541 0.846084
vt 0.609541 0.840619
vt 0.598057 0.816029
vt 0.600707 0.805100
vt 0.595406 0.789617
vt 0.585689 0.776867
vt 0.579505 0.775956
vt 0.564488 0.779599
vt 0.558304 0.777778
vt 0.554770 0.770492
vt 0.551237 0.769581
vt 0.524735 0.778689
vt 0.507951 0.794171
vt 0.509717 0.811475
vt 0.520318 0.818761
vt 0.529152 0.813297
vt 0.532686 0.816940
vt 0.530035 0.826958
vt 0.534452 0.838798
vt 0.557420 0.857923
vt 0.560954 0.858834
vt 0.561837 0.856102
vt 0.556537 0.844262
vt 0.559187 0.834244
vt 0.554770 0.828780
vt 0.556537 0.820583
vt 0.562721 0.816029
vt 0.584806 0.828780
vt 0.595406 0.853370
vt 0.593640 0.857923
vt 0.586572 0.859745
vt 0.592756 0.862477
vt 0.604240 0.859745
vt 0.609541 0.846084
vt 0.609541 0.840619
vt 0.598057 0.816029
vt 0.600707 0.805100
vt 0.595406 0.789617
vt 0.585689 0.776867
vt 0.579505 0.775956
vt 0.564488 0.779599
vt 0.558304 0.777778
vt 0.554770 0.770492
vt 0.551237 0.769581
vt 0.524735 0.778689
vt 0.507951 0.794171
vt 0.509717 0.811475
vt 0.520318 0.818761
vt 0.529152 0.813297
vt 0.532686 0.816940
vt 0.530035 0.826958
vt 0.534452 0.838798
vt 0.557420 0.857923
vt 0.560954 0.858834
vt 0.561837 0.856102
vt 0.556537 0.844262
vt 0.559187 0.834244
vt 0.554770 0.828780
vt 0.556537 0.820583
vt 0.562721 0.816029
vt 0.584806 0.828780
vt 0.595406 0.853370
vt 0.593640 0.857923
vt 0.586572 0.859745
vt 0.592756 0.862477
vt 0.604240 0.859745
vt 0.756184 0.433515
vt 0.772968 0.425319
vt 0.782686 0.414390
vt 0.787102 0.405282
vt 0.790636 0.386157
vt 0.788869 0.369763
vt 0.780035 0.350638
vt 0.765901 0.336976
vt 0.749117 0.330601
vt 0.729682 0.331512
vt 0.715548 0.338798
vt 0.706714 0.347905
vt 0.700530 0.359745
vt 0.696996 0.378871
vt 0.700530 0.400729
vt 0.711131 0.418944
vt 0.720848 0.427140
vt 0.729682 0.431694
vt 0.741166 0.434426
vt 0.737633 0.407104
vt 0.731449 0.400729
vt 0.727032 0.387978
vt 0.727032 0.376138
vt 0.731449 0.364299
vt 0.735866 0.359745
vt 0.739399 0.357923
vt 0.747350 0.357923
vt 0.757067 0.366120
vt 0.760601 0.376138
vt 0.760601 0.390710
vt 0.757067 0.400729
vt 0.752650 0.406193
vt 0.747350 0.408925
vt 0.742049 0.408925
vt 0.756184 0.433515
vt 0.772968 0.425319
vt 0.782686 0.414390
vt 0.787102 0.405282
vt 0.790636 0.386157
vt 0.788869 0.369763
vt 0.780035 0.350638
vt 0.765901 0.336976
vt 0.749117 0.330601
vt 0.729682 0.331512
vt 0.715548 0.338798
vt 0.706714 0.347905
vt 0.700530 0.359745
vt 0.696996 0.378871
vt 0.700530 0.400729
vt 0.711131 0.418944
vt 0.720848 0.427140
vt 0.729682 0.431694
vt 0.741166 0.434426
vt 0.737633 0.407104
vt 0.731449 0.400729
vt 0.727032 0.387978
vt 0.727032 0.376138
vt 0.731449 0.364299
vt 0.735866 0.359745
vt 0.739399 0.357923
vt 0.747350 0.357923
vt 0.757067 0.366120
vt 0.760601 0.376138
vt 0.760601 0.390710
vt 0.757067 0.400729
vt 0.752650 0.406193
vt 0.747350 0.408925
vt 0.742049 0.408925
vt 0.750883 0.520947
vt 0.645760 0.331512
vt 0.643110 0.328780
vt 0.620141 0.328780
vt 0.618375 0.330601
vt 0.619258 0.333333
vt 0.723498 0.520036
vt 0.726148 0.522769
vt 0.749117 0.522769
vt 0.750883 0.520947
vt 0.645760 0.331512
vt 0.643110 0.328780
vt 0.620141 0.328780
vt 0.618375 0.330601
vt 0.619258 0.333333
vt 0.723498 0.520036
vt 0.726148 0.522769
vt 0.749117 0.522769
vt 0.645760 0.522769
vt 0.659894 0.515483
vt 0.669611 0.504554
vt 0.674028 0.495446
vt 0.676678 0.483607
vt 0.674912 0.460838
vt 0.666961 0.444444
vt 0.654594 0.432605
vt 0.635159 0.425319
vt 0.617491 0.426230
vt 0.607774 0.429872
vt 0.598940 0.436248
vt 0.588339 0.451730
vt 0.583922 0.473588
vt 0.587456 0.492714
vt 0.597173 0.509107
vt 0.611307 0.520036
vt 0.627208 0.524590
vt 0.619258 0.493625
vt 0.613958 0.481785
vt 0.613958 0.467213
vt 0.616608 0.459927
vt 0.621908 0.453552
vt 0.628092 0.450820
vt 0.632509 0.450820
vt 0.636926 0.452641
vt 0.643993 0.459927
vt 0.647527 0.470856
vt 0.647527 0.480874
vt 0.643993 0.490893
vt 0.637809 0.497268
vt 0.627208 0.499089
vt 0.645760 0.522769
vt 0.659894 0.515483
vt 0.669611 0.504554
vt 0.674028 0.495446
vt 0.676678 0.483607
vt 0.674912 0.460838
vt 0.666961 0.444444
vt 0.654594 0.432605
vt 0.635159 0.425319
vt 0.617491 0.426230
vt 0.607774 0.429872
vt 0.598940 0.436248
vt 0.588339 0.451730
vt 0.583922 0.473588
vt 0.587456 0.492714
vt 0.597173 0.509107
vt 0.611307 0.520036
vt 0.627208 0.524590
vt 0.619258 0.493625
vt 0.613958 0.481785
vt 0.613958 0.467213
vt 0.616608 0.459927
vt 0.621908 0.453552
vt 0.628092 0.450820
vt 0.632509 0.450820
vt 0.636926 0.452641
vt 0.643993 0.459927
vt 0.647527 0.470856
vt 0.647527 0.480874
vt 0.643993 0.490893
vt 0.637809 0.497268
vt 0.627208 0.499089
vt 0.523852 0.716758
vt 0.537986 0.702186
vt 0.549470 0.686703
vt 0.561837 0.662113
vt 0.568905 0.638434
vt 0.572438 0.616576
vt 0.572438 0.591075
vt 0.568905 0.568306
vt 0.560071 0.542805
vt 0.542403 0.511840
vt 0.429329 0.374317
vt 0.431095 0.372495
vt 0.585689 0.372495
vt 0.587456 0.370674
vt 0.587456 0.285974
vt 0.585689 0.284153
vt 0.240283 0.284153
vt 0.239399 0.287796
vt 0.447880 0.543716
vt 0.464664 0.569217
vt 0.469965 0.581056
vt 0.474382 0.597450
vt 0.475265 0.612022
vt 0.472615 0.627505
vt 0.468198 0.638434
vt 0.461131 0.648452
vt 0.452297 0.656648
vt 0.440813 0.663024
vt 0.427562 0.666667
vt 0.411661 0.666667
vt 0.398410 0.663024
vt 0.389576 0.658470
vt 0.371025 0.641166
vt 0.361307 0.622951
vt 0.356890 0.607468
vt 0.356007 0.593807
vt 0.353357 0.589253
vt 0.263251 0.589253
vt 0.261484 0.593807
vt 0.267668 0.628415
vt 0.275618 0.651184
vt 0.284452 0.669399
vt 0.303004 0.695811
vt 0.326855 0.718579
vt 0.356890 0.736794
vt 0.379859 0.744991
vt 0.413428 0.750455
vt 0.448763 0.749545
vt 0.464664 0.746812
vt 0.482332 0.741348
vt 0.507951 0.728597
vt 0.523852 0.716758
vt 0.537986 0.702186
vt 0.549470 0.686703
vt 0.561837 0.662113
vt 0.568905 0.638434
vt 0.572438 0.616576
vt 0.572438 0.591075
vt 0.568905 0.568306
vt 0.560071 0.542805
vt 0.542403 0.511840
vt 0.429329 0.374317
vt 0.431095 0.372495
vt 0.585689 0.372495
vt 0.587456 0.370674
vt 0.587456 0.285974
vt 0.585689 0.284153
vt 0.240283 0.284153
vt 0.239399 0.287796
vt 0.447880 0.543716
vt 0.464664 0.569217
vt 0.469965 0.581056
vt 0.474382 0.597450
vt 0.475265 0.612022
vt 0.472615 0.627505
vt 0.468198 0.638434
vt 0.461131 0.648452
vt 0.452297 0.656648
vt 0.440813 0.663024
vt 0.427562 0.666667
vt 0.411661 0.666667
vt 0.398410 0.663024
vt 0.389576 0.658470
vt 0.371025 0.641166
vt 0.361307 0.622951
vt 0.356890 0.607468
vt 0.356007 0.593807
vt 0.353357 0.589253
vt 0.263251 0.589253
vt 0.261484 0.593807
vt 0.267668 0.628415
vt 0.275618 0.651184
vt 0.284452 0.669399
vt 0.303004 0.695811
vt 0.326855 0.718579
vt 0.356890 0.736794
vt 0.379859 0.744991
vt 0.413428 0.750455
vt 0.448763 0.749545
vt 0.464664 0.746812
vt 0.482332 0.741348
vt 0.507951 0.728597
vn -0.9979 0.0000 -0.0640
vn -0.9979 0.0000 -0.0640
vn -0.9979 -0.0000 -0.0640
vn -0.9979 0.0000 -0.0640
vn -0.9979 -0.0000 -0.0640
vn -0.9979 0.0000 -0.0640
vn -0.9979 -0.0000 -0.0640
vn -0.9979 0.0000 -0.0640
vn -0.9979 -0.0000 -0.0640
vn -0.9979 0.0000 -0.0640
vn -0.9979 0.0000 -0.0640
vn -0.9979 -0.0000 -0.0640
vn -0.9979 -0.0000 -0.0640
vn -0.9979 0.0000 -0.0640
vn -0.9979 0.0000 -0.0640
vn -0.9979 -0.0000 -0.0640
vn -0.9979 0.0000 -0.0640
vn -0.9979 -0.0000 -0.0640
vn -0.9979 0.0000 -0.0640
vn -0.9979 -0.0000 -0.0640
vn -0.9979 0.0000 -0.0640
vn -0.9979 -0.0000 -0.0640
vn -0.9979 -0.0000 -0.0640
vn -0.9979 0.0000 -0.0640
vn -0.9979 0.0000 -0.0640
vn -0.9979 0.0000 -0.0640
vn -0.9979 -0.0000 -0.0640
vn -0.9979 0.0000 -0.0640
vn -0.9979 0.0000 -0.0640
vn -0.9979 0.0000 -0.0640
vn -0.9979 -0.0000 -0.0640
vn -0.9979 -0.0000 -0.0640
vn -0.9979 0.0000 -0.0640
vn -0.9979 -0.0000 -0.0640
vn -0.9979 0.0000 -0.0640
vn -0.9979 0.0000 -0.0640
vn -0.9979 -0.0000 -0.0640
vn -0.9979 0.0000 -0.0640
vn -0.9979 -0.0000 -0.0640
vn -0.9979 -0.0000 -0.0640
vn -0.9979 0.0000 -0.0640
vn -0.9979 -0.0000 -0.0640
vn -0.9979 0.0000 -0.0640
vn -0.9979 0.0000 -0.0640
vn -0.9979 -0.0000 -0.0640
vn -0.9979 0.0000 -0.0640
vn -0.9979 -0.0000 -0.0640
vn -0.9979 -0.0000 -0.0640
vn -0.9979 0.0000 -0.0640
vn -0.9979 -0.0000 -0.0640
vn -0.9979 -0.0000 -0.0640
vn -0.9979 0.0000 -0.0640
vn -0.9979 0.0000 -0.0640
vn -0.9979 -0.0000 -0.0640
vn -0.9979 0.0000 -0.0640
vn -0.9979 -0.0000 -0.0640
vn -0.9979 0.0000 -0.0640
vn -0.9979 0.0000 -0.0640
vn -0.9979 0.0000 -0.0640
vn -0.9979 0.0000 -0.0640
vn 0.9979 -0.0000 0.0640
vn 0.9979 -0.0000 0.0640
vn 0.9979 0.0000 0.0640
vn 0.9979 -0.0000 0.0640
vn 0.9979 0.0000 0.0640
vn 0.9979 -0.0000 0.0640
vn 0.9979 0.0000 0.0640
vn 0.9979 -0.0000 0.0640
vn 0.9979 0.0000 0.0640
vn 0.9979 -0.0000 0.0640
vn 0.9979 -0.0000 0.0640
vn 0.9979 0.0000 0.0640
vn 0.9979 0.0000 0.0640
vn 0.9979 0.0000 0.0640
vn 0.9979 -0.0000 0.0640
vn 0.9979 0.0000 0.0640
vn 0.9979 -0.0000 0.0640
vn 0.9979 0.0000 0.0640
vn 0.9979 -0.0000 0.0640
vn 0.9979 0.0000 0.0640
vn 0.9979 -0.0000 0.0640
vn 0.9979 0.0000 0.0640
vn 0.9979 0.0000 0.0640
vn 0.9979 -0.0000 0.0640
vn 0.9979 -0.0000 0.0640
vn 0.9979 -0.0000 0.0640
vn 0.9979 0.0000 0.0640
vn 0.9979 -0.0000 0.0640
vn 0.9979 -0.0000 0.0640
vn 0.9979 -0.0000 0.0640
vn 0.9979 0.0000 0.0640
vn 0.9979 0.0000 0.0640
vn 0.9979 -0.0000 0.0640
vn 0.9979 0.0000 0.0640
vn 0.9979 -0.0000 0.0640
vn 0.9979 -0.0000 0.0640
vn 0.9979 0.0000 0.0640
vn 0.9979 -0.0000 0.0640
vn 0.9979 -0.0000 0.0640
vn 0.9979 0.0000 0.0640
vn 0.9979 -0.0000 0.0640
vn 0.9979 0.0000 0.0640
vn 0.9979 -0.0000 0.0640
vn 0.9979 -0.0000 0.0640
vn 0.9979 -0.0000 0.0640
vn 0.9979 -0.0000 0.0640
vn 0.9979 0.0000 0.0640
vn 0.9979 0.0000 0.0640
vn 0.9979 -0.0000 0.0640
vn 0.9979 0.0000 0.0640
vn 0.9979 0.0000 0.0640
vn 0.9979 -0.0000 0.0640
vn 0.9979 -0.0000 0.0640
vn 0.9979 0.0000 0.0640
vn 0.9979 -0.0000 0.0640
vn 0.9979 0.0000 0.0640
vn 0.9979 -0.0000 0.0640
vn 0.9979 -0.0000 0.0640
vn 0.9979 -0.0000 0.0640
vn 0.9979 0.0000 0.0640
vn 0.0000 0.9923 -0.1240
vn 0.0000 0.9923 -0.1240
vn 0.0000 0.9662 -0.2577
vn 0.0000 0.9662 -0.2577
vn 0.0000 0.9071 -0.4208
vn 0.0000 0.9071 -0.4208
vn 0.0000 0.8380 -0.5457
vn 0.0000 0.8380 -0.5457
vn 0.0000 0.7696 -0.6386
vn 0.0000 0.7696 -0.6386
vn 0.0000 0.6968 -0.7173
vn 0.0000 0.6968 -0.7173
vn 0.0000 0.6163 -0.7875
vn 0.0000 0.6163 -0.7875
vn 0.0000 0.5087 -0.8609
vn 0.0000 0.5087 -0.8609
vn 0.0000 0.3921 -0.9199
vn 0.0000 0.3921 -0.9199
vn 0.0000 0.7071 -0.7071
vn 0.0000 0.7071 -0.7071
vn 0.0000 0.5772 -0.8166
vn 0.0000 0.5772 -0.8166
vn -0.0000 -0.0000 -1.0000
vn -0.0000 -0.0000 -1.0000
vn 0.0000 0.5369 -0.8437
vn 0.0000 0.5369 -0.8437
vn 0.0000 -0.1414 -0.9899
vn -0.0000 -0.1414 -0.9899
vn 0.0000 0.3752 -0.9269
vn 0.0000 0.3752 -0.9269
vn 0.0000 -0.1240 -0.9923
vn -0.0000 -0.1240 -0.9923
vn 0.0000 0.3987 -0.9171
vn 0.0000 0.3987 -0.9171
vn 0.0000 -0.0995 -0.9950
vn -0.0000 -0.0995 -0.9950
vn 0.0000 0.2559 -0.9667
vn 0.0000 0.2559 -0.9667
vn -0.0000 -0.0000 -1.0000
vn -0.0000 -0.0000 -1.0000
vn 0.0000 -0.1065 -0.9943
vn -0.0000 -0.1065 -0.9943
vn 0.0000 -0.2259 -0.9742
vn -0.0000 -0.2259 -0.9742
vn 0.0000 -0.3714 -0.9285
vn -0.0000 -0.3714 -0.9285
vn 0.0000 -0.9701 0.2425
vn 0.0000 -0.9701 0.2425
vn 0.0000 -0.0739 0.9973
vn 0.0000 -0.0739 0.9973
vn 0.0000 -0.3078 0.9514
vn 0.0000 -0.3078 0.9514
vn 0.0000 -0.5408 0.8412
vn 0.0000 -0.5408 0.8412
vn 0.0000 -0.7359 0.6771
vn 0.0000 -0.7359 0.6771
vn 0.0000 -0.2833 -0.9590
vn -0.0000 -0.2833 -0.9590
vn 0.0000 -0.4222 -0.9065
vn -0.0000 -0.4222 -0.9065
vn 0.0000 -0.5599 -0.8286
vn -0.0000 -0.5599 -0.8286
vn 0.0000 -0.6891 -0.7247
vn -0.0000 -0.6891 -0.7247
vn 0.0000 -0.8000 -0.6000
vn -0.0000 -0.8000 -0.6000
vn 0.0000 -0.8918 -0.4524
vn -0.0000 -0.8918 -0.4524
vn 0.0000 -0.9553 -0.2957
vn -0.0000 -0.9553 -0.2957
vn 0.0000 -0.9899 -0.1414
vn -0.0000 -0.9899 -0.1414
vn 0.0000 -0.9992 0.0408
vn 0.0000 -0.9992 0.0408
vn 0.0000 -0.9724 0.2334
vn 0.0000 -0.9724 0.2334
vn 0.0000 -0.9138 0.4061
vn 0.0000 -0.9138 0.4061
vn 0.0000 -0.8503 0.5264
vn 0.0000 -0.8503 0.5264
vn 0.0000 -0.7939 0.6081
vn 0.0000 -0.7939 0.6081
vn 0.0000 -0.6912 0.7226
vn 0.0000 -0.6912 0.7226
vn 0.0000 -0.5827 0.8127
vn 0.0000 -0.5827 0.8127
vn 0.0000 -0.4961 0.8682
vn 0.0000 -0.4961 0.8682
vn 0.0000 -0.3714 0.9285
vn 0.0000 -0.3714 0.9285
vn 0.0000 -0.2326 0.9726
vn 0.0000 -0.2326 0.9726
vn 0.0000 -0.1280 0.9918
vn 0.0000 -0.1280 0.9918
vn 0.0000 -0.0000 1.0000
vn 0.0000 -0.0000 1.0000
vn 0.0000 0.0905 0.9959
vn 0.0000 0.0905 0.9959
vn 0.0000 0.2026 0.9793
vn 0.0000 0.2026 0.9793
vn 0.0000 0.2927 0.9562
vn 0.0000 0.2927 0.9562
vn 0.0000 0.3799 0.9250
vn 0.0000 0.3799 0.9250
vn 0.0000 0.4728 0.8812
vn 0.0000 0.4728 0.8812
vn 0.0000 0.5468 0.8373
vn 0.0000 0.5468 0.8373
vn 0.0000 0.6306 0.7761
vn 0.0000 0.6306 0.7761
vn 0.0000 0.7071 0.7071
vn 0.0000 0.7071 0.7071
vn 0.0000 0.7788 0.6273
vn 0.0000 0.7788 0.6273
vn 0.0000 0.8603 0.5098
vn 0.0000 0.8603 0.5098
vn 0.0000 0.9304 0.3665
vn 0.0000 0.9304 0.3665
vn 0.0000 0.9652 0.2614
vn 0.0000 0.9652 0.2614
vn 0.0000 1.0000 0.0000
vn 0.0000 1.0000 0.0000
vn 0.0000 0.9893 0.1458
vn 0.0000 0.9893 0.1458
vn -0.9979 -0.0000 -0.0640
vn -0.9979 0.0000 -0.0640
vn -0.9979 -0.0000 -0.0640
vn -0.9979 -0.0000 -0.0640
vn -0.9979 0.0000 -0.0640
vn -0.9979 0.0000 -0.0640
vn -0.9979 0.0000 -0.0640
vn -0.9979 -0.0000 -0.0640
vn -0.9979 -0.0000 -0.0640
vn -0.9979 0.0000 -0.0640
vn -0.9979 0.0000 -0.0640
vn -0.9979 0.0000 -0.0640
vn -0.9979 0.0000 -0.0640
vn -0.9979 -0.0000 -0.0640
vn -0.9979 -0.0000 -0.0640
vn -0.9979 -0.0000 -0.0640
vn -0.9979 0.0000 -0.0640
vn -0.9979 -0.0000 -0.0640
vn -0.9979 -0.0000 -0.0640
vn -0.9979 -0.0000 -0.0640
vn -0.9979 -0.0000 -0.0640
vn -0.9979 0.0000 -0.0640
vn -0.9979 0.0000 -0.0640
vn -0.9979 0.0000 -0.0640
vn -0.9979 0.0000 -0.0640
vn -0.9979 -0.0000 -0.0640
vn -0.9979 -0.0000 -0.0640
vn -0.9979 -0.0000 -0.0640
vn -0.9979 -0.0000 -0.0640
vn -0.9979 0.0000 -0.0640
vn -0.9979 -0.0000 -0.0640
vn -0.9979 -0.0000 -0.0640
vn -0.9979 -0.0000 -0.0640
vn -0.9979 -0.0000 -0.0640
vn -0.9979 0.0000 -0.0640
vn -0.9979 -0.0000 -0.0640
vn -0.9979 0.0000 -0.0640
vn -0.9979 0.0000 -0.0640
vn -0.9979 0.0000 -0.0640
vn -0.9979 -0.0000 -0.0640
vn -0.9979 0.0000 -0.0640
vn -0.9979 0.0000 -0.0640
vn -0.9979 -0.0000 -0.0640
vn -0.9979 -0.0000 -0.0640
vn -0.9979 -0.0000 -0.0640
vn -0.9979 0.0000 -0.0640
vn -0.9979 0.0000 -0.0640
vn -0.9979 0.0000 -0.0640
vn -0.9979 0.0000 -0.0640
vn -0.9979 0.0000 -0.0640
vn -0.9979 -0.0000 -0.0640
vn -0.9979 -0.0000 -0.0640
vn -0.9979 -0.0000 -0.0640
vn -0.9979 0.0000 -0.0640
vn -0.9979 -0.0000 -0.0640
vn -0.9979 0.0000 -0.0640
vn -0.9979 0.0000 -0.0640
vn -0.9979 -0.0000 -0.0640
vn -0.9979 -0.0000 -0.0640
vn -0.9979 -0.0000 -0.0640
vn -0.9979 -0.0000 -0.0640
vn -0.9979 0.0000 -0.0640
vn -0.9979 0.0000 -0.0640
vn -0.9979 -0.0000 -0.0640
vn -0.9979 -0.0000 -0.0640
vn -0.9979 0.0000 -0.0640
vn -0.9979 -0.0000 -0.0640
vn -0.9979 -0.0000 -0.0640
vn -0.9979 -0.0000 -0.0640
vn -0.9979 0.0000 -0.0640
vn -0.9979 -0.0000 -0.0640
vn -0.9979 0.0000 -0.0640
vn -0.9979 -0.0000 -0.0640
vn -0.9979 0.0000 -0.0640
vn -0.9979 -0.0000 -0.0640
vn -0.9979 0.0000 -0.0640
vn -0.9979 0.0000 -0.0640
vn -0.9979 0.0000 -0.0640
vn -0.9979 -0.0000 -0.0640
vn -0.9979 0.0000 -0.0640
vn -0.9979 0.0000 -0.0640
vn -0.9979 0.0000 -0.0640
vn -0.9979 0.0000 -0.0640
vn -0.9979 -0.0000 -0.0640
vn -0.9979 0.0000 -0.0640
vn -0.9979 -0.0000 -0.0640
vn -0.9979 0.0000 -0.0640
vn -0.9979 0.0000 -0.0640
vn -0.9979 -0.0000 -0.0640
vn -0.9979 0.0000 -0.0640
vn -0.9979 0.0000 -0.0640
vn -0.9979 -0.0000 -0.0640
vn -0.9979 0.0000 -0.0640
vn -0.9979 -0.0000 -0.0640
vn -0.9979 -0.0000 -0.0640
vn 0.9979 0.0000 0.0640
vn 0.9979 -0.0000 0.0640
vn 0.9979 0.0000 0.0640
vn 0.9979 0.0000 0.0640
vn 0.9979 0.0000 0.0640
vn 0.9979 0.0000 0.0640
vn 0.9979 -0.0000 0.0640
vn 0.9979 0.0000 0.0640
vn 0.9979 0.0000 0.0640
vn 0.9979 -0.0000 0.0640
vn 0.9979 -0.0000 0.0640
vn 0.9979 -0.0000 0.0640
vn 0.9979 -0.0000 0.0640
vn 0.9979 0.0000 0.0640
vn 0.9979 0.0000 0.0640
vn 0.9979 0.0000 0.0640
vn 0.9979 -0.0000 0.0640
vn 0.9979 0.0000 0.0640
vn 0.9979 0.0000 0.0640
vn 0.9979 0.0000 0.0640
vn 0.9979 0.0000 0.0640
vn 0.9979 -0.0000 0.0640
vn 0.9979 -0.0000 0.0640
vn 0.9979 -0.0000 0.0640
vn 0.9979 -0.0000 0.0640
vn 0.9979 0.0000 0.0640
vn 0.9979 0.0000 0.0640
vn 0.9979 0.0000 0.0640
vn 0.9979 0.0000 0.0640
vn 0.9979 -0.0000 0.0640
vn 0.9979 0.0000 0.0640
vn 0.9979 0.0000 0.0640
vn 0.9979 0.0000 0.0640
vn 0.9979 -0.0000 0.0640
vn 0.9979 0.0000 0.0640
vn 0.9979 -0.0000 0.0640
vn 0.9979 -0.0000 0.0640
vn 0.9979 -0.0000 0.0640
vn 0.9979 -0.0000 0.0640
vn 0.9979 0.0000 0.0640
vn 0.9979 -0.0000 0.0640
vn 0.9979 -0.0000 0.0640
vn 0.9979 0.0000 0.0640
vn 0.9979 0.0000 0.0640
vn 0.9979 0.0000 0.0640
vn 0.9979 -0.0000 0.0640
vn 0.9979 -0.0000 0.0640
vn 0.9979 -0.0000 0.0640
vn 0.9979 -0.0000 0.0640
vn 0.9979 -0.0000 0.0640
vn 0.9979 0.0000 0.0640
vn 0.9979 0.0000 0.0640
vn 0.9979 0.0000 0.0640
vn 0.9979 -0.0000 0.0640
vn 0.9979 0.0000 0.0640
vn 0.9979 -0.0000 0.0640
vn 0.9979 -0.0000 0.0640
vn 0.9979 0.0000 0.0640
vn 0.9979 0.0000 0.0640
vn 0.9979 0.0000 0.0640
vn 0.9979 0.0000 0.0640
vn 0.9979 0.0000 0.0640
vn 0.9979 0.0000 0.0640
vn 0.9979 0.0000 0.0640
vn 0.9979 0.0000 0.0640
vn 0.9979 -0.0000 0.0640
vn 0.9979 0.0000 0.0640
vn 0.9979 0.0000 0.0640
vn 0.9979 0.0000 0.0640
vn 0.9979 -0.0000 0.0640
vn 0.9979 0.0000 0.0640
vn 0.9979 -0.0000 0.0640
vn 0.9979 0.0000 0.0640
vn 0.9979 -0.0000 0.0640
vn 0.9979 0.0000 0.0640
vn 0.9979 -0.0000 0.0640
vn 0.9979 -0.0000 0.0640
vn 0.9979 -0.0000 0.0640
vn 0.9979 0.0000 0.0640
vn 0.9979 -0.0000 0.0640
vn 0.9979 -0.0000 0.0640
vn 0.9979 0.0000 0.0640
vn 0.9979 -0.0000 0.0640
vn 0.9979 0.0000 0.0640
vn 0.9979 -0.0000 0.0640
vn 0.9979 0.0000 0.0640
vn 0.9979 -0.0000 0.0640
vn 0.9979 -0.0000 0.0640
vn 0.9979 0.0000 0.0640
vn 0.9979 -0.0000 0.0640
vn 0.9979 -0.0000 0.0640
vn 0.9979 0.0000 0.0640
vn 0.9979 -0.0000 0.0640
vn 0.9979 0.0000 0.0640
vn 0.9979 0.0000 0.0640
vn 0.0000 0.9806 -0.1961
vn 0.0000 0.9806 -0.1961
vn 0.0000 0.9383 0.3457
vn 0.0000 0.9383 0.3457
vn 0.0000 0.9806 -0.1961
vn 0.0000 0.9806 -0.1961
vn 0.0000 0.9806 0.1961
vn 0.0000 0.9806 0.1961
vn 0.0000 0.8000 -0.6000
vn 0.0000 0.8000 -0.6000
vn 0.0000 0.9985 0.0555
vn 0.0000 0.9985 0.0555
vn 0.0000 0.7809 -0.6247
vn 0.0000 0.7809 -0.6247
vn 0.0000 0.9988 0.0499
vn 0.0000 0.9988 0.0499
vn 0.0000 0.8000 -0.6000
vn 0.0000 0.8000 -0.6000
vn 0.0000 0.9989 -0.0476
vn 0.0000 0.9989 -0.0476
vn 0.0000 0.8321 -0.5547
vn 0.0000 0.8321 -0.5547
vn 0.0000 0.9965 -0.0830
vn 0.0000 0.9965 -0.0830
vn 0.0000 0.8000 -0.6000
vn 0.0000 0.8000 -0.6000
vn 0.0000 0.9848 -0.1738
vn 0.0000 0.9848 -0.1738
vn 0.0000 0.8480 -0.5300
vn 0.0000 0.8480 -0.5300
vn 0.0000 0.9312 -0.3644
vn 0.0000 0.9312 -0.3644
vn 0.0000 0.6402 -0.7682
vn 0.0000 0.6402 -0.7682
vn 0.0000 0.9048 -0.4258
vn 0.0000 0.9048 -0.4258
vn 0.0000 0.6644 -0.7474
vn 0.0000 0.6644 -0.7474
vn 0.0000 0.8824 -0.4706
vn 0.0000 0.8824 -0.4706
vn 0.0000 0.6139 -0.7894
vn 0.0000 0.6139 -0.7894
vn 0.0000 0.8396 -0.5433
vn 0.0000 0.8396 -0.5433
vn 0.0000 0.6357 -0.7719
vn 0.0000 0.6357 -0.7719
vn 0.0000 0.8137 -0.5812
vn 0.0000 0.8137 -0.5812
vn 0.0000 0.1644 -0.9864
vn 0.0000 0.1644 -0.9864
vn 0.0000 0.8437 -0.5369
vn 0.0000 0.8437 -0.5369
vn 0.0000 0.3714 -0.9285
vn 0.0000 0.3714 -0.9285
vn 0.0000 0.6854 -0.7282
vn 0.0000 0.6854 -0.7282
vn 0.0000 0.1961 -0.9806
vn 0.0000 0.1961 -0.9806
vn 0.0000 0.6585 -0.7526
vn 0.0000 0.6585 -0.7526
vn 0.0000 0.0995 -0.9950
vn 0.0000 0.0995 -0.9950
vn 0.0000 0.5677 -0.8232
vn 0.0000 0.5677 -0.8232
vn 0.0000 -0.2425 -0.9701
vn -0.0000 -0.2425 -0.9701
vn 0.0000 0.5547 -0.8321
vn 0.0000 0.5547 -0.8321
vn 0.0000 0.2290 -0.9734
vn 0.0000 0.2290 -0.9734
vn 0.0000 0.5145 -0.8575
vn 0.0000 0.5145 -0.8575
vn 0.0000 -0.2425 -0.9701
vn -0.0000 -0.2425 -0.9701
vn 0.0000 0.4061 -0.9138
vn 0.0000 0.4061 -0.9138
vn 0.0000 -0.2169 -0.9762
vn -0.0000 -0.2169 -0.9762
vn 0.0000 0.4472 -0.8944
vn 0.0000 0.4472 -0.8944
vn 0.0000 0.0624 -0.9981
vn 0.0000 0.0624 -0.9981
vn 0.0000 0.4472 -0.8944
vn 0.0000 0.4472 -0.8944
vn -0.0000 -0.0000 -1.0000
vn -0.0000 -0.0000 -1.0000
vn 0.0000 -0.2290 -0.9734
vn -0.0000 -0.2290 -0.9734
vn 0.0000 0.0948 -0.9955
vn 0.0000 0.0948 -0.9955
vn 0.0000 -0.6402 -0.7682
vn -0.0000 -0.6402 -0.7682
vn 0.0000 -0.0434 -0.9991
vn -0.0000 -0.0434 -0.9991
vn 0.0000 -0.2781 -0.9606
vn -0.0000 -0.2781 -0.9606
vn 0.0000 0.0995 -0.9950
vn 0.0000 0.0995 -0.9950
vn 0.0000 -0.6000 -0.8000
vn -0.0000 -0.6000 -0.8000
vn 0.0000 -0.8575 0.5145
vn 0.0000 -0.8575 0.5145
vn 0.0000 0.1961 0.9806
vn 0.0000 0.1961 0.9806
vn 0.0000 -0.3162 0.9487
vn 0.0000 -0.3162 0.9487
vn 0.0000 -0.9615 0.2747
vn 0.0000 -0.9615 0.2747
vn 0.0000 -0.5787 0.8155
vn 0.0000 -0.5787 0.8155
vn 0.0000 -0.7071 0.7071
vn 0.0000 -0.7071 0.7071
vn 0.0000 -0.9487 0.3162
vn 0.0000 -0.9487 0.3162
vn 0.0000 -0.6805 0.7328
vn 0.0000 -0.6805 0.7328
vn 0.0000 -0.9487 0.3162
vn 0.0000 -0.9487 0.3162
vn 0.0000 -0.7071 0.7071
vn 0.0000 -0.7071 0.7071
vn 0.0000 -0.8944 0.4472
vn 0.0000 -0.8944 0.4472
vn 0.0000 -0.5264 0.8503
vn 0.0000 -0.5264 0.8503
vn 0.0000 -0.8000 0.6000
vn 0.0000 -0.8000 0.6000
vn 0.0000 -0.5070 0.8619
vn 0.0000 -0.5070 0.8619
vn 0.0000 -0.8087 0.5882
vn 0.0000 -0.8087 0.5882
vn 0.0000 -0.5767 0.8170
vn 0.0000 -0.5767 0.8170
vn 0.0000 -0.8682 0.4961
vn 0.0000 -0.8682 0.4961
vn 0.0000 -0.5711 0.8209
vn 0.0000 -0.5711 0.8209
vn 0.0000 -0.8000 0.6000
vn 0.0000 -0.8000 0.6000
vn 0.0000 -0.4961 0.8682
vn 0.0000 -0.4961 0.8682
vn 0.0000 -0.8087 0.5882
vn 0.0000 -0.8087 0.5882
vn 0.0000 -0.4856 0.8742
vn 0.0000 -0.4856 0.8742
vn 0.0000 -0.7593 0.6508
vn 0.0000 -0.7593 0.6508
vn 0.0000 -0.5039 0.8638
vn 0.0000 -0.5039 0.8638
vn 0.0000 -0.7809 0.6247
vn 0.0000 -0.7809 0.6247
vn 0.0000 -0.4472 0.8944
vn 0.0000 -0.4472 0.8944
vn 0.0000 -0.6665 0.7455
vn 0.0000 -0.6665 0.7455
vn 0.0000 -0.7226 0.6912
vn 0.0000 -0.7226 0.6912
vn 0.0000 -0.3590 0.9333
vn 0.0000 -0.3590 0.9333
vn 0.0000 0.9487 -0.3162
vn 0.0000 0.9487 -0.3162
vn 0.0000 0.7071 -0.7071
vn 0.0000 0.7071 -0.7071
vn 0.0000 0.9398 -0.3417
vn 0.0000 0.9398 -0.3417
vn 0.0000 0.8627 -0.5057
vn 0.0000 0.8627 -0.5057
vn 0.0000 0.8357 -0.5492
vn 0.0000 0.8357 -0.5492
vn 0.0000 0.7071 -0.7071
vn 0.0000 0.7071 -0.7071
vn 0.0000 0.9899 -0.1414
vn 0.0000 0.9899 -0.1414
vn 0.0000 0.2425 0.9701
vn 0.0000 0.2425 0.9701
vn 0.0000 -0.7071 0.7071
vn 0.0000 -0.7071 0.7071
vn 0.0000 -0.8184 0.5746
vn 0.0000 -0.8184 0.5746
vn 0.0000 -0.8559 0.5171
vn 0.0000 -0.8559 0.5171
vn 0.0000 -0.7863 0.6178
vn 0.0000 -0.7863 0.6178
vn 0.0000 -0.9191 0.3939
vn 0.0000 -0.9191 0.3939
vn 0.0000 -0.5547 0.8321
vn 0.0000 -0.5547 0.8321
vn 0.0000 0.1644 0.9864
vn 0.0000 0.1644 0.9864
vn 0.0000 -0.6000 0.8000
vn 0.0000 -0.6000 0.8000
vn 0.0000 0.9062 0.4229
vn 0.0000 0.9062 0.4229
vn 0.0000 0.6000 0.8000
vn 0.0000 0.6000 0.8000
vn -0.9979 0.0000 -0.0640
vn -0.9979 0.0000 -0.0640
vn -0.9979 0.0000 -0.0640
vn -0.9979 -0.0000 -0.0640
vn -0.9979 0.0000 -0.0640
vn -0.9979 0.0000 -0.0640
vn -0.9979 0.0000 -0.0640
vn -0.9979 -0.0000 -0.0640
vn -0.9979 0.0000 -0.0640
vn -0.9979 -0.0000 -0.0640
vn -0.9979 0.0000 -0.0640
vn -0.9979 0.0000 -0.0640
vn -0.9979 0.0000 -0.0640
vn -0.9979 0.0000 -0.0640
vn -0.9979 -0.0000 -0.0640
vn -0.9979 0.0000 -0.0640
vn -0.9979 -0.0000 -0.0640
vn -0.9979 -0.0000 -0.0640
vn -0.9979 0.0000 -0.0640
vn -0.9979 0.0000 -0.0640
vn -0.9979 0.0000 -0.0640
vn -0.9979 -0.0000 -0.0640
vn -0.9979 0.0000 -0.0640
vn -0.9979 -0.0000 -0.0640
vn -0.9979 -0.0000 -0.0640
vn -0.9979 -0.0000 -0.0640
vn -0.9979 -0.0000 -0.0640
vn -0.9979 -0.0000 -0.0640
vn -0.9979 0.0000 -0.0640
vn -0.9979 -0.0000 -0.0640
vn -0.9979 -0.0000 -0.0640
vn 0.9979 -0.0000 0.0640
vn 0.9979 -0.0000 0.0640
vn 0.9979 -0.0000 0.0640
vn 0.9979 0.0000 0.0640
vn 0.9979 -0.0000 0.0640
vn 0.9979 -0.0000 0.0640
vn 0.9979 -0.0000 0.0640
vn 0.9979 0.0000 0.0640
vn 0.9979 -0.0000 0.0640
vn 0.9979 0.0000 0.0640
vn 0.9979 -0.0000 0.0640
vn 0.9979 -0.0000 0.0640
vn 0.9979 -0.0000 0.0640
vn 0.9979 -0.0000 0.0640
vn 0.9979 0.0000 0.0640
vn 0.9979 -0.0000 0.0640
vn 0.9979 0.0000 0.0640
vn 0.9979 0.0000 0.0640
vn 0.9979 -0.0000 0.0640
vn 0.9979 -0.0000 0.0640
vn 0.9979 -0.0000 0.0640
vn 0.9979 -0.0000 0.0640
vn 0.9979 -0.0000 0.0640
vn 0.9979 0.0000 0.0640
vn 0.9979 0.0000 0.0640
vn 0.9979 0.0000 0.0640
vn 0.9979 0.0000 0.0640
vn 0.9979 0.0000 0.0640
vn 0.9979 -0.0000 0.0640
vn 0.9979 0.0000 0.0640
vn 0.9979 0.0000 0.0640
vn -0.0000 -0.0000 -1.0000
vn -0.0000 -0.0000 -1.0000
vn 0.0000 -0.4338 -0.9010
vn -0.0000 -0.4338 -0.9010
vn 0.0000 0.2425 -0.9701
vn 0.0000 0.2425 -0.9701
vn 0.0000 -0.3328 -0.9430
vn -0.0000 -0.3328 -0.9430
vn 0.0000 -0.6178 -0.7863
vn -0.0000 -0.6178 -0.7863
vn 0.0000 -0.9899 -0.1414
vn -0.0000 -0.9899 -0.1414
vn 0.0000 -0.9734 0.2290
vn 0.0000 -0.9734 0.2290
vn 0.0000 -0.9615 -0.2747
vn -0.0000 -0.9615 -0.2747
vn 0.0000 -0.4472 -0.8944
vn -0.0000 -0.4472 -0.8944
vn 0.0000 -0.9701 -0.2425
vn -0.0000 -0.9701 -0.2425
vn 0.0000 -0.9487 0.3162
vn 0.0000 -0.9487 0.3162
vn 0.0000 -0.7452 0.6668
vn 0.0000 -0.7452 0.6668
vn 0.0000 0.1047 0.9945
vn 0.0000 0.1047 0.9945
vn 0.0000 0.8321 0.5547
vn 0.0000 0.8321 0.5547
vn 0.0000 0.8575 -0.5145
vn 0.0000 0.8575 -0.5145
vn 0.0000 0.7071 0.7071
vn 0.0000 0.7071 0.7071
vn 0.0000 -0.2631 0.9648
vn 0.0000 -0.2631 0.9648
vn 0.0000 0.3590 0.9333
vn 0.0000 0.3590 0.9333
vn 0.0000 0.7779 0.6283
vn 0.0000 0.7779 0.6283
vn 0.0000 0.9701 0.2425
vn 0.0000 0.9701 0.2425
vn 0.0000 0.3162 -0.9487
vn 0.0000 0.3162 -0.9487
vn 0.0000 -0.4191 -0.9080
vn -0.0000 -0.4191 -0.9080
vn 0.0000 0.2631 -0.9648
vn 0.0000 0.2631 -0.9648
vn 0.0000 -0.6402 -0.7682
vn -0.0000 -0.6402 -0.7682
vn 0.0000 0.2169 -0.9762
vn 0.0000 0.2169 -0.9762
vn 0.0000 0.8137 -0.5812
vn 0.0000 0.8137 -0.5812
vn 0.0000 0.8725 0.4886
vn 0.0000 0.8725 0.4886
vn 0.0000 0.4061 0.9138
vn 0.0000 0.4061 0.9138
vn 0.0000 -0.3714 0.9285
vn 0.0000 -0.3714 0.9285
vn 0.0000 -0.9701 0.2425
vn 0.0000 -0.9701 0.2425
vn 0.0000 0.9191 0.3939
vn 0.0000 0.9191 0.3939
vn 0.0000 0.3714 -0.9285
vn 0.0000 0.3714 -0.9285
vn 0.0000 0.9744 -0.2249
vn 0.0000 0.9744 -0.2249
vn -0.9979 -0.0000 -0.0640
vn -0.9979 0.0000 -0.0640
vn -0.9979 -0.0000 -0.0640
vn -0.9979 -0.0000 -0.0640
vn -0.9979 -0.0000 -0.0640
vn -0.9979 0.0000 -0.0640
vn -0.9979 -0.0000 -0.0640
vn -0.9979 0.0000 -0.0640
vn -0.9979 0.0000 -0.0640
vn -0.9979 0.0000 -0.0640
vn -0.9979 0.0000 -0.0640
vn -0.9979 0.0000 -0.0640
vn -0.9979 -0.0000 -0.0640
vn -0.9979 0.0000 -0.0640
vn -0.9979 0.0000 -0.0640
vn -0.9979 -0.0000 -0.0640
vn -0.9979 0.0000 -0.0640
vn -0.9979 0.0000 -0.0640
vn -0.9979 -0.0000 -0.0640
vn -0.9979 0.0000 -0.0640
vn -0.9979 -0.0000 -0.0640
vn -0.9979 -0.0000 -0.0640
vn -0.9979 0.0000 -0.0640
vn -0.9979 -0.0000 -0.0640
vn -0.9979 -0.0000 -0.0640
vn -0.9979 0.0000 -0.0640
vn -0.9979 -0.0000 -0.0640
vn -0.9979 0.0000 -0.0640
vn -0.9979 0.0000 -0.0640
vn -0.9979 -0.0000 -0.0640
vn -0.9979 0.0000 -0.0640
vn -0.9979 -0.0000 -0.0640
vn -0.9979 -0.0000 -0.0640
vn -0.9979 -0.0000 -0.0640
vn 0.9979 -0.0000 0.0640
vn 0.9979 -0.0000 0.0640
vn 0.9979 0.0000 0.0640
vn 0.9979 0.0000 0.0640
vn 0.9979 0.0000 0.0640
vn 0.9979 -0.0000 0.0640
vn 0.9979 0.0000 0.0640
vn 0.9979 -0.0000 0.0640
vn 0.9979 -0.0000 0.0640
vn 0.9979 -0.0000 0.0640
vn 0.9979 -0.0000 0.0640
vn 0.9979 -0.0000 0.0640
vn 0.9979 0.0000 0.0640
vn 0.9979 -0.0000 0.0640
vn 0.9979 -0.0000 0.0640
vn 0.9979 0.0000 0.0640
vn 0.9979 -0.0000 0.0640
vn 0.9979 -0.0000 0.0640
vn 0.9979 0.0000 0.0640
vn 0.9979 -0.0000 0.0640
vn 0.9979 0.0000 0.0640
vn 0.9979 0.0000 0.0640
vn 0.9979 -0.0000 0.0640
vn 0.9979 0.0000 0.0640
vn 0.9979 0.0000 0.0640
vn 0.9979 -0.0000 0.0640
vn 0.9979 0.0000 0.0640
vn 0.9979 -0.0000 0.0640
vn 0.9979 0.0000 0.0640
vn 0.9979 0.0000 0.0640
vn 0.9979 -0.0000 0.0640
vn 0.9979 0.0000 0.0640
vn 0.9979 0.0000 0.0640
vn 0.9979 0.0000 0.0640
vn 0.0000 0.9037 -0.4281
vn 0.0000 0.9037 -0.4281
vn 0.0000 0.6757 -0.7372
vn 0.0000 0.6757 -0.7372
vn 0.0000 0.4472 -0.8944
vn 0.0000 0.4472 -0.8944
vn 0.0000 0.1871 -0.9823
vn 0.0000 0.1871 -0.9823
vn 0.0000 -0.1104 -0.9939
vn -0.0000 -0.1104 -0.9939
vn 0.0000 -0.4299 -0.9029
vn -0.0000 -0.4299 -0.9029
vn 0.0000 -0.7295 -0.6839
vn -0.0000 -0.7295 -0.6839
vn 0.0000 -0.9383 -0.3457
vn -0.0000 -0.9383 -0.3457
vn 0.0000 -0.9990 0.0454
vn 0.0000 -0.9990 0.0454
vn 0.0000 -0.8944 0.4472
vn 0.0000 -0.8944 0.4472
vn 0.0000 -0.7071 0.7071
vn 0.0000 -0.7071 0.7071
vn 0.0000 -0.4741 0.8805
vn 0.0000 -0.4741 0.8805
vn 0.0000 -0.1871 0.9823
vn 0.0000 -0.1871 0.9823
vn 0.0000 0.1644 0.9864
vn 0.0000 0.1644 0.9864
vn 0.0000 0.5145 0.8575
vn 0.0000 0.5145 0.8575
vn 0.0000 0.7740 0.6332
vn 0.0000 0.7740 0.6332
vn 0.0000 0.8944 0.4472
vn 0.0000 0.8944 0.4472
vn 0.0000 0.9983 -0.0587
vn 0.0000 0.9983 -0.0587
vn 0.0000 0.9744 0.2249
vn 0.0000 0.9744 0.2249
vn 0.0000 -0.7071 -0.7071
vn -0.0000 -0.7071 -0.7071
vn 0.0000 -0.3363 -0.9417
vn -0.0000 -0.3363 -0.9417
vn -0.0000 -0.0000 -1.0000
vn -0.0000 -0.0000 -1.0000
vn 0.0000 0.3590 -0.9333
vn 0.0000 0.3590 -0.9333
vn 0.0000 0.7071 -0.7071
vn 0.0000 0.7071 -0.7071
vn 0.0000 0.8944 -0.4472
vn 0.0000 0.8944 -0.4472
vn 0.0000 1.0000 0.0000
vn 0.0000 1.0000 0.0000
vn 0.0000 0.7740 0.6332
vn 0.0000 0.7740 0.6332
vn 0.0000 0.3417 0.9398
vn 0.0000 0.3417 0.9398
vn 0.0000 -0.0000 1.0000
vn 0.0000 -0.0000 1.0000
vn 0.0000 -0.3417 0.9398
vn 0.0000 -0.3417 0.9398
vn 0.0000 -0.6402 0.7682
vn 0.0000 -0.6402 0.7682
vn 0.0000 -0.8944 0.4472
vn 0.0000 -0.8944 0.4472
vn 0.0000 -0.9285 -0.3714
vn -0.0000 -0.9285 -0.3714
vn -0.0000 -1.0000 0.0000
vn 0.0000 -1.0000 0.0000
vn -0.9979 -0.0000 -0.0640
vn -0.9979 -0.0000 -0.0640
vn -0.9979 0.0000 -0.0640
vn -0.9979 -0.0000 -0.0640
vn -0.9979 -0.0000 -0.0640
vn -0.9979 -0.0000 -0.0640
vn -0.9979 0.0000 -0.0640
vn 0.9979 0.0000 0.0640
vn 0.9979 0.0000 0.0640
vn 0.9979 -0.0000 0.0640
vn 0.9979 0.0000 0.0640
vn 0.9979 0.0000 0.0640
vn 0.9979 0.0000 0.0640
vn 0.9979 -0.0000 0.0640
vn 0.0000 -0.4966 -0.8680
vn -0.0000 -0.4966 -0.8680
vn 0.0000 -0.7071 -0.7071
vn -0.0000 -0.7071 -0.7071
vn -0.0000 -1.0000 0.0000
vn 0.0000 -1.0000 0.0000
vn 0.0000 -0.7071 0.7071
vn 0.0000 -0.7071 0.7071
vn 0.0000 0.3162 0.9487
vn 0.0000 0.3162 0.9487
vn 0.0000 0.4989 0.8667
vn 0.0000 0.4989 0.8667
vn 0.0000 0.7071 0.7071
vn 0.0000 0.7071 0.7071
vn 0.0000 0.7071 -0.7071
vn 0.0000 0.7071 -0.7071
vn 0.0000 1.0000 0.0000
vn 0.0000 1.0000 0.0000
vn -0.9979 -0.0000 -0.0640
vn -0.9979 -0.0000 -0.0640
vn -0.9979 -0.0000 -0.0640
vn -0.9979 0.0000 -0.0640
vn -0.9979 -0.0000 -0.0640
vn -0.9979 0.0000 -0.0640
vn -0.9979 -0.0000 -0.0640
vn -0.9979 -0.0000 -0.0640
vn -0.9979 -0.0000 -0.0640
vn -0.9979 0.0000 -0.0640
vn -0.9979 0.0000 -0.0640
vn -0.9979 0.0000 -0.0640
vn -0.9979 -0.0000 -0.0640
vn -0.9979 0.0000 -0.0640
vn -0.9979 -0.0000 -0.0640
vn -0.9979 0.0000 -0.0640
vn -0.9979 -0.0000 -0.0640
vn -0.9979 -0.0000 -0.0640
vn -0.9979 0.0000 -0.0640
vn -0.9979 0.0000 -0.0640
vn -0.9979 0.0000 -0.0640
vn -0.9979 0.0000 -0.0640
vn -0.9979 -0.0000 -0.0640
vn -0.9979 0.0000 -0.0640
vn -0.9979 -0.0000 -0.0640
vn -0.9979 0.0000 -0.0640
vn -0.9979 -0.0000 -0.0640
vn -0.9979 0.0000 -0.0640
vn -0.9979 -0.0000 -0.0640
vn -0.9979 -0.0000 -0.0640
vn -0.9979 -0.0000 -0.0640
vn -0.9979 -0.0000 -0.0640
vn 0.9979 -0.0000 0.0640
vn 0.9979 0.0000 0.0640
vn 0.9979 0.0000 0.0640
vn 0.9979 -0.0000 0.0640
vn 0.9979 0.0000 0.0640
vn 0.9979 -0.0000 0.0640
vn 0.9979 0.0000 0.0640
vn 0.9979 0.0000 0.0640
vn 0.9979 0.0000 0.0640
vn 0.9979 -0.0000 0.0640
vn 0.9979 -0.0000 0.0640
vn 0.9979 -0.0000 0.0640
vn 0.9979 0.0000 0.0640
vn 0.9979 -0.0000 0.0640
vn 0.9979 0.0000 0.0640
vn 0.9979 -0.0000 0.0640
vn 0.9979 0.0000 0.0640
vn 0.9979 0.0000 0.0640
vn 0.9979 -0.0000 0.0640
vn 0.9979 -0.0000 0.0640
vn 0.9979 -0.0000 0.0640
vn 0.9979 -0.0000 0.0640
vn 0.9979 0.0000 0.0640
vn 0.9979 -0.0000 0.0640
vn 0.9979 0.0000 0.0640
vn 0.9979 0.0000 0.0640
vn 0.9979 0.0000 0.0640
vn 0.9979 0.0000 0.0640
vn 0.9979 0.0000 0.0640
vn 0.9979 0.0000 0.0640
vn 0.9979 0.0000 0.0640
vn 0.9979 0.0000 0.0640
vn 0.0000 0.8944 -0.4472
vn 0.0000 0.8944 -0.4472
vn 0.0000 0.6757 -0.7372
vn 0.0000 0.6757 -0.7372
vn 0.0000 0.4472 -0.8944
vn 0.0000 0.4472 -0.8944
vn 0.0000 0.2249 -0.9744
vn 0.0000 0.2249 -0.9744
vn 0.0000 -0.0797 -0.9968
vn -0.0000 -0.0797 -0.9968
vn 0.0000 -0.4472 -0.8944
vn -0.0000 -0.4472 -0.8944
vn 0.0000 -0.7328 -0.6805
vn -0.0000 -0.7328 -0.6805
vn 0.0000 -0.9398 -0.3417
vn -0.0000 -0.9398 -0.3417
vn 0.0000 -0.9988 0.0499
vn 0.0000 -0.9988 0.0499
vn 0.0000 -0.9398 0.3417
vn 0.0000 -0.9398 0.3417
vn 0.0000 -0.8192 0.5735
vn 0.0000 -0.8192 0.5735
vn 0.0000 -0.5767 0.8170
vn 0.0000 -0.5767 0.8170
vn 0.0000 -0.2040 0.9790
vn 0.0000 -0.2040 0.9790
vn 0.0000 0.1871 0.9823
vn 0.0000 0.1871 0.9823
vn 0.0000 0.5215 0.8533
vn 0.0000 0.5215 0.8533
vn 0.0000 0.8000 0.6000
vn 0.0000 0.8000 0.6000
vn 0.0000 0.9955 -0.0948
vn 0.0000 0.9955 -0.0948
vn 0.0000 0.9635 0.2676
vn 0.0000 0.9635 0.2676
vn 0.0000 -0.4191 -0.9080
vn -0.0000 -0.4191 -0.9080
vn -0.0000 -0.0000 -1.0000
vn -0.0000 -0.0000 -1.0000
vn 0.0000 0.3511 -0.9363
vn 0.0000 0.3511 -0.9363
vn 0.0000 0.6508 -0.7593
vn 0.0000 0.6508 -0.7593
vn 0.0000 0.9191 -0.3939
vn 0.0000 0.9191 -0.3939
vn 0.0000 1.0000 0.0000
vn 0.0000 1.0000 0.0000
vn 0.0000 0.9285 0.3714
vn 0.0000 0.9285 0.3714
vn 0.0000 0.7071 0.7071
vn 0.0000 0.7071 0.7071
vn 0.0000 0.3162 0.9487
vn 0.0000 0.3162 0.9487
vn 0.0000 -0.0000 1.0000
vn 0.0000 -0.0000 1.0000
vn 0.0000 -0.3417 0.9398
vn 0.0000 -0.3417 0.9398
vn 0.0000 -0.7071 0.7071
vn 0.0000 -0.7071 0.7071
vn 0.0000 -0.8321 -0.5547
vn -0.0000 -0.8321 -0.5547
vn 0.0000 -0.9864 0.1644
vn 0.0000 -0.9864 0.1644
vn -0.9979 0.0000 -0.0640
vn -0.9979 0.0000 -0.0640
vn -0.9979 -0.0000 -0.0640
vn -0.9979 0.0000 -0.0640
vn -0.9979 0.0000 -0.0640
vn -0.9979 -0.0000 -0.0640
vn -0.9979 0.0000 -0.0640
vn -0.9979 -0.0000 -0.0640
vn -0.9979 -0.0000 -0.0640
vn -0.9979 0.0000 -0.0640
vn -0.9979 -0.0000 -0.0640
vn -0.9979 -0.0000 -0.0640
vn -0.9979 -0.0000 -0.0640
vn -0.9979 -0.0000 -0.0640
vn -0.9979 0.0000 -0.0640
vn -0.9979 -0.0000 -0.0640
vn -0.9979 0.0000 -0.0640
vn -0.9979 -0.0000 -0.0640
vn -0.9979 0.0000 -0.0640
vn -0.9979 0.0000 -0.0640
vn -0.9979 0.0000 -0.0640
vn -0.9979 0.0000 -0.0640
vn -0.9979 -0.0000 -0.0640
vn -0.9979 -0.0000 -0.0640
vn -0.9979 0.0000 -0.0640
vn -0.9979 -0.0000 -0.0640
vn -0.9979 -0.0000 -0.0640
vn -0.9979 -0.0000 -0.0640
vn -0.9979 0.0000 -0.0640
vn -0.9979 0.0000 -0.0640
vn -0.9979 -0.0000 -0.0640
vn -0.9979 -0.0000 -0.0640
vn -0.9979 -0.0000 -0.0640
vn -0.9979 0.0000 -0.0640
vn -0.9979 -0.0000 -0.0640
vn -0.9979 -0.0000 -0.0640
vn -0.9979 0.0000 -0.0640
vn -0.9979 0.0000 -0.0640
vn -0.9979 -0.0000 -0.0640
vn -0.9979 -0.0000 -0.0640
vn -0.9979 0.0000 -0.0640
vn -0.9979 -0.0000 -0.0640
vn -0.9979 0.0000 -0.0640
vn -0.9979 -0.0000 -0.0640
vn -0.9979 0.0000 -0.0640
vn -0.9979 0.0000 -0.0640
vn -0.9979 0.0000 -0.0640
vn -0.9979 -0.0000 -0.0640
vn -0.9979 0.0000 -0.0640
vn 0.9979 -0.0000 0.0640
vn 0.9979 -0.0000 0.0640
vn 0.9979 0.0000 0.0640
vn 0.9979 -0.0000 0.0640
vn 0.9979 -0.0000 0.0640
vn 0.9979 0.0000 0.0640
vn 0.9979 -0.0000 0.0640
vn 0.9979 0.0000 0.0640
vn 0.9979 0.0000 0.0640
vn 0.9979 -0.0000 0.0640
vn 0.9979 0.0000 0.0640
vn 0.9979 0.0000 0.0640
vn 0.9979 0.0000 0.0640
vn 0.9979 0.0000 0.0640
vn 0.9979 -0.0000 0.0640
vn 0.9979 0.0000 0.0640
vn 0.9979 -0.0000 0.0640
vn 0.9979 0.0000 0.0640
vn 0.9979 -0.0000 0.0640
vn 0.9979 -0.0000 0.0640
vn 0.9979 -0.0000 0.0640
vn 0.9979 -0.0000 0.0640
vn 0.9979 -0.0000 0.0640
vn 0.9979 0.0000 0.0640
vn 0.9979 -0.0000 0.0640
vn 0.9979 0.0000 0.0640
vn 0.9979 0.0000 0.0640
vn 0.9979 0.0000 0.0640
vn 0.9979 -0.0000 0.0640
vn 0.9979 -0.0000 0.0640
vn 0.9979 -0.0000 0.0640
vn 0.9979 0.0000 0.0640
vn 0.9979 0.0000 0.0640
vn 0.9979 -0.0000 0.0640
vn 0.9979 0.0000 0.0640
vn 0.9979 0.0000 0.0640
vn 0.9979 -0.0000 0.0640
vn 0.9979 -0.0000 0.0640
vn 0.9979 0.0000 0.0640
vn 0.9979 0.0000 0.0640
vn 0.9979 -0.0000 0.0640
vn 0.9979 0.0000 0.0640
vn 0.9979 -0.0000 0.0640
vn 0.9979 0.0000 0.0640
vn 0.9979 -0.0000 0.0640
vn 0.9979 -0.0000 0.0640
vn 0.9979 -0.0000 0.0640
vn 0.9979 0.0000 0.0640
vn 0.9979 -0.0000 0.0640
vn 0.0000 0.7071 -0.7071
vn 0.0000 0.7071 -0.7071
vn 0.0000 0.6075 -0.7944
vn 0.0000 0.6075 -0.7944
vn 0.0000 0.4603 -0.8878
vn 0.0000 0.4603 -0.8878
vn 0.0000 0.2941 -0.9558
vn 0.0000 0.2941 -0.9558
vn 0.0000 0.1644 -0.9864
vn 0.0000 0.1644 -0.9864
vn -0.0000 -0.0000 -1.0000
vn -0.0000 -0.0000 -1.0000
vn 0.0000 -0.1580 -0.9874
vn -0.0000 -0.1580 -0.9874
vn 0.0000 -0.3363 -0.9417
vn -0.0000 -0.3363 -0.9417
vn 0.0000 -0.5070 -0.8619
vn -0.0000 -0.5070 -0.8619
vn 0.0000 -0.6466 -0.7628
vn -0.0000 -0.6466 -0.7628
vn 0.0000 0.7071 -0.7071
vn 0.0000 0.7071 -0.7071
vn 0.0000 1.0000 0.0000
vn 0.0000 1.0000 0.0000
vn 0.0000 0.7071 -0.7071
vn 0.0000 0.7071 -0.7071
vn -0.0000 -0.0000 -1.0000
vn -0.0000 -0.0000 -1.0000
vn 0.0000 -0.7071 -0.7071
vn -0.0000 -0.7071 -0.7071
vn -0.0000 -1.0000 0.0000
vn 0.0000 -1.0000 0.0000
vn 0.0000 -0.2425 0.9701
vn 0.0000 -0.2425 0.9701
vn 0.0000 0.6431 0.7658
vn 0.0000 0.6431 0.7658
vn 0.0000 0.5615 0.8275
vn 0.0000 0.5615 0.8275
vn 0.0000 0.4191 0.9080
vn 0.0000 0.4191 0.9080
vn 0.0000 0.2676 0.9635
vn 0.0000 0.2676 0.9635
vn 0.0000 0.0624 0.9981
vn 0.0000 0.0624 0.9981
vn 0.0000 -0.1738 0.9848
vn 0.0000 -0.1738 0.9848
vn 0.0000 -0.3846 0.9231
vn 0.0000 -0.3846 0.9231
vn 0.0000 -0.5882 0.8087
vn 0.0000 -0.5882 0.8087
vn 0.0000 -0.7433 0.6690
vn 0.0000 -0.7433 0.6690
vn 0.0000 -0.8805 0.4741
vn 0.0000 -0.8805 0.4741
vn 0.0000 -0.9662 0.2577
vn 0.0000 -0.9662 0.2577
vn -0.0000 -1.0000 0.0000
vn 0.0000 -1.0000 0.0000
vn 0.0000 -0.9662 -0.2577
vn -0.0000 -0.9662 -0.2577
vn 0.0000 -0.8944 -0.4472
vn -0.0000 -0.8944 -0.4472
vn 0.0000 -0.7415 -0.6709
vn -0.0000 -0.7415 -0.6709
vn 0.0000 -0.4819 -0.8762
vn -0.0000 -0.4819 -0.8762
vn 0.0000 -0.2822 -0.9594
vn -0.0000 -0.2822 -0.9594
vn 0.0000 -0.0665 -0.9978
vn -0.0000 -0.0665 -0.9978
vn 0.0000 -0.5145 -0.8575
vn -0.0000 -0.5145 -0.8575
vn -0.0000 -1.0000 0.0000
vn 0.0000 -1.0000 0.0000
vn 0.0000 -0.3714 0.9285
vn 0.0000 -0.3714 0.9285
vn 0.0000 0.1812 0.9835
vn 0.0000 0.1812 0.9835
vn 0.0000 0.3387 0.9409
vn 0.0000 0.3387 0.9409
vn 0.0000 0.4472 0.8944
vn 0.0000 0.4472 0.8944
vn 0.0000 0.5865 0.8099
vn 0.0000 0.5865 0.8099
vn 0.0000 0.7338 0.6794
vn 0.0000 0.7338 0.6794
vn 0.0000 0.8619 0.5070
vn 0.0000 0.8619 0.5070
vn 0.0000 0.9450 0.3271
vn 0.0000 0.9450 0.3271
vn 0.0000 0.9878 0.1560
vn 0.0000 0.9878 0.1560
vn 0.0000 0.9997 -0.0250
vn 0.0000 0.9997 -0.0250
vn 0.0000 0.9864 -0.1644
vn 0.0000 0.9864 -0.1644
vn 0.0000 0.9578 -0.2873
vn 0.0000 0.9578 -0.2873
vn 0.0000 0.8107 -0.5855
vn 0.0000 0.8107 -0.5855
vn 0.0000 0.9006 -0.4347
vn 0.0000 0.9006 -0.4347
usemtl material_0
s off
f 61/61/1 62/62/1 1/1/1
f 60/60/2 61/61/2 1/1/2
f 59/59/3 60/60/3 1/1/3
f 58/58/4 59/59/4 1/1/4
f 57/57/5 58/58/5 1/1/5
f 56/56/6 57/57/6 1/1/6
f 55/55/7 56/56/7 1/1/7
f 54/54/8 55/55/8 1/1/8
f 53/53/9 54/54/9 1/1/9
f 52/52/10 53/53/10 1/1/10
f 51/51/11 52/52/11 1/1/11
f 50/50/12 51/51/12 1/1/12
f 49/49/13 50/50/13 1/1/13
f 48/48/14 49/49/14 1/1/14
f 47/47/15 48/48/15 1/1/15
f 46/46/16 47/47/16 1/1/16
f 45/45/17 46/46/17 1/1/17
f 44/44/18 45/45/18 1/1/18
f 43/43/19 44/44/19 1/1/19
f 42/42/20 43/43/20 1/1/20
f 41/41/21 42/42/21 1/1/21
f 40/40/22 41/41/22 1/1/22
f 39/39/23 40/40/23 1/1/23
f 38/38/24 39/39/24 1/1/24
f 37/37/25 38/38/25 1/1/25
f 36/36/26 37/37/26 1/1/26
f 35/35/27 36/36/27 1/1/27
f 34/34/28 35/35/28 1/1/28
f 33/33/29 34/34/29 1/1/29
f 32/32/30 33/33/30 1/1/30
f 31/31/31 32/32/31 1/1/31
f 30/30/32 31/31/32 1/1/32
f 29/29/33 30/30/33 1/1/33
f 28/28/34 29/29/34 1/1/34
f 24/24/35 25/25/35 26/26/35
f 23/23/36 24/24/36 26/26/36
f 22/22/37 23/23/37 26/26/37
f 21/21/38 22/22/38 26/26/38
f 20/20/39 21/21/39 26/26/39
f 19/19/40 20/20/40 26/26/40
f 18/18/41 19/19/41 26/26/41
f 17/17/42 18/18/42 26/26/42
f 15/15/43 16/16/43 17/17/43
f 13/13/44 14/14/44 15/15/44
f 11/11/45 12/12/45 13/13/45
f 10/10/46 11/11/46 13/13/46
f 8/8/47 9/9/47 10/10/47
f 7/7/48 8/8/48 10/10/48
f 6/6/49 7/7/49 10/10/49
f 5/5/50 6/6/50 10/10/50
f 4/4/51 5/5/51 10/10/51
f 3/3/52 4/4/52 10/10/52
f 2/2/53 3/3/53 10/10/53
f 1/1/54 2/2/54 10/10/54
f 28/28/55 1/1/55 10/10/55
f 27/27/56 28/28/56 10/10/56
f 26/26/57 27/27/57 10/10/57
f 17/17/58 26/26/58 10/10/58
f 15/15/59 17/17/59 10/10/59
f 13/13/60 15/15/60 10/10/60
f 63/63/61 124/124/61 123/123/61
f 63/63/62 123/123/62 122/122/62
f 63/63/63 122/122/63 121/121/63
f 63/63/64 121/121/64 120/120/64
f 63/63/65 120/120/65 119/119/65
f 63/63/66 119/119/66 118/118/66
f 63/63/67 118/118/67 117/117/67
f 63/63/68 117/117/68 116/116/68
f 63/63/69 116/116/69 115/115/69
f 63/63/70 115/115/70 114/114/70
f 63/63/71 114/114/71 113/113/71
f 63/63/72 113/113/72 112/112/72
f 63/63/73 112/112/73 111/111/73
f 63/63/74 111/111/74 110/110/74
f 63/63/75 110/110/75 109/109/75
f 63/63/76 109/109/76 108/108/76
f 63/63/77 108/108/77 107/107/77
f 63/63/78 107/107/78 106/106/78
f 63/63/79 106/106/79 105/105/79
f 63/63/80 105/105/80 104/104/80
f 63/63/81 104/104/81 103/103/81
f 63/63/82 103/103/82 102/102/82
f 63/63/83 102/102/83 101/101/83
f 63/63/84 101/101/84 100/100/84
f 63/63/85 100/100/85 99/99/85
f 63/63/86 99/99/86 98/98/86
f 63/63/87 98/98/87 97/97/87
f 63/63/88 97/97/88 96/96/88
f 63/63/89 96/96/89 95/95/89
f 63/63/90 95/95/90 94/94/90
f 63/63/91 94/94/91 93/93/91
f 63/63/92 93/93/92 92/92/92
f 63/63/93 92/92/93 91/91/93
f 63/63/94 91/91/94 90/90/94
f 88/88/95 87/87/95 86/86/95
f 88/88/96 86/86/96 85/85/96
f 88/88/97 85/85/97 84/84/97
f 88/88/98 84/84/98 83/83/98
f 88/88/99 83/83/99 82/82/99
f 88/88/100 82/82/100 81/81/100
f 88/88/101 81/81/101 80/80/101
f 88/88/102 80/80/102 79/79/102
f 79/79/103 78/78/103 77/77/103
f 77/77/104 76/76/104 75/75/104
f 75/75/105 74/74/105 73/73/105
f 75/75/106 73/73/106 72/72/106
f 72/72/107 71/71/107 70/70/107
f 72/72/108 70/70/108 69/69/108
f 72/72/109 69/69/109 68/68/109
f 72/72/110 68/68/110 67/67/110
f 72/72/111 67/67/111 66/66/111
f 72/72/112 66/66/112 65/65/112
f 72/72/113 65/65/113 64/64/113
f 72/72/114 64/64/114 63/63/114
f 72/72/115 63/63/115 90/90/115
f 72/72/116 90/90/116 89/89/116
f 72/72/117 89/89/117 88/88/117
f 72/72/118 88/88/118 79/79/118
f 72/72/119 79/79/119 77/77/119
f 72/72/120 77/77/120 75/75/120
f 63/63/121 64/64/121 1/1/121
f 1/1/122 64/64/122 2/2/122
f 64/64/123 65/65/123 2/2/123
f 2/2/124 65/65/124 3/3/124
f 65/65/125 66/66/125 3/3/125
f 3/3/126 66/66/126 4/4/126
f 66/66/127 67/67/127 4/4/127
f 4/4/128 67/67/128 5/5/128
f 67/67/129 68/68/129 5/5/129
f 5/5/130 68/68/130 6/6/130
f 68/68/131 69/69/131 6/6/131
f 6/6/132 69/69/132 7/7/132
f 69/69/133 70/70/133 7/7/133
f 7/7/134 70/70/134 8/8/134
f 70/70/135 71/71/135 8/8/135
f 8/8/136 71/71/136 9/9/136
f 71/71/137 72/72/137 9/9/137
f 9/9/138 72/72/138 10/10/138
f 72/72/139 73/73/139 10/10/139
f 10/10/140 73/73/140 11/11/140
f 73/73/141 74/74/141 11/11/141
f 11/11/142 74/74/142 12/12/142
f 74/74/143 75/75/143 12/12/143
f 12/12/144 75/75/144 13/13/144
f 75/75/145 76/76/145 13/13/145
f 13/13/146 76/76/146 14/14/146
f 76/76/147 77/77/147 14/14/147
f 14/14/148 77/77/148 15/15/148
f 77/77/149 78/78/149 15/15/149
f 15/15/150 78/78/150 16/16/150
f 78/78/151 79/79/151 16/16/151
f 16/16/152 79/79/152 17/17/152
f 79/79/153 80/80/153 17/17/153
f 17/17/154 80/80/154 18/18/154
f 80/80/155 81/81/155 18/18/155
f 18/18/156 81/81/156 19/19/156
f 81/81/157 82/82/157 19/19/157
f 19/19/158 82/82/158 20/20/158
f 82/82/159 83/83/159 20/20/159
f 20/20/160 83/83/160 21/21/160
f 83/83/161 84/84/161 21/21/161
f 21/21/162 84/84/162 22/22/162
f 84/84/163 85/85/163 22/22/163
f 22/22/164 85/85/164 23/23/164
f 85/85/165 86/86/165 23/23/165
f 23/23/166 86/86/166 24/24/166
f 86/86/167 87/87/167 24/24/167
f 24/24/168 87/87/168 25/25/168
f 87/87/169 88/88/169 25/25/169
f 25/25/170 88/88/170 26/26/170
f 88/88/171 89/89/171 26/26/171
f 26/26/172 89/89/172 27/27/172
f 89/89/173 90/90/173 27/27/173
f 27/27/174 90/90/174 28/28/174
f 90/90/175 91/91/175 28/28/175
f 28/28/176 91/91/176 29/29/176
f 91/91/177 92/92/177 29/29/177
f 29/29/178 92/92/178 30/30/178
f 92/92/179 93/93/179 30/30/179
f 30/30/180 93/93/180 31/31/180
f 93/93/181 94/94/181 31/31/181
f 31/31/182 94/94/182 32/32/182
f 94/94/183 95/95/183 32/32/183
f 32/32/184 95/95/184 33/33/184
f 95/95/185 96/96/185 33/33/185
f 33/33/186 96/96/186 34/34/186
f 96/96/187 97/97/187 34/34/187
f 34/34/188 97/97/188 35/35/188
f 97/97/189 98/98/189 35/35/189
f 35/35/190 98/98/190 36/36/190
f 98/98/191 99/99/191 36/36/191
f 36/36/192 99/99/192 37/37/192
f 99/99/193 100/100/193 37/37/193
f 37/37/194 100/100/194 38/38/194
f 100/100/195 101/101/195 38/38/195
f 38/38/196 101/101/196 39/39/196
f 101/101/197 102/102/197 39/39/197
f 39/39/198 102/102/198 40/40/198
f 102/102/199 103/103/199 40/40/199
f 40/40/200 103/103/200 41/41/200
f 103/103/201 104/104/201 41/41/201
f 41/41/202 104/104/202 42/42/202
f 104/104/203 105/105/203 42/42/203
f 42/42/204 105/105/204 43/43/204
f 105/105/205 106/106/205 43/43/205
f 43/43/206 106/106/206 44/44/206
f 106/106/207 107/107/207 44/44/207
f 44/44/208 107/107/208 45/45/208
f 107/107/209 108/108/209 45/45/209
f 45/45/210 108/108/210 46/46/210
f 108/108/211 109/109/211 46/46/211
f 46/46/212 109/109/212 47/47/212
f 109/109/213 110/110/213 47/47/213
f 47/47/214 110/110/214 48/48/214
f 110/110/215 111/111/215 48/48/215
f 48/48/216 111/111/216 49/49/216
f 111/111/217 112/112/217 49/49/217
f 49/49/218 112/112/218 50/50/218
f 112/112/219 113/113/219 50/50/219
f 50/50/220 113/113/220 51/51/220
f 113/113/221 114/114/221 51/51/221
f 51/51/222 114/114/222 52/52/222
f 114/114/223 115/115/223 52/52/223
f 52/52/224 115/115/224 53/53/224
f 115/115/225 116/116/225 53/53/225
f 53/53/226 116/116/226 54/54/226
f 116/116/227 117/117/227 54/54/227
f 54/54/228 117/117/228 55/55/228
f 117/117/229 118/118/229 55/55/229
f 55/55/230 118/118/230 56/56/230
f 118/118/231 119/119/231 56/56/231
f 56/56/232 119/119/232 57/57/232
f 119/119/233 120/120/233 57/57/233
f 57/57/234 120/120/234 58/58/234
f 120/120/235 121/121/235 58/58/235
f 58/58/236 121/121/236 59/59/236
f 121/121/237 122/122/237 59/59/237
f 59/59/238 122/122/238 60/60/238
f 122/122/239 123/123/239 60/60/239
f 60/60/240 123/123/240 61/61/240
f 124/124/241 63/63/241 62/62/241
f 62/62/242 63/63/242 1/1/242
f 123/123/243 124/124/243 61/61/243
f 61/61/244 124/124/244 62/62/244
f 220/220/245 221/221/245 125/125/245
f 219/219/246 220/220/246 125/125/246
f 218/218/247 219/219/247 125/125/247
f 217/217/248 218/218/248 125/125/248
f 216/216/249 217/217/249 125/125/249
f 215/215/250 216/216/250 125/125/250
f 214/214/251 215/215/251 125/125/251
f 213/213/252 214/214/252 125/125/252
f 208/208/253 209/209/253 210/210/253
f 207/207/254 208/208/254 210/210/254
f 206/206/255 207/207/255 210/210/255
f 204/204/256 205/205/256 206/206/256
f 203/203/257 204/204/257 206/206/257
f 202/202/258 203/203/258 206/206/258
f 201/201/259 202/202/259 206/206/259
f 199/199/260 200/200/260 201/201/260
f 197/197/261 198/198/261 199/199/261
f 195/195/262 196/196/262 197/197/262
f 193/193/263 194/194/263 195/195/263
f 191/191/264 192/192/264 193/193/264
f 189/189/265 190/190/265 191/191/265
f 187/187/266 188/188/266 189/189/266
f 185/185/267 186/186/267 187/187/267
f 184/184/268 185/185/268 187/187/268
f 183/183/269 184/184/269 187/187/269
f 181/181/270 182/182/270 183/183/270
f 178/178/271 179/179/271 180/180/271
f 175/175/272 176/176/272 177/177/272
f 174/174/273 175/175/273 177/177/273
f 173/173/274 174/174/274 177/177/274
f 172/172/275 173/173/275 177/177/275
f 171/171/276 172/172/276 177/177/276
f 169/169/277 170/170/277 171/171/277
f 167/167/278 168/168/278 169/169/278
f 166/166/279 167/167/279 169/169/279
f 165/165/280 166/166/280 169/169/280
f 164/164/281 165/165/281 169/169/281
f 162/162/282 163/163/282 164/164/282
f 160/160/283 161/161/283 162/162/283
f 159/159/284 160/160/284 162/162/284
f 158/158/285 159/159/285 162/162/285
f 156/156/286 157/157/286 158/158/286
f 154/154/287 155/155/287 156/156/287
f 152/152/288 153/153/288 154/154/288
f 150/150/289 151/151/289 152/152/289
f 148/148/290 149/149/290 150/150/290
f 146/146/291 147/147/291 148/148/291
f 144/144/292 145/145/292 146/146/292
f 142/142/293 143/143/293 144/144/293
f 140/140/294 141/141/294 142/142/294
f 138/138/295 139/139/295 140/140/295
f 136/136/296 137/137/296 138/138/296
f 134/134/297 135/135/297 136/136/297
f 132/132/298 133/133/298 134/134/298
f 130/130/299 131/131/299 132/132/299
f 128/128/300 129/129/300 130/130/300
f 126/126/301 127/127/301 128/128/301
f 213/213/302 125/125/302 126/126/302
f 212/212/303 213/213/303 126/126/303
f 201/201/304 206/206/304 210/210/304
f 199/199/305 201/201/305 210/210/305
f 197/197/306 199/199/306 210/210/306
f 195/195/307 197/197/307 210/210/307
f 193/193/308 195/195/308 210/210/308
f 191/191/309 193/193/309 210/210/309
f 189/189/310 191/191/310 210/210/310
f 187/187/311 189/189/311 210/210/311
f 183/183/312 187/187/312 210/210/312
f 181/181/313 183/183/313 210/210/313
f 180/180/314 181/181/314 210/210/314
f 178/178/315 180/180/315 210/210/315
f 171/171/316 177/177/316 178/178/316
f 169/169/317 171/171/317 178/178/317
f 164/164/318 169/169/318 178/178/318
f 162/162/319 164/164/319 178/178/319
f 158/158/320 162/162/320 178/178/320
f 156/156/321 158/158/321 178/178/321
f 154/154/322 156/156/322 178/178/322
f 152/152/323 154/154/323 178/178/323
f 150/150/324 152/152/324 178/178/324
f 148/148/325 150/150/325 178/178/325
f 146/146/326 148/148/326 178/178/326
f 144/144/327 146/146/327 178/178/327
f 142/142/328 144/144/328 178/178/328
f 140/140/329 142/142/329 178/178/329
f 138/138/330 140/140/330 178/178/330
f 136/136/331 138/138/331 178/178/331
f 134/134/332 136/136/332 178/178/332
f 132/132/333 134/134/333 178/178/333
f 130/130/334 132/132/334 178/178/334
f 128/128/335 130/130/335 178/178/335
f 212/212/336 126/126/336 128/128/336
f 178/178/337 210/210/337 211/211/337
f 212/212/338 128/128/338 178/178/338
f 211/211/339 212/212/339 178/178/339
f 222/222/340 318/318/340 317/317/340
f 222/222/341 317/317/341 316/316/341
f 222/222/342 316/316/342 315/315/342
f 222/222/343 315/315/343 314/314/343
f 222/222/344 314/314/344 313/313/344
f 222/222/345 313/313/345 312/312/345
f 222/222/346 312/312/346 311/311/346
f 222/222/347 311/311/347 310/310/347
f 307/307/348 306/306/348 305/305/348
f 307/307/349 305/305/349 304/304/349
f 307/307/350 304/304/350 303/303/350
f 303/303/351 302/302/351 301/301/351
f 303/303/352 301/301/352 300/300/352
f 303/303/353 300/300/353 299/299/353
f 303/303/354 299/299/354 298/298/354
f 298/298/355 297/297/355 296/296/355
f 296/296/356 295/295/356 294/294/356
f 294/294/357 293/293/357 292/292/357
f 292/292/358 291/291/358 290/290/358
f 290/290/359 289/289/359 288/288/359
f 288/288/360 287/287/360 286/286/360
f 286/286/361 285/285/361 284/284/361
f 284/284/362 283/283/362 282/282/362
f 284/284/363 282/282/363 281/281/363
f 284/284/364 281/281/364 280/280/364
f 280/280/365 279/279/365 278/278/365
f 277/277/366 276/276/366 275/275/366
f 274/274/367 273/273/367 272/272/367
f 274/274/368 272/272/368 271/271/368
f 274/274/369 271/271/369 270/270/369
f 274/274/370 270/270/370 269/269/370
f 274/274/371 269/269/371 268/268/371
f 268/268/372 267/267/372 266/266/372
f 266/266/373 265/265/373 264/264/373
f 266/266/374 264/264/374 263/263/374
f 266/266/375 263/263/375 262/262/375
f 266/266/376 262/262/376 261/261/376
f 261/261/377 260/260/377 259/259/377
f 259/259/378 258/258/378 257/257/378
f 259/259/379 257/257/379 256/256/379
f 259/259/380 256/256/380 255/255/380
f 255/255/381 254/254/381 253/253/381
f 253/253/382 252/252/382 251/251/382
f 251/251/383 250/250/383 249/249/383
f 249/249/384 248/248/384 247/247/384
f 247/247/385 246/246/385 245/245/385
f 245/245/386 244/244/386 243/243/386
f 243/243/387 242/242/387 241/241/387
f 241/241/388 240/240/388 239/239/388
f 239/239/389 238/238/389 237/237/389
f 237/237/390 236/236/390 235/235/390
f 235/235/391 234/234/391 233/233/391
f 233/233/392 232/232/392 231/231/392
f 231/231/393 230/230/393 229/229/393
f 229/229/394 228/228/394 227/227/394
f 227/227/395 226/226/395 225/225/395
f 225/225/396 224/224/396 223/223/396
f 223/223/397 222/222/397 310/310/397
f 223/223/398 310/310/398 309/309/398
f 307/307/399 303/303/399 298/298/399
f 307/307/400 298/298/400 296/296/400
f 307/307/401 296/296/401 294/294/401
f 307/307/402 294/294/402 292/292/402
f 307/307/403 292/292/403 290/290/403
f 307/307/404 290/290/404 288/288/404
f 307/307/405 288/288/405 286/286/405
f 307/307/406 286/286/406 284/284/406
f 307/307/407 284/284/407 280/280/407
f 307/307/408 280/280/408 278/278/408
f 307/307/409 278/278/409 277/277/409
f 307/307/410 277/277/410 275/275/410
f 275/275/411 274/274/411 268/268/411
f 275/275/412 268/268/412 266/266/412
f 275/275/413 266/266/413 261/261/413
f 275/275/414 261/261/414 259/259/414
f 275/275/415 259/259/415 255/255/415
f 275/275/416 255/255/416 253/253/416
f 275/275/417 253/253/417 251/251/417
f 275/275/418 251/251/418 249/249/418
f 275/275/419 249/249/419 247/247/419
f 275/275/420 247/247/420 245/245/420
f 275/275/421 245/245/421 243/243/421
f 275/275/422 243/243/422 241/241/422
f 275/275/423 241/241/423 239/239/423
f 275/275/424 239/239/424 237/237/424
f 275/275/425 237/237/425 235/235/425
f 275/275/426 235/235/426 233/233/426
f 275/275/427 233/233/427 231/231/427
f 275/275/428 231/231/428 229/229/428
f 275/275/429 229/229/429 227/227/429
f 275/275/430 227/227/430 225/225/430
f 225/225/431 223/223/431 309/309/431
f 308/308/432 307/307/432 275/275/432
f 275/275/433 225/225/433 309/309/433
f 275/275/434 309/309/434 308/308/434
f 222/222/435 223/223/435 125/125/435
f 125/125/436 223/223/436 126/126/436
f 223/223/437 224/224/437 126/126/437
f 126/126/438 224/224/438 127/127/438
f 224/224/439 225/225/439 127/127/439
f 127/127/440 225/225/440 128/128/440
f 225/225/441 226/226/441 128/128/441
f 128/128/442 226/226/442 129/129/442
f 226/226/443 227/227/443 129/129/443
f 129/129/444 227/227/444 130/130/444
f 227/227/445 228/228/445 130/130/445
f 130/130/446 228/228/446 131/131/446
f 228/228/447 229/229/447 131/131/447
f 131/131/448 229/229/448 132/132/448
f 229/229/449 230/230/449 132/132/449
f 132/132/450 230/230/450 133/133/450
f 230/230/451 231/231/451 133/133/451
f 133/133/452 231/231/452 134/134/452
f 231/231/453 232/232/453 134/134/453
f 134/134/454 232/232/454 135/135/454
f 232/232/455 233/233/455 135/135/455
f 135/135/456 233/233/456 136/136/456
f 233/233/457 234/234/457 136/136/457
f 136/136/458 234/234/458 137/137/458
f 234/234/459 235/235/459 137/137/459
f 137/137/460 235/235/460 138/138/460
f 235/235/461 236/236/461 138/138/461
f 138/138/462 236/236/462 139/139/462
f 236/236/463 237/237/463 139/139/463
f 139/139/464 237/237/464 140/140/464
f 237/237/465 238/238/465 140/140/465
f 140/140/466 238/238/466 141/141/466
f 238/238/467 239/239/467 141/141/467
f 141/141/468 239/239/468 142/142/468
f 239/239/469 240/240/469 142/142/469
f 142/142/470 240/240/470 143/143/470
f 240/240/471 241/241/471 143/143/471
f 143/143/472 241/241/472 144/144/472
f 241/241/473 242/242/473 144/144/473
f 144/144/474 242/242/474 145/145/474
f 242/242/475 243/243/475 145/145/475
f 145/145/476 243/243/476 146/146/476
f 243/243/477 244/244/477 146/146/477
f 146/146/478 244/244/478 147/147/478
f 244/244/479 245/245/479 147/147/479
f 147/147/480 245/245/480 148/148/480
f 245/245/481 246/246/481 148/148/481
f 148/148/482 246/246/482 149/149/482
f 246/246/483 247/247/483 149/149/483
f 149/149/484 247/247/484 150/150/484
f 247/247/485 248/248/485 150/150/485
f 150/150/486 248/248/486 151/151/486
f 248/248/487 249/249/487 151/151/487
f 151/151/488 249/249/488 152/152/488
f 249/249/489 250/250/489 152/152/489
f 152/152/490 250/250/490 153/153/490
f 250/250/491 251/251/491 153/153/491
f 153/153/492 251/251/492 154/154/492
f 251/251/493 252/252/493 154/154/493
f 154/154/494 252/252/494 155/155/494
f 252/252/495 253/253/495 155/155/495
f 155/155/496 253/253/496 156/156/496
f 253/253/497 254/254/497 156/156/497
f 156/156/498 254/254/498 157/157/498
f 254/254/499 255/255/499 157/157/499
f 157/157/500 255/255/500 158/158/500
f 255/255/501 256/256/501 158/158/501
f 158/158/502 256/256/502 159/159/502
f 256/256/503 257/257/503 159/159/503
f 159/159/504 257/257/504 160/160/504
f 257/257/505 258/258/505 160/160/505
f 160/160/506 258/258/506 161/161/506
f 258/258/507 259/259/507 161/161/507
f 161/161/508 259/259/508 162/162/508
f 259/259/509 260/260/509 162/162/509
f 162/162/510 260/260/510 163/163/510
f 260/260/511 261/261/511 163/163/511
f 163/163/512 261/261/512 164/164/512
f 261/261/513 262/262/513 164/164/513
f 164/164/514 262/262/514 165/165/514
f 262/262/515 263/263/515 165/165/515
f 165/165/516 263/263/516 166/166/516
f 263/263/517 264/264/517 166/166/517
f 166/166/518 264/264/518 167/167/518
f 264/264/519 265/265/519 167/167/519
f 167/167/520 265/265/520 168/168/520
f 265/265/521 266/266/521 168/168/521
f 168/168/522 266/266/522 169/169/522
f 266/266/523 267/267/523 169/169/523
f 169/169/524 267/267/524 170/170/524
f 267/267/525 268/268/525 170/170/525
f 170/170/526 268/268/526 171/171/526
f 268/268/527 269/269/527 171/171/527
f 171/171/528 269/269/528 172/172/528
f 269/269/529 270/270/529 172/172/529
f 172/172/530 270/270/530 173/173/530
f 270/270/531 271/271/531 173/173/531
f 173/173/532 271/271/532 174/174/532
f 271/271/533 272/272/533 174/174/533
f 174/174/534 272/272/534 175/175/534
f 272/272/535 273/273/535 175/175/535
f 175/175/536 273/273/536 176/176/536
f 273/273/537 274/274/537 176/176/537
f 176/176/538 274/274/538 177/177/538
f 274/274/539 275/275/539 177/177/539
f 177/177/540 275/275/540 178/178/540
f 275/275/541 276/276/541 178/178/541
f 178/178/542 276/276/542 179/179/542
f 276/276/543 277/277/543 179/179/543
f 179/179/544 277/277/544 180/180/544
f 277/277/545 278/278/545 180/180/545
f 180/180/546 278/278/546 181/181/546
f 278/278/547 279/279/547 181/181/547
f 181/181/548 279/279/548 182/182/548
f 279/279/549 280/280/549 182/182/549
f 182/182/550 280/280/550 183/183/550
f 280/280/551 281/281/551 183/183/551
f 183/183/552 281/281/552 184/184/552
f 281/281/553 282/282/553 184/184/553
f 184/184/554 282/282/554 185/185/554
f 282/282/555 283/283/555 185/185/555
f 185/185/556 283/283/556 186/186/556
f 283/283/557 284/284/557 186/186/557
f 186/186/558 284/284/558 187/187/558
f 284/284/559 285/285/559 187/187/559
f 187/187/560 285/285/560 188/188/560
f 285/285/561 286/286/561 188/188/561
f 188/188/562 286/286/562 189/189/562
f 286/286/563 287/287/563 189/189/563
f 189/189/564 287/287/564 190/190/564
f 287/287/565 288/288/565 190/190/565
f 190/190/566 288/288/566 191/191/566
f 288/288/567 289/289/567 191/191/567
f 191/191/568 289/289/568 192/192/568
f 289/289/569 290/290/569 192/192/569
f 192/192/570 290/290/570 193/193/570
f 290/290/571 291/291/571 193/193/571
f 193/193/572 291/291/572 194/194/572
f 291/291/573 292/292/573 194/194/573
f 194/194/574 292/292/574 195/195/574
f 292/292/575 293/293/575 195/195/575
f 195/195/576 293/293/576 196/196/576
f 293/293/577 294/294/577 196/196/577
f 196/196/578 294/294/578 197/197/578
f 294/294/579 295/295/579 197/197/579
f 197/197/580 295/295/580 198/198/580
f 295/295/581 296/296/581 198/198/581
f 198/198/582 296/296/582 199/199/582
f 296/296/583 297/297/583 199/199/583
f 199/199/584 297/297/584 200/200/584
f 297/297/585 298/298/585 200/200/585
f 200/200/586 298/298/586 201/201/586
f 298/298/587 299/299/587 201/201/587
f 201/201/588 299/299/588 202/202/588
f 299/299/589 300/300/589 202/202/589
f 202/202/590 300/300/590 203/203/590
f 300/300/591 301/301/591 203/203/591
f 203/203/592 301/301/592 204/204/592
f 301/301/593 302/302/593 204/204/593
f 204/204/594 302/302/594 205/205/594
f 302/302/595 303/303/595 205/205/595
f 205/205/596 303/303/596 206/206/596
f 303/303/597 304/304/597 206/206/597
f 206/206/598 304/304/598 207/207/598
f 304/304/599 305/305/599 207/207/599
f 207/207/600 305/305/600 208/208/600
f 305/305/601 306/306/601 208/208/601
f 208/208/602 306/306/602 209/209/602
f 306/306/603 307/307/603 209/209/603
f 209/209/604 307/307/604 210/210/604
f 307/307/605 308/308/605 210/210/605
f 210/210/606 308/308/606 211/211/606
f 308/308/607 309/309/607 211/211/607
f 211/211/608 309/309/608 212/212/608
f 309/309/609 310/310/609 212/212/609
f 212/212/610 310/310/610 213/213/610
f 310/310/611 311/311/611 213/213/611
f 213/213/612 311/311/612 214/214/612
f 311/311/613 312/312/613 214/214/613
f 214/214/614 312/312/614 215/215/614
f 312/312/615 313/313/615 215/215/615
f 215/215/616 313/313/616 216/216/616
f 313/313/617 314/314/617 216/216/617
f 216/216/618 314/314/618 217/217/618
f 314/314/619 315/315/619 217/217/619
f 217/217/620 315/315/620 218/218/620
f 315/315/621 316/316/621 218/218/621
f 218/218/622 316/316/622 219/219/622
f 316/316/623 317/317/623 219/219/623
f 219/219/624 317/317/624 220/220/624
f 318/318/625 222/222/625 221/221/625
f 221/221/626 222/222/626 125/125/626
f 317/317/627 318/318/627 220/220/627
f 220/220/628 318/318/628 221/221/628
f 350/350/629 351/351/629 319/319/629
f 348/348/630 349/349/630 350/350/630
f 347/347/631 348/348/631 350/350/631
f 341/341/632 342/342/632 343/343/632
f 339/339/633 340/340/633 341/341/633
f 338/338/634 339/339/634 341/341/634
f 337/337/635 338/338/635 341/341/635
f 336/336/636 337/337/636 341/341/636
f 335/335/637 336/336/637 341/341/637
f 332/332/638 333/333/638 334/334/638
f 331/331/639 332/332/639 334/334/639
f 330/330/640 331/331/640 334/334/640
f 329/329/641 330/330/641 334/334/641
f 328/328/642 329/329/642 334/334/642
f 327/327/643 328/328/643 334/334/643
f 326/326/644 327/327/644 334/334/644
f 325/325/645 326/326/645 334/334/645
f 324/324/646 325/325/646 334/334/646
f 323/323/647 324/324/647 334/334/647
f 322/322/648 323/323/648 334/334/648
f 321/321/649 322/322/649 334/334/649
f 319/319/650 320/320/650 321/321/650
f 347/347/651 350/350/651 319/319/651
f 346/346/652 347/347/652 319/319/652
f 335/335/653 341/341/653 343/343/653
f 334/334/654 335/335/654 343/343/654
f 346/346/655 319/319/655 321/321/655
f 345/345/656 346/346/656 321/321/656
f 334/334/657 343/343/657 344/344/657
f 345/345/658 321/321/658 334/334/658
f 344/344/659 345/345/659 334/334/659
f 352/352/660 384/384/660 383/383/660
f 383/383/661 382/382/661 381/381/661
f 383/383/662 381/381/662 380/380/662
f 376/376/663 375/375/663 374/374/663
f 374/374/664 373/373/664 372/372/664
f 374/374/665 372/372/665 371/371/665
f 374/374/666 371/371/666 370/370/666
f 374/374/667 370/370/667 369/369/667
f 374/374/668 369/369/668 368/368/668
f 367/367/669 366/366/669 365/365/669
f 367/367/670 365/365/670 364/364/670
f 367/367/671 364/364/671 363/363/671
f 367/367/672 363/363/672 362/362/672
f 367/367/673 362/362/673 361/361/673
f 367/367/674 361/361/674 360/360/674
f 367/367/675 360/360/675 359/359/675
f 367/367/676 359/359/676 358/358/676
f 367/367/677 358/358/677 357/357/677
f 367/367/678 357/357/678 356/356/678
f 367/367/679 356/356/679 355/355/679
f 367/367/680 355/355/680 354/354/680
f 354/354/681 353/353/681 352/352/681
f 352/352/682 383/383/682 380/380/682
f 352/352/683 380/380/683 379/379/683
f 376/376/684 374/374/684 368/368/684
f 376/376/685 368/368/685 367/367/685
f 354/354/686 352/352/686 379/379/686
f 354/354/687 379/379/687 378/378/687
f 377/377/688 376/376/688 367/367/688
f 367/367/689 354/354/689 378/378/689
f 367/367/690 378/378/690 377/377/690
f 352/352/691 353/353/691 319/319/691
f 319/319/692 353/353/692 320/320/692
f 353/353/693 354/354/693 320/320/693
f 320/320/694 354/354/694 321/321/694
f 354/354/695 355/355/695 321/321/695
f 321/321/696 355/355/696 322/322/696
f 355/355/697 356/356/697 322/322/697
f 322/322/698 356/356/698 323/323/698
f 356/356/699 357/357/699 323/323/699
f 323/323/700 357/357/700 324/324/700
f 357/357/701 358/358/701 324/324/701
f 324/324/702 358/358/702 325/325/702
f 358/358/703 359/359/703 325/325/703
f 325/325/704 359/359/704 326/326/704
f 359/359/705 360/360/705 326/326/705
f 326/326/706 360/360/706 327/327/706
f 360/360/707 361/361/707 327/327/707
f 327/327/708 361/361/708 328/328/708
f 361/361/709 362/362/709 328/328/709
f 328/328/710 362/362/710 329/329/710
f 362/362/711 363/363/711 329/329/711
f 329/329/712 363/363/712 330/330/712
f 363/363/713 364/364/713 330/330/713
f 330/330/714 364/364/714 331/331/714
f 364/364/715 365/365/715 331/331/715
f 331/331/716 365/365/716 332/332/716
f 365/365/717 366/366/717 332/332/717
f 332/332/718 366/366/718 333/333/718
f 366/366/719 367/367/719 333/333/719
f 333/333/720 367/367/720 334/334/720
f 367/367/721 368/368/721 334/334/721
f 334/334/722 368/368/722 335/335/722
f 368/368/723 369/369/723 335/335/723
f 335/335/724 369/369/724 336/336/724
f 369/369/725 370/370/725 336/336/725
f 336/336/726 370/370/726 337/337/726
f 370/370/727 371/371/727 337/337/727
f 337/337/728 371/371/728 338/338/728
f 371/371/729 372/372/729 338/338/729
f 338/338/730 372/372/730 339/339/730
f 372/372/731 373/373/731 339/339/731
f 339/339/732 373/373/732 340/340/732
f 373/373/733 374/374/733 340/340/733
f 340/340/734 374/374/734 341/341/734
f 374/374/735 375/375/735 341/341/735
f 341/341/736 375/375/736 342/342/736
f 375/375/737 376/376/737 342/342/737
f 342/342/738 376/376/738 343/343/738
f 376/376/739 377/377/739 343/343/739
f 343/343/740 377/377/740 344/344/740
f 377/377/741 378/378/741 344/344/741
f 344/344/742 378/378/742 345/345/742
f 378/378/743 379/379/743 345/345/743
f 345/345/744 379/379/744 346/346/744
f 379/379/745 380/380/745 346/346/745
f 346/346/746 380/380/746 347/347/746
f 380/380/747 381/381/747 347/347/747
f 347/347/748 381/381/748 348/348/748
f 381/381/749 382/382/749 348/348/749
f 348/348/750 382/382/750 349/349/750
f 382/382/751 383/383/751 349/349/751
f 349/349/752 383/383/752 350/350/752
f 384/384/753 352/352/753 351/351/753
f 351/351/754 352/352/754 319/319/754
f 383/383/755 384/384/755 350/350/755
f 350/350/756 384/384/756 351/351/756
f 406/406/757 407/407/757 398/398/757
f 405/405/758 406/406/758 398/398/758
f 404/404/759 405/405/759 398/398/759
f 398/398/760 407/407/760 408/408/760
f 397/397/761 398/398/761 408/408/761
f 396/396/762 397/397/762 408/408/762
f 395/395/763 396/396/763 408/408/763
f 394/394/764 395/395/764 408/408/764
f 393/393/765 394/394/765 408/408/765
f 391/391/766 392/392/766 393/393/766
f 390/390/767 391/391/767 393/393/767
f 389/389/768 390/390/768 393/393/768
f 388/388/769 389/389/769 393/393/769
f 387/387/770 388/388/770 393/393/770
f 385/385/771 386/386/771 387/387/771
f 403/403/772 385/385/772 387/387/772
f 402/402/773 403/403/773 387/387/773
f 401/401/774 402/402/774 387/387/774
f 400/400/775 401/401/775 387/387/775
f 398/398/776 399/399/776 400/400/776
f 404/404/777 398/398/777 400/400/777
f 418/418/778 404/404/778 400/400/778
f 417/417/779 418/418/779 400/400/779
f 393/393/780 408/408/780 409/409/780
f 417/417/781 400/400/781 387/387/781
f 416/416/782 417/417/782 387/387/782
f 415/415/783 416/416/783 387/387/783
f 414/414/784 415/415/784 387/387/784
f 413/413/785 414/414/785 387/387/785
f 412/412/786 413/413/786 387/387/786
f 393/393/787 409/409/787 410/410/787
f 412/412/788 387/387/788 393/393/788
f 411/411/789 412/412/789 393/393/789
f 410/410/790 411/411/790 393/393/790
f 432/432/791 441/441/791 440/440/791
f 432/432/792 440/440/792 439/439/792
f 432/432/793 439/439/793 438/438/793
f 442/442/794 441/441/794 432/432/794
f 442/442/795 432/432/795 431/431/795
f 442/442/796 431/431/796 430/430/796
f 442/442/797 430/430/797 429/429/797
f 442/442/798 429/429/798 428/428/798
f 442/442/799 428/428/799 427/427/799
f 427/427/800 426/426/800 425/425/800
f 427/427/801 425/425/801 424/424/801
f 427/427/802 424/424/802 423/423/802
f 427/427/803 423/423/803 422/422/803
f 427/427/804 422/422/804 421/421/804
f 421/421/805 420/420/805 419/419/805
f 421/421/806 419/419/806 437/437/806
f 421/421/807 437/437/807 436/436/807
f 421/421/808 436/436/808 435/435/808
f 421/421/809 435/435/809 434/434/809
f 434/434/810 433/433/810 432/432/810
f 434/434/811 432/432/811 438/438/811
f 434/434/812 438/438/812 452/452/812
f 434/434/813 452/452/813 451/451/813
f 443/443/814 442/442/814 427/427/814
f 421/421/815 434/434/815 451/451/815
f 421/421/816 451/451/816 450/450/816
f 421/421/817 450/450/817 449/449/817
f 421/421/818 449/449/818 448/448/818
f 421/421/819 448/448/819 447/447/819
f 421/421/820 447/447/820 446/446/820
f 444/444/821 443/443/821 427/427/821
f 427/427/822 421/421/822 446/446/822
f 427/427/823 446/446/823 445/445/823
f 427/427/824 445/445/824 444/444/824
f 419/419/825 420/420/825 385/385/825
f 385/385/826 420/420/826 386/386/826
f 420/420/827 421/421/827 386/386/827
f 386/386/828 421/421/828 387/387/828
f 421/421/829 422/422/829 387/387/829
f 387/387/830 422/422/830 388/388/830
f 422/422/831 423/423/831 388/388/831
f 388/388/832 423/423/832 389/389/832
f 423/423/833 424/424/833 389/389/833
f 389/389/834 424/424/834 390/390/834
f 424/424/835 425/425/835 390/390/835
f 390/390/836 425/425/836 391/391/836
f 425/425/837 426/426/837 391/391/837
f 391/391/838 426/426/838 392/392/838
f 426/426/839 427/427/839 392/392/839
f 392/392/840 427/427/840 393/393/840
f 427/427/841 428/428/841 393/393/841
f 393/393/842 428/428/842 394/394/842
f 428/428/843 429/429/843 394/394/843
f 394/394/844 429/429/844 395/395/844
f 429/429/845 430/430/845 395/395/845
f 395/395/846 430/430/846 396/396/846
f 430/430/847 431/431/847 396/396/847
f 396/396/848 431/431/848 397/397/848
f 431/431/849 432/432/849 397/397/849
f 397/397/850 432/432/850 398/398/850
f 432/432/851 433/433/851 398/398/851
f 398/398/852 433/433/852 399/399/852
f 433/433/853 434/434/853 399/399/853
f 399/399/854 434/434/854 400/400/854
f 434/434/855 435/435/855 400/400/855
f 400/400/856 435/435/856 401/401/856
f 435/435/857 436/436/857 401/401/857
f 401/401/858 436/436/858 402/402/858
f 437/437/859 419/419/859 403/403/859
f 403/403/860 419/419/860 385/385/860
f 436/436/861 437/437/861 402/402/861
f 402/402/862 437/437/862 403/403/862
f 438/438/863 439/439/863 404/404/863
f 404/404/864 439/439/864 405/405/864
f 439/439/865 440/440/865 405/405/865
f 405/405/866 440/440/866 406/406/866
f 440/440/867 441/441/867 406/406/867
f 406/406/868 441/441/868 407/407/868
f 441/441/869 442/442/869 407/407/869
f 407/407/870 442/442/870 408/408/870
f 442/442/871 443/443/871 408/408/871
f 408/408/872 443/443/872 409/409/872
f 443/443/873 444/444/873 409/409/873
f 409/409/874 444/444/874 410/410/874
f 444/444/875 445/445/875 410/410/875
f 410/410/876 445/445/876 411/411/876
f 445/445/877 446/446/877 411/411/877
f 411/411/878 446/446/878 412/412/878
f 446/446/879 447/447/879 412/412/879
f 412/412/880 447/447/880 413/413/880
f 447/447/881 448/448/881 413/413/881
f 413/413/882 448/448/882 414/414/882
f 448/448/883 449/449/883 414/414/883
f 414/414/884 449/449/884 415/415/884
f 449/449/885 450/450/885 415/415/885
f 415/415/886 450/450/886 416/416/886
f 450/450/887 451/451/887 416/416/887
f 416/416/888 451/451/888 417/417/888
f 452/452/889 438/438/889 418/418/889
f 418/418/890 438/438/890 404/404/890
f 451/451/891 452/452/891 417/417/891
f 417/417/892 452/452/892 418/418/892
f 460/460/893 461/461/893 453/453/893
f 459/459/894 460/460/894 453/453/894
f 458/458/895 459/459/895 453/453/895
f 457/457/896 458/458/896 453/453/896
f 456/456/897 457/457/897 453/453/897
f 455/455/898 456/456/898 453/453/898
f 454/454/899 455/455/899 453/453/899
f 462/462/900 470/470/900 469/469/900
f 462/462/901 469/469/901 468/468/901
f 462/462/902 468/468/902 467/467/902
f 462/462/903 467/467/903 466/466/903
f 462/462/904 466/466/904 465/465/904
f 462/462/905 465/465/905 464/464/905
f 462/462/906 464/464/906 463/463/906
f 462/462/907 463/463/907 453/453/907
f 453/453/908 463/463/908 454/454/908
f 463/463/909 464/464/909 454/454/909
f 454/454/910 464/464/910 455/455/910
f 464/464/911 465/465/911 455/455/911
f 455/455/912 465/465/912 456/456/912
f 465/465/913 466/466/913 456/456/913
f 456/456/914 466/466/914 457/457/914
f 466/466/915 467/467/915 457/457/915
f 457/457/916 467/467/916 458/458/916
f 467/467/917 468/468/917 458/458/917
f 458/458/918 468/468/918 459/459/918
f 468/468/919 469/469/919 459/459/919
f 459/459/920 469/469/920 460/460/920
f 470/470/921 462/462/921 461/461/921
f 461/461/922 462/462/922 453/453/922
f 469/469/923 470/470/923 460/460/923
f 460/460/924 470/470/924 461/461/924
f 490/490/925 491/491/925 484/484/925
f 489/489/926 490/490/926 484/484/926
f 502/502/927 489/489/927 484/484/927
f 484/484/928 491/491/928 492/492/928
f 483/483/929 484/484/929 492/492/929
f 482/482/930 483/483/930 492/492/930
f 481/481/931 482/482/931 492/492/931
f 480/480/932 481/481/932 492/492/932
f 479/479/933 480/480/933 492/492/933
f 477/477/934 478/478/934 479/479/934
f 476/476/935 477/477/935 479/479/935
f 475/475/936 476/476/936 479/479/936
f 474/474/937 475/475/937 479/479/937
f 473/473/938 474/474/938 479/479/938
f 472/472/939 473/473/939 479/479/939
f 488/488/940 471/471/940 472/472/940
f 487/487/941 488/488/941 472/472/941
f 486/486/942 487/487/942 472/472/942
f 485/485/943 486/486/943 472/472/943
f 502/502/944 484/484/944 485/485/944
f 479/479/945 492/492/945 493/493/945
f 502/502/946 485/485/946 472/472/946
f 501/501/947 502/502/947 472/472/947
f 500/500/948 501/501/948 472/472/948
f 499/499/949 500/500/949 472/472/949
f 498/498/950 499/499/950 472/472/950
f 479/479/951 493/493/951 494/494/951
f 498/498/952 472/472/952 479/479/952
f 497/497/953 498/498/953 479/479/953
f 496/496/954 497/497/954 479/479/954
f 495/495/955 496/496/955 479/479/955
f 494/494/956 495/495/956 479/479/956
f 516/516/957 523/523/957 522/522/957
f 516/516/958 522/522/958 521/521/958
f 516/516/959 521/521/959 534/534/959
f 524/524/960 523/523/960 516/516/960
f 524/524/961 516/516/961 515/515/961
f 524/524/962 515/515/962 514/514/962
f 524/524/963 514/514/963 513/513/963
f 524/524/964 513/513/964 512/512/964
f 524/524/965 512/512/965 511/511/965
f 511/511/966 510/510/966 509/509/966
f 511/511/967 509/509/967 508/508/967
f 511/511/968 508/508/968 507/507/968
f 511/511/969 507/507/969 506/506/969
f 511/511/970 506/506/970 505/505/970
f 511/511/971 505/505/971 504/504/971
f 504/504/972 503/503/972 520/520/972
f 504/504/973 520/520/973 519/519/973
f 504/504/974 519/519/974 518/518/974
f 504/504/975 518/518/975 517/517/975
f 517/517/976 516/516/976 534/534/976
f 525/525/977 524/524/977 511/511/977
f 504/504/978 517/517/978 534/534/978
f 504/504/979 534/534/979 533/533/979
f 504/504/980 533/533/980 532/532/980
f 504/504/981 532/532/981 531/531/981
f 504/504/982 531/531/982 530/530/982
f 526/526/983 525/525/983 511/511/983
f 511/511/984 504/504/984 530/530/984
f 511/511/985 530/530/985 529/529/985
f 511/511/986 529/529/986 528/528/986
f 511/511/987 528/528/987 527/527/987
f 511/511/988 527/527/988 526/526/988
f 503/503/989 504/504/989 471/471/989
f 471/471/990 504/504/990 472/472/990
f 504/504/991 505/505/991 472/472/991
f 472/472/992 505/505/992 473/473/992
f 505/505/993 506/506/993 473/473/993
f 473/473/994 506/506/994 474/474/994
f 506/506/995 507/507/995 474/474/995
f 474/474/996 507/507/996 475/475/996
f 507/507/997 508/508/997 475/475/997
f 475/475/998 508/508/998 476/476/998
f 508/508/999 509/509/999 476/476/999
f 476/476/1000 509/509/1000 477/477/1000
f 509/509/1001 510/510/1001 477/477/1001
f 477/477/1002 510/510/1002 478/478/1002
f 510/510/1003 511/511/1003 478/478/1003
f 478/478/1004 511/511/1004 479/479/1004
f 511/511/1005 512/512/1005 479/479/1005
f 479/479/1006 512/512/1006 480/480/1006
f 512/512/1007 513/513/1007 480/480/1007
f 480/480/1008 513/513/1008 481/481/1008
f 513/513/1009 514/514/1009 481/481/1009
f 481/481/1010 514/514/1010 482/482/1010
f 514/514/1011 515/515/1011 482/482/1011
f 482/482/1012 515/515/1012 483/483/1012
f 515/515/1013 516/516/1013 483/483/1013
f 483/483/1014 516/516/1014 484/484/1014
f 516/516/1015 517/517/1015 484/484/1015
f 484/484/1016 517/517/1016 485/485/1016
f 517/517/1017 518/518/1017 485/485/1017
f 485/485/1018 518/518/1018 486/486/1018
f 518/518/1019 519/519/1019 486/486/1019
f 486/486/1020 519/519/1020 487/487/1020
f 520/520/1021 503/503/1021 488/488/1021
f 488/488/1022 503/503/1022 471/471/1022
f 519/519/1023 520/520/1023 487/487/1023
f 487/487/1024 520/520/1024 488/488/1024
f 521/521/1025 522/522/1025 489/489/1025
f 489/489/1026 522/522/1026 490/490/1026
f 522/522/1027 523/523/1027 490/490/1027
f 490/490/1028 523/523/1028 491/491/1028
f 523/523/1029 524/524/1029 491/491/1029
f 491/491/1030 524/524/1030 492/492/1030
f 524/524/1031 525/525/1031 492/492/1031
f 492/492/1032 525/525/1032 493/493/1032
f 525/525/1033 526/526/1033 493/493/1033
f 493/493/1034 526/526/1034 494/494/1034
f 526/526/1035 527/527/1035 494/494/1035
f 494/494/1036 527/527/1036 495/495/1036
f 527/527/1037 528/528/1037 495/495/1037
f 495/495/1038 528/528/1038 496/496/1038
f 528/528/1039 529/529/1039 496/496/1039
f 496/496/1040 529/529/1040 497/497/1040
f 529/529/1041 530/530/1041 497/497/1041
f 497/497/1042 530/530/1042 498/498/1042
f 530/530/1043 531/531/1043 498/498/1043
f 498/498/1044 531/531/1044 499/499/1044
f 531/531/1045 532/532/1045 499/499/1045
f 499/499/1046 532/532/1046 500/500/1046
f 532/532/1047 533/533/1047 500/500/1047
f 500/500/1048 533/533/1048 501/501/1048
f 534/534/1049 521/521/1049 502/502/1049
f 502/502/1050 521/521/1050 489/489/1050
f 533/533/1051 534/534/1051 501/501/1051
f 501/501/1052 534/534/1052 502/502/1052
f 584/584/1053 585/585/1053 535/535/1053
f 583/583/1054 584/584/1054 535/535/1054
f 582/582/1055 583/583/1055 535/535/1055
f 581/581/1056 582/582/1056 535/535/1056
f 580/580/1057 581/581/1057 535/535/1057
f 579/579/1058 580/580/1058 535/535/1058
f 578/578/1059 579/579/1059 535/535/1059
f 577/577/1060 578/578/1060 535/535/1060
f 576/576/1061 577/577/1061 535/535/1061
f 575/575/1062 576/576/1062 535/535/1062
f 574/574/1063 575/575/1063 535/535/1063
f 572/572/1064 573/573/1064 574/574/1064
f 571/571/1065 572/572/1065 574/574/1065
f 570/570/1066 571/571/1066 574/574/1066
f 569/569/1067 570/570/1067 574/574/1067
f 568/568/1068 569/569/1068 574/574/1068
f 567/567/1069 568/568/1069 574/574/1069
f 566/566/1070 567/567/1070 574/574/1070
f 565/565/1071 566/566/1071 574/574/1071
f 564/564/1072 565/565/1072 574/574/1072
f 551/551/1073 552/552/1073 553/553/1073
f 549/549/1074 550/550/1074 551/551/1074
f 548/548/1075 549/549/1075 551/551/1075
f 547/547/1076 548/548/1076 551/551/1076
f 546/546/1077 547/547/1077 551/551/1077
f 545/545/1078 546/546/1078 551/551/1078
f 544/544/1079 545/545/1079 551/551/1079
f 543/543/1080 544/544/1080 551/551/1080
f 542/542/1081 543/543/1081 551/551/1081
f 541/541/1082 542/542/1082 551/551/1082
f 540/540/1083 541/541/1083 551/551/1083
f 539/539/1084 540/540/1084 551/551/1084
f 538/538/1085 539/539/1085 551/551/1085
f 536/536/1086 537/537/1086 538/538/1086
f 535/535/1087 536/536/1087 538/538/1087
f 564/564/1088 574/574/1088 535/535/1088
f 563/563/1089 564/564/1089 535/535/1089
f 562/562/1090 563/563/1090 535/535/1090
f 561/561/1091 562/562/1091 535/535/1091
f 560/560/1092 561/561/1092 535/535/1092
f 559/559/1093 560/560/1093 535/535/1093
f 558/558/1094 559/559/1094 535/535/1094
f 557/557/1095 558/558/1095 535/535/1095
f 556/556/1096 557/557/1096 535/535/1096
f 555/555/1097 556/556/1097 535/535/1097
f 538/538/1098 551/551/1098 553/553/1098
f 555/555/1099 535/535/1099 538/538/1099
f 554/554/1100 555/555/1100 538/538/1100
f 553/553/1101 554/554/1101 538/538/1101
f 586/586/1102 636/636/1102 635/635/1102
f 586/586/1103 635/635/1103 634/634/1103
f 586/586/1104 634/634/1104 633/633/1104
f 586/586/1105 633/633/1105 632/632/1105
f 586/586/1106 632/632/1106 631/631/1106
f 586/586/1107 631/631/1107 630/630/1107
f 586/586/1108 630/630/1108 629/629/1108
f 586/586/1109 629/629/1109 628/628/1109
f 586/586/1110 628/628/1110 627/627/1110
f 586/586/1111 627/627/1111 626/626/1111
f 586/586/1112 626/626/1112 625/625/1112
f 625/625/1113 624/624/1113 623/623/1113
f 625/625/1114 623/623/1114 622/622/1114
f 625/625/1115 622/622/1115 621/621/1115
f 625/625/1116 621/621/1116 620/620/1116
f 625/625/1117 620/620/1117 619/619/1117
f 625/625/1118 619/619/1118 618/618/1118
f 625/625/1119 618/618/1119 617/617/1119
f 625/625/1120 617/617/1120 616/616/1120
f 625/625/1121 616/616/1121 615/615/1121
f 604/604/1122 603/603/1122 602/602/1122
f 602/602/1123 601/601/1123 600/600/1123
f 602/602/1124 600/600/1124 599/599/1124
f 602/602/1125 599/599/1125 598/598/1125
f 602/602/1126 598/598/1126 597/597/1126
f 602/602/1127 597/597/1127 596/596/1127
f 602/602/1128 596/596/1128 595/595/1128
f 602/602/1129 595/595/1129 594/594/1129
f 602/602/1130 594/594/1130 593/593/1130
f 602/602/1131 593/593/1131 592/592/1131
f 602/602/1132 592/592/1132 591/591/1132
f 602/602/1133 591/591/1133 590/590/1133
f 602/602/1134 590/590/1134 589/589/1134
f 589/589/1135 588/588/1135 587/587/1135
f 589/589/1136 587/587/1136 586/586/1136
f 586/586/1137 625/625/1137 615/615/1137
f 586/586/1138 615/615/1138 614/614/1138
f 586/586/1139 614/614/1139 613/613/1139
f 586/586/1140 613/613/1140 612/612/1140
f 586/586/1141 612/612/1141 611/611/1141
f 586/586/1142 611/611/1142 610/610/1142
f 586/586/1143 610/610/1143 609/609/1143
f 586/586/1144 609/609/1144 608/608/1144
f 586/586/1145 608/608/1145 607/607/1145
f 586/586/1146 607/607/1146 606/606/1146
f 604/604/1147 602/602/1147 589/589/1147
f 589/589/1148 586/586/1148 606/606/1148
f 589/589/1149 606/606/1149 605/605/1149
f 589/589/1150 605/605/1150 604/604/1150
f 586/586/1151 587/587/1151 535/535/1151
f 535/535/1152 587/587/1152 536/536/1152
f 587/587/1153 588/588/1153 536/536/1153
f 536/536/1154 588/588/1154 537/537/1154
f 588/588/1155 589/589/1155 537/537/1155
f 537/537/1156 589/589/1156 538/538/1156
f 589/589/1157 590/590/1157 538/538/1157
f 538/538/1158 590/590/1158 539/539/1158
f 590/590/1159 591/591/1159 539/539/1159
f 539/539/1160 591/591/1160 540/540/1160
f 591/591/1161 592/592/1161 540/540/1161
f 540/540/1162 592/592/1162 541/541/1162
f 592/592/1163 593/593/1163 541/541/1163
f 541/541/1164 593/593/1164 542/542/1164
f 593/593/1165 594/594/1165 542/542/1165
f 542/542/1166 594/594/1166 543/543/1166
f 594/594/1167 595/595/1167 543/543/1167
f 543/543/1168 595/595/1168 544/544/1168
f 595/595/1169 596/596/1169 544/544/1169
f 544/544/1170 596/596/1170 545/545/1170
f 596/596/1171 597/597/1171 545/545/1171
f 545/545/1172 597/597/1172 546/546/1172
f 597/597/1173 598/598/1173 546/546/1173
f 546/546/1174 598/598/1174 547/547/1174
f 598/598/1175 599/599/1175 547/547/1175
f 547/547/1176 599/599/1176 548/548/1176
f 599/599/1177 600/600/1177 548/548/1177
f 548/548/1178 600/600/1178 549/549/1178
f 600/600/1179 601/601/1179 549/549/1179
f 549/549/1180 601/601/1180 550/550/1180
f 601/601/1181 602/602/1181 550/550/1181
f 550/550/1182 602/602/1182 551/551/1182
f 602/602/1183 603/603/1183 551/551/1183
f 551/551/1184 603/603/1184 552/552/1184
f 603/603/1185 604/604/1185 552/552/1185
f 552/552/1186 604/604/1186 553/553/1186
f 604/604/1187 605/605/1187 553/553/1187
f 553/553/1188 605/605/1188 554/554/1188
f 605/605/1189 606/606/1189 554/554/1189
f 554/554/1190 606/606/1190 555/555/1190
f 606/606/1191 607/607/1191 555/555/1191
f 555/555/1192 607/607/1192 556/556/1192
f 607/607/1193 608/608/1193 556/556/1193
f 556/556/1194 608/608/1194 557/557/1194
f 608/608/1195 609/609/1195 557/557/1195
f 557/557/1196 609/609/1196 558/558/1196
f 609/609/1197 610/610/1197 558/558/1197
f 558/558/1198 610/610/1198 559/559/1198
f 610/610/1199 611/611/1199 559/559/1199
f 559/559/1200 611/611/1200 560/560/1200
f 611/611/1201 612/612/1201 560/560/1201
f 560/560/1202 612/612/1202 561/561/1202
f 612/612/1203 613/613/1203 561/561/1203
f 561/561/1204 613/613/1204 562/562/1204
f 613/613/1205 614/614/1205 562/562/1205
f 562/562/1206 614/614/1206 563/563/1206
f 614/614/1207 615/615/1207 563/563/1207
f 563/563/1208 615/615/1208 564/564/1208
f 615/615/1209 616/616/1209 564/564/1209
f 564/564/1210 616/616/1210 565/565/1210
f 616/616/1211 617/617/1211 565/565/1211
f 565/565/1212 617/617/1212 566/566/1212
f 617/617/1213 618/618/1213 566/566/1213
f 566/566/1214 618/618/1214 567/567/1214
f 618/618/1215 619/619/1215 567/567/1215
f 567/567/1216 619/619/1216 568/568/1216
f 619/619/1217 620/620/1217 568/568/1217
f 568/568/1218 620/620/1218 569/569/1218
f 620/620/1219 621/621/1219 569/569/1219
f 569/569/1220 621/621/1220 570/570/1220
f 621/621/1221 622/622/1221 570/570/1221
f 570/570/1222 622/622/1222 571/571/1222
f 622/622/1223 623/623/1223 571/571/1223
f 571/571/1224 623/623/1224 572/572/1224
f 623/623/1225 624/624/1225 572/572/1225
f 572/572/1226 624/624/1226 573/573/1226
f 624/624/1227 625/625/1227 573/573/1227
f 573/573/1228 625/625/1228 574/574/1228
f 625/625/1229 626/626/1229 574/574/1229
f 574/574/1230 626/626/1230 575/575/1230
f 626/626/1231 627/627/1231 575/575/1231
f 575/575/1232 627/627/1232 576/576/1232
f 627/627/1233 628/628/1233 576/576/1233
f 576/576/1234 628/628/1234 577/577/1234
f 628/628/1235 629/629/1235 577/577/1235
f 577/577/1236 629/629/1236 578/578/1236
f 629/629/1237 630/630/1237 578/578/1237
f 578/578/1238 630/630/1238 579/579/1238
f 630/630/1239 631/631/1239 579/579/1239
f 579/579/1240 631/631/1240 580/580/1240
f 631/631/1241 632/632/1241 580/580/1241
f 580/580/1242 632/632/1242 581/581/1242
f 632/632/1243 633/633/1243 581/581/1243
f 581/581/1244 633/633/1244 582/582/1244
f 633/633/1245 634/634/1245 582/582/1245
f 582/582/1246 634/634/1246 583/583/1246
f 634/634/1247 635/635/1247 583/583/1247
f 583/583/1248 635/635/1248 584/584/1248
f 636/636/1249 586/586/1249 585/585/1249
f 585/585/1250 586/586/1250 535/535/1250
f 635/635/1251 636/636/1251 584/584/1251
f 584/584/1252 636/636/1252 585/585/1252
