# Cocopalm (grape) embossed logo - generated
mtllib cocopalm_logo.mtl
o mesh
v 0.353765 0.313762 0.101274
v 0.353910 0.314517 0.099009
v 0.355170 0.307470 0.079378
v 0.355219 0.305960 0.078623
v 0.355105 0.300674 0.080384
v 0.354960 0.298409 0.082649
v 0.354427 0.292872 0.090955
v 0.354282 0.292872 0.093220
v 0.353523 0.307470 0.105049
v 0.353523 0.309483 0.105049
v 0.377765 0.313762 0.101274
v 0.377910 0.314517 0.099009
v 0.379170 0.307470 0.079378
v 0.379219 0.305960 0.078623
v 0.379105 0.300674 0.080384
v 0.378960 0.298409 0.082649
v 0.378427 0.292872 0.090955
v 0.378282 0.292872 0.093220
v 0.377523 0.307470 0.105049
v 0.377523 0.309483 0.105049
v 0.366152 0.325591 -0.091763
v 0.366168 0.322067 -0.092015
v 0.365587 0.314768 -0.082955
v 0.365328 0.313510 -0.078928
v 0.365183 0.315272 -0.076663
v 0.364795 0.325339 -0.070622
v 0.364779 0.328359 -0.070371
v 0.365086 0.332638 -0.075153
v 0.365700 0.336916 -0.084716
v 0.390152 0.325591 -0.091763
v 0.390168 0.322067 -0.092015
v 0.389587 0.314768 -0.082955
v 0.389328 0.313510 -0.078928
v 0.389183 0.315272 -0.076663
v 0.388795 0.325339 -0.070622
v 0.388779 0.328359 -0.070371
v 0.389086 0.332638 -0.075153
v 0.389700 0.336916 -0.084716
v 0.356268 0.334148 0.062264
v 0.356801 0.331128 0.053958
v 0.356866 0.335909 0.052951
v 0.357027 0.340188 0.050435
v 0.357253 0.342956 0.046911
v 0.357528 0.343711 0.042633
v 0.357593 0.342705 0.041626
v 0.357431 0.340440 0.044143
v 0.357463 0.338930 0.043639
v 0.357883 0.339685 0.037096
v 0.358174 0.338174 0.032566
v 0.357932 0.336413 0.036341
v 0.357948 0.334399 0.036089
v 0.358352 0.333896 0.029797
v 0.358723 0.329617 0.024009
v 0.358917 0.328862 0.020988
v 0.359030 0.329869 0.019227
v 0.359288 0.327101 0.015200
v 0.359595 0.328107 0.010418
v 0.359854 0.324081 0.006391
v 0.360128 0.325591 0.002113
v 0.360273 0.320054 -0.000153
v 0.360370 0.319550 -0.001663
v 0.360709 0.325087 -0.006948
v 0.360661 0.326346 -0.006193
v 0.360403 0.328611 -0.002166
v 0.360483 0.336664 -0.003424
v 0.360580 0.338174 -0.004934
v 0.360871 0.337923 -0.009465
v 0.361113 0.336413 -0.013240
v 0.361129 0.331631 -0.013491
v 0.361065 0.327604 -0.012485
v 0.360790 0.325591 -0.008206
v 0.360903 0.319047 -0.009968
v 0.361049 0.317034 -0.012233
v 0.361323 0.316530 -0.016512
v 0.361565 0.317789 -0.020287
v 0.361630 0.320809 -0.021293
v 0.361743 0.321060 -0.023055
v 0.361888 0.324332 -0.025320
v 0.362050 0.323577 -0.027837
v 0.362179 0.325591 -0.029851
v 0.362341 0.326094 -0.032367
v 0.362615 0.329366 -0.036646
v 0.362696 0.328611 -0.037904
v 0.362857 0.329617 -0.040421
v 0.363035 0.329114 -0.043189
v 0.363180 0.330876 -0.045455
v 0.363358 0.330624 -0.048223
v 0.363584 0.331883 -0.051746
v 0.363536 0.327101 -0.050991
v 0.363633 0.325591 -0.052502
v 0.363600 0.323326 -0.051998
v 0.363697 0.322319 -0.053508
v 0.363665 0.320054 -0.053005
v 0.363762 0.319299 -0.054515
v 0.363713 0.315523 -0.053760
v 0.363826 0.314517 -0.055522
v 0.363778 0.309483 -0.054767
v 0.363891 0.308225 -0.056528
v 0.363939 0.305456 -0.057283
v 0.364117 0.304450 -0.060052
v 0.364262 0.302436 -0.062317
v 0.364004 0.295389 -0.058290
v 0.363907 0.289601 -0.056780
v 0.364375 0.286581 -0.064079
v 0.364262 0.284567 -0.062317
v 0.364246 0.281799 -0.062065
v 0.364375 0.280289 -0.064079
v 0.364537 0.280792 -0.066595
v 0.364553 0.279030 -0.066847
v 0.364908 0.271983 -0.072384
v 0.365118 0.266195 -0.075656
v 0.365134 0.262671 -0.075908
v 0.365280 0.257134 -0.078173
v 0.365312 0.242034 -0.078676
v 0.365732 0.232973 -0.085220
v 0.365894 0.224416 -0.087736
v 0.365829 0.214852 -0.086730
v 0.365587 0.207554 -0.082955
v 0.365183 0.201765 -0.076663
v 0.364925 0.199752 -0.072636
v 0.364569 0.198493 -0.067099
v 0.364214 0.190440 -0.061562
v 0.364230 0.181631 -0.061814
v 0.364101 0.177352 -0.059800
v 0.363988 0.177101 -0.058038
v 0.363859 0.178359 -0.056025
v 0.363552 0.178359 -0.051243
v 0.362744 0.167537 -0.038659
v 0.362696 0.168795 -0.037904
v 0.362615 0.168795 -0.036646
v 0.362341 0.166530 -0.032367
v 0.361743 0.163762 -0.023055
v 0.360855 0.162252 -0.009213
v 0.360306 0.162755 -0.000656
v 0.359676 0.165523 0.009160
v 0.359450 0.164768 0.012683
v 0.359353 0.166027 0.014193
v 0.358529 0.166027 0.027029
v 0.358416 0.167789 0.028790
v 0.358448 0.172319 0.028287
v 0.357754 0.178359 0.039109
v 0.357076 0.178359 0.049680
v 0.356947 0.177101 0.051693
v 0.356769 0.177101 0.054462
v 0.356640 0.178862 0.056475
v 0.356559 0.184903 0.057733
v 0.356575 0.188426 0.057482
v 0.356704 0.191698 0.055468
v 0.356704 0.194466 0.055468
v 0.356204 0.203779 0.063270
v 0.356074 0.203023 0.065284
v 0.356155 0.205037 0.064025
v 0.356155 0.206799 0.064025
v 0.356058 0.207805 0.065535
v 0.356058 0.210070 0.065535
v 0.355865 0.215859 0.068556
v 0.355735 0.217117 0.070569
v 0.355784 0.220641 0.069814
v 0.355719 0.221648 0.070821
v 0.355703 0.224919 0.071072
v 0.355606 0.225926 0.072582
v 0.355655 0.229198 0.071827
v 0.355590 0.230960 0.072834
v 0.355606 0.235238 0.072582
v 0.355509 0.235993 0.074092
v 0.355590 0.237755 0.072834
v 0.355574 0.241279 0.073086
v 0.355703 0.243292 0.071072
v 0.355800 0.248577 0.069562
v 0.355913 0.250842 0.067800
v 0.355913 0.253611 0.067800
v 0.355703 0.256379 0.071072
v 0.355509 0.260909 0.074092
v 0.355477 0.268460 0.074596
v 0.355574 0.271983 0.073086
v 0.355800 0.275758 0.069562
v 0.356074 0.277772 0.065284
v 0.356414 0.278527 0.059998
v 0.356349 0.286077 0.061005
v 0.356042 0.291111 0.065787
v 0.355945 0.290607 0.067297
v 0.355881 0.287839 0.068304
v 0.355945 0.282805 0.067297
v 0.355800 0.285574 0.069562
v 0.355751 0.288091 0.070317
v 0.355655 0.288594 0.071827
v 0.355477 0.285826 0.074596
v 0.355364 0.281799 0.076358
v 0.355315 0.282805 0.077113
v 0.355332 0.289601 0.076861
v 0.355235 0.290607 0.078371
v 0.355396 0.294886 0.075854
v 0.355687 0.297403 0.071324
v 0.355655 0.302940 0.071827
v 0.355525 0.301933 0.073841
v 0.355412 0.298913 0.075602
v 0.355380 0.304701 0.076106
v 0.355477 0.312000 0.074596
v 0.355671 0.316530 0.071576
v 0.356042 0.320557 0.065787
v 0.356074 0.322067 0.065284
v 0.355800 0.322570 0.069562
v 0.355348 0.320557 0.076609
v 0.355315 0.321060 0.077113
v 0.355655 0.326346 0.071827
v 0.356155 0.329366 0.064025
v 0.356107 0.331128 0.064780
v 0.355751 0.332134 0.070317
v 0.355735 0.332889 0.070569
v 0.380268 0.334148 0.062264
v 0.380801 0.331128 0.053958
v 0.380866 0.335909 0.052951
v 0.381027 0.340188 0.050435
v 0.381253 0.342956 0.046911
v 0.381528 0.343711 0.042633
v 0.381593 0.342705 0.041626
v 0.381431 0.340440 0.044143
v 0.381463 0.338930 0.043639
v 0.381883 0.339685 0.037096
v 0.382174 0.338174 0.032566
v 0.381932 0.336413 0.036341
v 0.381948 0.334399 0.036089
v 0.382352 0.333896 0.029797
v 0.382723 0.329617 0.024009
v 0.382917 0.328862 0.020988
v 0.383030 0.329869 0.019227
v 0.383288 0.327101 0.015200
v 0.383595 0.328107 0.010418
v 0.383854 0.324081 0.006391
v 0.384128 0.325591 0.002113
v 0.384273 0.320054 -0.000153
v 0.384370 0.319550 -0.001663
v 0.384709 0.325087 -0.006948
v 0.384661 0.326346 -0.006193
v 0.384403 0.328611 -0.002166
v 0.384483 0.336664 -0.003424
v 0.384580 0.338174 -0.004934
v 0.384871 0.337923 -0.009465
v 0.385113 0.336413 -0.013240
v 0.385129 0.331631 -0.013491
v 0.385065 0.327604 -0.012485
v 0.384790 0.325591 -0.008206
v 0.384903 0.319047 -0.009968
v 0.385049 0.317034 -0.012233
v 0.385323 0.316530 -0.016512
v 0.385565 0.317789 -0.020287
v 0.385630 0.320809 -0.021293
v 0.385743 0.321060 -0.023055
v 0.385888 0.324332 -0.025320
v 0.386050 0.323577 -0.027837
v 0.386179 0.325591 -0.029851
v 0.386341 0.326094 -0.032367
v 0.386615 0.329366 -0.036646
v 0.386696 0.328611 -0.037904
v 0.386857 0.329617 -0.040421
v 0.387035 0.329114 -0.043189
v 0.387180 0.330876 -0.045455
v 0.387358 0.330624 -0.048223
v 0.387584 0.331883 -0.051746
v 0.387536 0.327101 -0.050991
v 0.387633 0.325591 -0.052502
v 0.387600 0.323326 -0.051998
v 0.387697 0.322319 -0.053508
v 0.387665 0.320054 -0.053005
v 0.387762 0.319299 -0.054515
v 0.387713 0.315523 -0.053760
v 0.387826 0.314517 -0.055522
v 0.387778 0.309483 -0.054767
v 0.387891 0.308225 -0.056528
v 0.387939 0.305456 -0.057283
v 0.388117 0.304450 -0.060052
v 0.388262 0.302436 -0.062317
v 0.388004 0.295389 -0.058290
v 0.387907 0.289601 -0.056780
v 0.388375 0.286581 -0.064079
v 0.388262 0.284567 -0.062317
v 0.388246 0.281799 -0.062065
v 0.388375 0.280289 -0.064079
v 0.388537 0.280792 -0.066595
v 0.388553 0.279030 -0.066847
v 0.388908 0.271983 -0.072384
v 0.389118 0.266195 -0.075656
v 0.389134 0.262671 -0.075908
v 0.389280 0.257134 -0.078173
v 0.389312 0.242034 -0.078676
v 0.389732 0.232973 -0.085220
v 0.389894 0.224416 -0.087736
v 0.389829 0.214852 -0.086730
v 0.389587 0.207554 -0.082955
v 0.389183 0.201765 -0.076663
v 0.388925 0.199752 -0.072636
v 0.388569 0.198493 -0.067099
v 0.388214 0.190440 -0.061562
v 0.388230 0.181631 -0.061814
v 0.388101 0.177352 -0.059800
v 0.387988 0.177101 -0.058038
v 0.387859 0.178359 -0.056025
v 0.387552 0.178359 -0.051243
v 0.386744 0.167537 -0.038659
v 0.386696 0.168795 -0.037904
v 0.386615 0.168795 -0.036646
v 0.386341 0.166530 -0.032367
v 0.385743 0.163762 -0.023055
v 0.384855 0.162252 -0.009213
v 0.384306 0.162755 -0.000656
v 0.383676 0.165523 0.009160
v 0.383450 0.164768 0.012683
v 0.383353 0.166027 0.014193
v 0.382529 0.166027 0.027029
v 0.382416 0.167789 0.028790
v 0.382448 0.172319 0.028287
v 0.381754 0.178359 0.039109
v 0.381076 0.178359 0.049680
v 0.380947 0.177101 0.051693
v 0.380769 0.177101 0.054462
v 0.380640 0.178862 0.056475
v 0.380559 0.184903 0.057733
v 0.380575 0.188426 0.057482
v 0.380704 0.191698 0.055468
v 0.380704 0.194466 0.055468
v 0.380204 0.203779 0.063270
v 0.380074 0.203023 0.065284
v 0.380155 0.205037 0.064025
v 0.380155 0.206799 0.064025
v 0.380058 0.207805 0.065535
v 0.380058 0.210070 0.065535
v 0.379865 0.215859 0.068556
v 0.379735 0.217117 0.070569
v 0.379784 0.220641 0.069814
v 0.379719 0.221648 0.070821
v 0.379703 0.224919 0.071072
v 0.379606 0.225926 0.072582
v 0.379655 0.229198 0.071827
v 0.379590 0.230960 0.072834
v 0.379606 0.235238 0.072582
v 0.379509 0.235993 0.074092
v 0.379590 0.237755 0.072834
v 0.379574 0.241279 0.073086
v 0.379703 0.243292 0.071072
v 0.379800 0.248577 0.069562
v 0.379913 0.250842 0.067800
v 0.379913 0.253611 0.067800
v 0.379703 0.256379 0.071072
v 0.379509 0.260909 0.074092
v 0.379477 0.268460 0.074596
v 0.379574 0.271983 0.073086
v 0.379800 0.275758 0.069562
v 0.380074 0.277772 0.065284
v 0.380414 0.278527 0.059998
v 0.380349 0.286077 0.061005
v 0.380042 0.291111 0.065787
v 0.379945 0.290607 0.067297
v 0.379881 0.287839 0.068304
v 0.379945 0.282805 0.067297
v 0.379800 0.285574 0.069562
v 0.379751 0.288091 0.070317
v 0.379655 0.288594 0.071827
v 0.379477 0.285826 0.074596
v 0.379364 0.281799 0.076358
v 0.379315 0.282805 0.077113
v 0.379332 0.289601 0.076861
v 0.379235 0.290607 0.078371
v 0.379396 0.294886 0.075854
v 0.379687 0.297403 0.071324
v 0.379655 0.302940 0.071827
v 0.379525 0.301933 0.073841
v 0.379412 0.298913 0.075602
v 0.379380 0.304701 0.076106
v 0.379477 0.312000 0.074596
v 0.379671 0.316530 0.071576
v 0.380042 0.320557 0.065787
v 0.380074 0.322067 0.065284
v 0.379800 0.322570 0.069562
v 0.379348 0.320557 0.076609
v 0.379315 0.321060 0.077113
v 0.379655 0.326346 0.071827
v 0.380155 0.329366 0.064025
v 0.380107 0.331128 0.064780
v 0.379751 0.332134 0.070317
v 0.379735 0.332889 0.070569
v 0.362082 0.345473 -0.028340
v 0.362324 0.343711 -0.032116
v 0.362324 0.337168 -0.032116
v 0.362163 0.332386 -0.029599
v 0.361969 0.332134 -0.026579
v 0.361598 0.333393 -0.020790
v 0.361468 0.334651 -0.018777
v 0.361485 0.341446 -0.019028
v 0.361662 0.345977 -0.021797
v 0.386082 0.345473 -0.028340
v 0.386324 0.343711 -0.032116
v 0.386324 0.337168 -0.032116
v 0.386163 0.332386 -0.029599
v 0.385969 0.332134 -0.026579
v 0.385598 0.333393 -0.020790
v 0.385468 0.334651 -0.018777
v 0.385485 0.341446 -0.019028
v 0.385662 0.345977 -0.021797
v 0.364553 0.345221 -0.066847
v 0.364408 0.339685 -0.064582
v 0.364101 0.334399 -0.059800
v 0.363665 0.337168 -0.053005
v 0.363358 0.340691 -0.048223
v 0.363536 0.347990 -0.050991
v 0.363843 0.353779 -0.055773
v 0.388553 0.345221 -0.066847
v 0.388408 0.339685 -0.064582
v 0.388101 0.334399 -0.059800
v 0.387665 0.337168 -0.053005
v 0.387358 0.340691 -0.048223
v 0.387536 0.347990 -0.050991
v 0.387843 0.353779 -0.055773
v 0.359240 0.355540 0.015955
v 0.359563 0.348242 0.010921
v 0.359595 0.346228 0.010418
v 0.359272 0.340943 0.015451
v 0.358949 0.337923 0.020485
v 0.358836 0.337923 0.022247
v 0.358529 0.343711 0.027029
v 0.358384 0.348997 0.029294
v 0.358432 0.350758 0.028539
v 0.358771 0.356044 0.023253
v 0.359030 0.357805 0.019227
v 0.383240 0.355540 0.015955
v 0.383563 0.348242 0.010921
v 0.383595 0.346228 0.010418
v 0.383272 0.340943 0.015451
v 0.382949 0.337923 0.020485
v 0.382836 0.337923 0.022247
v 0.382529 0.343711 0.027029
v 0.382384 0.348997 0.029294
v 0.382432 0.350758 0.028539
v 0.382771 0.356044 0.023253
v 0.383030 0.357805 0.019227
v 0.356575 0.354785 0.057482
v 0.356204 0.342956 0.063270
v 0.355945 0.338678 0.067297
v 0.355816 0.338678 0.069311
v 0.354912 0.347738 0.083405
v 0.354912 0.350507 0.083405
v 0.355315 0.361329 0.077113
v 0.380575 0.354785 0.057482
v 0.380204 0.342956 0.063270
v 0.379945 0.338678 0.067297
v 0.379816 0.338678 0.069311
v 0.378912 0.347738 0.083405
v 0.378912 0.350507 0.083405
v 0.379315 0.361329 0.077113
v 0.365780 0.383728 -0.085975
v 0.365861 0.381211 -0.087233
v 0.365813 0.378443 -0.086478
v 0.365667 0.376933 -0.084213
v 0.365490 0.377436 -0.081444
v 0.365377 0.379953 -0.079683
v 0.365409 0.382973 -0.080186
v 0.365587 0.384735 -0.082955
v 0.389780 0.383728 -0.085975
v 0.389861 0.381211 -0.087233
v 0.389813 0.378443 -0.086478
v 0.389667 0.376933 -0.084213
v 0.389490 0.377436 -0.081444
v 0.389377 0.379953 -0.079683
v 0.389409 0.382973 -0.080186
v 0.389587 0.384735 -0.082955
v 0.366394 0.451681 -0.095538
v 0.366184 0.442621 -0.092267
v 0.365877 0.436581 -0.087485
v 0.365441 0.432302 -0.080689
v 0.365441 0.431295 -0.080689
v 0.365667 0.428275 -0.084213
v 0.365764 0.425758 -0.085723
v 0.365797 0.419215 -0.086226
v 0.365716 0.415943 -0.084968
v 0.365554 0.413174 -0.082451
v 0.365280 0.411413 -0.078173
v 0.365280 0.407134 -0.078173
v 0.365167 0.403107 -0.076411
v 0.365248 0.398577 -0.077669
v 0.365248 0.380708 -0.077669
v 0.365086 0.375674 -0.075153
v 0.364779 0.372403 -0.070371
v 0.364569 0.371648 -0.067099
v 0.362421 0.371396 -0.033626
v 0.362373 0.366614 -0.032871
v 0.362276 0.363594 -0.031361
v 0.362098 0.361077 -0.028592
v 0.361808 0.359567 -0.024062
v 0.358562 0.359315 0.026525
v 0.358368 0.360574 0.029545
v 0.358206 0.362839 0.032062
v 0.358045 0.370138 0.034579
v 0.355493 0.369634 0.074344
v 0.355170 0.371648 0.079378
v 0.354960 0.375926 0.082649
v 0.354928 0.382470 0.083153
v 0.355057 0.386748 0.081139
v 0.355219 0.389013 0.078623
v 0.355509 0.390523 0.074092
v 0.356284 0.391279 0.062012
v 0.356252 0.396060 0.062515
v 0.355848 0.396312 0.068807
v 0.355671 0.397570 0.071576
v 0.355493 0.400339 0.074344
v 0.355396 0.403862 0.075854
v 0.355396 0.409148 0.075854
v 0.355509 0.414685 0.074092
v 0.355219 0.420473 0.078623
v 0.355186 0.426262 0.079126
v 0.355299 0.430540 0.077364
v 0.355638 0.434819 0.072079
v 0.355638 0.435826 0.072079
v 0.355461 0.437839 0.074847
v 0.355380 0.440104 0.076106
v 0.355170 0.440859 0.079378
v 0.355073 0.443124 0.080888
v 0.355009 0.449416 0.081894
v 0.355138 0.451681 0.079881
v 0.355671 0.454953 0.071576
v 0.355945 0.454450 0.067297
v 0.356252 0.456211 0.062515
v 0.356446 0.455960 0.059495
v 0.356575 0.457721 0.057482
v 0.357140 0.458225 0.048673
v 0.357350 0.456715 0.045401
v 0.357851 0.456715 0.037599
v 0.358061 0.453443 0.034327
v 0.358125 0.453443 0.033321
v 0.358335 0.456715 0.030049
v 0.358513 0.456966 0.027280
v 0.358610 0.456211 0.025770
v 0.358852 0.456715 0.021995
v 0.359030 0.454953 0.019227
v 0.359773 0.454198 0.007649
v 0.359934 0.451681 0.005133
v 0.360306 0.451178 -0.000656
v 0.360451 0.451933 -0.002921
v 0.360629 0.449668 -0.005689
v 0.360629 0.440104 -0.005689
v 0.360500 0.438342 -0.003676
v 0.360354 0.438594 -0.001411
v 0.360241 0.440356 0.000351
v 0.359837 0.441111 0.006643
v 0.359676 0.437084 0.009160
v 0.359563 0.436329 0.010921
v 0.359385 0.436581 0.013690
v 0.359208 0.438846 0.016458
v 0.359175 0.443376 0.016962
v 0.359046 0.446144 0.018975
v 0.358949 0.445641 0.020485
v 0.358933 0.439852 0.020737
v 0.358885 0.438594 0.021492
v 0.358432 0.438594 0.028539
v 0.358287 0.441362 0.030804
v 0.358352 0.446396 0.029797
v 0.358125 0.449919 0.033321
v 0.358029 0.449416 0.034831
v 0.358012 0.447403 0.035082
v 0.357899 0.445893 0.036844
v 0.357883 0.441614 0.037096
v 0.357738 0.439601 0.039361
v 0.357738 0.438594 0.039361
v 0.358303 0.435322 0.030552
v 0.358545 0.432805 0.026777
v 0.358949 0.424752 0.020485
v 0.360128 0.427017 0.002113
v 0.360806 0.426010 -0.008458
v 0.361275 0.423997 -0.015757
v 0.361307 0.425758 -0.016260
v 0.361178 0.430540 -0.014246
v 0.361194 0.434567 -0.014498
v 0.361307 0.438091 -0.016260
v 0.361582 0.441362 -0.020538
v 0.363633 0.443124 -0.052502
v 0.364117 0.442621 -0.060052
v 0.364343 0.444886 -0.063575
v 0.364569 0.445389 -0.067099
v 0.364876 0.453695 -0.071881
v 0.365312 0.458728 -0.078676
v 0.366007 0.462000 -0.089498
v 0.366249 0.461497 -0.093273
v 0.366394 0.458980 -0.095538
v 0.390394 0.451681 -0.095538
v 0.390184 0.442621 -0.092267
v 0.389877 0.436581 -0.087485
v 0.389441 0.432302 -0.080689
v 0.389441 0.431295 -0.080689
v 0.389667 0.428275 -0.084213
v 0.389764 0.425758 -0.085723
v 0.389797 0.419215 -0.086226
v 0.389716 0.415943 -0.084968
v 0.389554 0.413174 -0.082451
v 0.389280 0.411413 -0.078173
v 0.389280 0.407134 -0.078173
v 0.389167 0.403107 -0.076411
v 0.389248 0.398577 -0.077669
v 0.389248 0.380708 -0.077669
v 0.389086 0.375674 -0.075153
v 0.388779 0.372403 -0.070371
v 0.388569 0.371648 -0.067099
v 0.386421 0.371396 -0.033626
v 0.386373 0.366614 -0.032871
v 0.386276 0.363594 -0.031361
v 0.386098 0.361077 -0.028592
v 0.385808 0.359567 -0.024062
v 0.382562 0.359315 0.026525
v 0.382368 0.360574 0.029545
v 0.382206 0.362839 0.032062
v 0.382045 0.370138 0.034579
v 0.379493 0.369634 0.074344
v 0.379170 0.371648 0.079378
v 0.378960 0.375926 0.082649
v 0.378928 0.382470 0.083153
v 0.379057 0.386748 0.081139
v 0.379219 0.389013 0.078623
v 0.379509 0.390523 0.074092
v 0.380284 0.391279 0.062012
v 0.380252 0.396060 0.062515
v 0.379848 0.396312 0.068807
v 0.379671 0.397570 0.071576
v 0.379493 0.400339 0.074344
v 0.379396 0.403862 0.075854
v 0.379396 0.409148 0.075854
v 0.379509 0.414685 0.074092
v 0.379219 0.420473 0.078623
v 0.379186 0.426262 0.079126
v 0.379299 0.430540 0.077364
v 0.379638 0.434819 0.072079
v 0.379638 0.435826 0.072079
v 0.379461 0.437839 0.074847
v 0.379380 0.440104 0.076106
v 0.379170 0.440859 0.079378
v 0.379073 0.443124 0.080888
v 0.379009 0.449416 0.081894
v 0.379138 0.451681 0.079881
v 0.379671 0.454953 0.071576
v 0.379945 0.454450 0.067297
v 0.380252 0.456211 0.062515
v 0.380446 0.455960 0.059495
v 0.380575 0.457721 0.057482
v 0.381140 0.458225 0.048673
v 0.381350 0.456715 0.045401
v 0.381851 0.456715 0.037599
v 0.382061 0.453443 0.034327
v 0.382125 0.453443 0.033321
v 0.382335 0.456715 0.030049
v 0.382513 0.456966 0.027280
v 0.382610 0.456211 0.025770
v 0.382852 0.456715 0.021995
v 0.383030 0.454953 0.019227
v 0.383773 0.454198 0.007649
v 0.383934 0.451681 0.005133
v 0.384306 0.451178 -0.000656
v 0.384451 0.451933 -0.002921
v 0.384629 0.449668 -0.005689
v 0.384629 0.440104 -0.005689
v 0.384500 0.438342 -0.003676
v 0.384354 0.438594 -0.001411
v 0.384241 0.440356 0.000351
v 0.383837 0.441111 0.006643
v 0.383676 0.437084 0.009160
v 0.383563 0.436329 0.010921
v 0.383385 0.436581 0.013690
v 0.383208 0.438846 0.016458
v 0.383175 0.443376 0.016962
v 0.383046 0.446144 0.018975
v 0.382949 0.445641 0.020485
v 0.382933 0.439852 0.020737
v 0.382885 0.438594 0.021492
v 0.382432 0.438594 0.028539
v 0.382287 0.441362 0.030804
v 0.382352 0.446396 0.029797
v 0.382125 0.449919 0.033321
v 0.382029 0.449416 0.034831
v 0.382012 0.447403 0.035082
v 0.381899 0.445893 0.036844
v 0.381883 0.441614 0.037096
v 0.381738 0.439601 0.039361
v 0.381738 0.438594 0.039361
v 0.382303 0.435322 0.030552
v 0.382545 0.432805 0.026777
v 0.382949 0.424752 0.020485
v 0.384128 0.427017 0.002113
v 0.384806 0.426010 -0.008458
v 0.385275 0.423997 -0.015757
v 0.385307 0.425758 -0.016260
v 0.385178 0.430540 -0.014246
v 0.385194 0.434567 -0.014498
v 0.385307 0.438091 -0.016260
v 0.385582 0.441362 -0.020538
v 0.387633 0.443124 -0.052502
v 0.388117 0.442621 -0.060052
v 0.388343 0.444886 -0.063575
v 0.388569 0.445389 -0.067099
v 0.388876 0.453695 -0.071881
v 0.389312 0.458728 -0.078676
v 0.390007 0.462000 -0.089498
v 0.390249 0.461497 -0.093273
v 0.390394 0.458980 -0.095538
v 0.380042 0.216866 0.065787
v 0.380107 0.214852 0.064780
v 0.380188 0.214601 0.063522
v 0.380317 0.216362 0.061509
v 0.380446 0.213342 0.059495
v 0.380591 0.213091 0.057230
v 0.380672 0.211832 0.055972
v 0.380850 0.211832 0.053203
v 0.380995 0.210574 0.050938
v 0.381011 0.209315 0.050686
v 0.380898 0.206295 0.052448
v 0.380914 0.204534 0.052196
v 0.380834 0.205792 0.053455
v 0.380850 0.207050 0.053203
v 0.380801 0.208309 0.053958
v 0.380769 0.207805 0.054462
v 0.380785 0.205540 0.054210
v 0.380737 0.204534 0.054965
v 0.380446 0.204534 0.059495
v 0.380301 0.209064 0.061760
v 0.380155 0.210070 0.064025
v 0.380171 0.211077 0.063774
v 0.379978 0.213594 0.066794
v 0.379994 0.216614 0.066542
v 0.384042 0.216866 0.065787
v 0.384107 0.214852 0.064780
v 0.384188 0.214601 0.063522
v 0.384317 0.216362 0.061509
v 0.384446 0.213342 0.059495
v 0.384591 0.213091 0.057230
v 0.384672 0.211832 0.055972
v 0.384850 0.211832 0.053203
v 0.384995 0.210574 0.050938
v 0.385011 0.209315 0.050686
v 0.384898 0.206295 0.052448
v 0.384914 0.204534 0.052196
v 0.384834 0.205792 0.053455
v 0.384850 0.207050 0.053203
v 0.384801 0.208309 0.053958
v 0.384769 0.207805 0.054462
v 0.384785 0.205540 0.054210
v 0.384737 0.204534 0.054965
v 0.384446 0.204534 0.059495
v 0.384301 0.209064 0.061760
v 0.384155 0.210070 0.064025
v 0.384171 0.211077 0.063774
v 0.383978 0.213594 0.066794
v 0.383994 0.216614 0.066542
v 0.380123 0.222403 0.064529
v 0.380042 0.221144 0.065787
v 0.380058 0.218879 0.065535
v 0.379961 0.217872 0.067045
v 0.379865 0.220641 0.068556
v 0.379913 0.220893 0.067800
v 0.379961 0.220138 0.067045
v 0.380042 0.221899 0.065787
v 0.379978 0.222906 0.066794
v 0.379881 0.222151 0.068304
v 0.379929 0.225674 0.067549
v 0.380010 0.226430 0.066290
v 0.384123 0.222403 0.064529
v 0.384042 0.221144 0.065787
v 0.384058 0.218879 0.065535
v 0.383961 0.217872 0.067045
v 0.383865 0.220641 0.068556
v 0.383913 0.220893 0.067800
v 0.383961 0.220138 0.067045
v 0.384042 0.221899 0.065787
v 0.383978 0.222906 0.066794
v 0.383881 0.222151 0.068304
v 0.383929 0.225674 0.067549
v 0.384010 0.226430 0.066290
v 0.388892 0.244550 -0.072132
v 0.389280 0.241279 -0.078173
v 0.389554 0.237000 -0.082451
v 0.389716 0.233225 -0.084968
v 0.389877 0.225674 -0.087485
v 0.389845 0.216111 -0.086981
v 0.389603 0.208057 -0.083206
v 0.389167 0.201765 -0.076411
v 0.388731 0.198997 -0.069616
v 0.388634 0.198997 -0.068106
v 0.388634 0.203779 -0.068106
v 0.388602 0.204282 -0.067602
v 0.387390 0.204534 -0.048726
v 0.387100 0.210322 -0.044196
v 0.387003 0.214601 -0.042686
v 0.388488 0.214349 -0.065840
v 0.388553 0.215859 -0.066847
v 0.389102 0.215859 -0.075404
v 0.389296 0.216614 -0.078424
v 0.389280 0.218124 -0.078173
v 0.389005 0.218124 -0.073894
v 0.389005 0.220641 -0.073894
v 0.389199 0.221899 -0.076914
v 0.389151 0.223158 -0.076159
v 0.388828 0.222654 -0.071126
v 0.388779 0.224164 -0.070371
v 0.388811 0.226933 -0.070874
v 0.389118 0.227185 -0.075656
v 0.389167 0.227940 -0.076411
v 0.389102 0.229198 -0.075404
v 0.388747 0.228946 -0.069867
v 0.388650 0.227688 -0.068357
v 0.388650 0.222151 -0.068357
v 0.388860 0.220138 -0.071629
v 0.388860 0.218628 -0.071629
v 0.388828 0.217872 -0.071126
v 0.388553 0.217872 -0.066847
v 0.388553 0.244550 -0.066847
v 0.388456 0.245305 -0.065337
v 0.392892 0.244550 -0.072132
v 0.393280 0.241279 -0.078173
v 0.393554 0.237000 -0.082451
v 0.393716 0.233225 -0.084968
v 0.393877 0.225674 -0.087485
v 0.393845 0.216111 -0.086981
v 0.393603 0.208057 -0.083206
v 0.393167 0.201765 -0.076411
v 0.392731 0.198997 -0.069616
v 0.392634 0.198997 -0.068106
v 0.392634 0.203779 -0.068106
v 0.392602 0.204282 -0.067602
v 0.391390 0.204534 -0.048726
v 0.391100 0.210322 -0.044196
v 0.391003 0.214601 -0.042686
v 0.392488 0.214349 -0.065840
v 0.392553 0.215859 -0.066847
v 0.393102 0.215859 -0.075404
v 0.393296 0.216614 -0.078424
v 0.393280 0.218124 -0.078173
v 0.393005 0.218124 -0.073894
v 0.393005 0.220641 -0.073894
v 0.393199 0.221899 -0.076914
v 0.393151 0.223158 -0.076159
v 0.392828 0.222654 -0.071126
v 0.392779 0.224164 -0.070371
v 0.392811 0.226933 -0.070874
v 0.393118 0.227185 -0.075656
v 0.393167 0.227940 -0.076411
v 0.393102 0.229198 -0.075404
v 0.392747 0.228946 -0.069867
v 0.392650 0.227688 -0.068357
v 0.392650 0.222151 -0.068357
v 0.392860 0.220138 -0.071629
v 0.392860 0.218628 -0.071629
v 0.392828 0.217872 -0.071126
v 0.392553 0.217872 -0.066847
v 0.392553 0.244550 -0.066847
v 0.392456 0.245305 -0.065337
v 0.377765 0.313762 0.101274
v 0.377910 0.314517 0.099009
v 0.379170 0.307470 0.079378
v 0.379219 0.305960 0.078623
v 0.379105 0.300674 0.080384
v 0.378960 0.298409 0.082649
v 0.378427 0.292872 0.090955
v 0.378282 0.292872 0.093220
v 0.378120 0.295138 0.095737
v 0.377523 0.307470 0.105049
v 0.377523 0.309483 0.105049
v 0.381765 0.313762 0.101274
v 0.381910 0.314517 0.099009
v 0.383170 0.307470 0.079378
v 0.383219 0.305960 0.078623
v 0.383105 0.300674 0.080384
v 0.382960 0.298409 0.082649
v 0.382427 0.292872 0.090955
v 0.382282 0.292872 0.093220
v 0.382120 0.295138 0.095737
v 0.381523 0.307470 0.105049
v 0.381523 0.309483 0.105049
v 0.390007 0.330121 -0.089498
v 0.390152 0.325591 -0.091763
v 0.390168 0.322067 -0.092015
v 0.390023 0.319550 -0.089750
v 0.389587 0.314768 -0.082955
v 0.389328 0.313510 -0.078928
v 0.389183 0.315272 -0.076663
v 0.388795 0.325339 -0.070622
v 0.388779 0.328359 -0.070371
v 0.389086 0.332638 -0.075153
v 0.389700 0.336916 -0.084716
v 0.394007 0.330121 -0.089498
v 0.394152 0.325591 -0.091763
v 0.394168 0.322067 -0.092015
v 0.394023 0.319550 -0.089750
v 0.393587 0.314768 -0.082955
v 0.393328 0.313510 -0.078928
v 0.393183 0.315272 -0.076663
v 0.392795 0.325339 -0.070622
v 0.392779 0.328359 -0.070371
v 0.393086 0.332638 -0.075153
v 0.393700 0.336916 -0.084716
v 0.379994 0.333896 0.066542
v 0.380317 0.333896 0.061509
v 0.380559 0.332638 0.057733
v 0.380801 0.330372 0.053958
v 0.380866 0.335658 0.052951
v 0.381011 0.339685 0.050686
v 0.381205 0.342453 0.047666
v 0.381512 0.343711 0.042884
v 0.381593 0.342956 0.041626
v 0.381350 0.339181 0.045401
v 0.381366 0.337923 0.045149
v 0.381657 0.339433 0.040619
v 0.381948 0.339433 0.036089
v 0.382142 0.338174 0.033069
v 0.381819 0.335909 0.038102
v 0.381738 0.334399 0.039361
v 0.381770 0.333644 0.038858
v 0.382125 0.334399 0.033321
v 0.382335 0.333896 0.030049
v 0.382868 0.328107 0.021743
v 0.383030 0.329869 0.019227
v 0.383321 0.326094 0.014696
v 0.383369 0.326094 0.013941
v 0.383450 0.327856 0.012683
v 0.383579 0.328107 0.010670
v 0.383773 0.325591 0.007649
v 0.383870 0.323326 0.006139
v 0.384096 0.325591 0.002616
v 0.384177 0.324584 0.001358
v 0.384257 0.320054 0.000099
v 0.384338 0.318795 -0.001159
v 0.384532 0.321312 -0.004179
v 0.384726 0.325339 -0.007200
v 0.384403 0.328611 -0.002166
v 0.384419 0.333393 -0.002418
v 0.384483 0.336664 -0.003424
v 0.384580 0.338174 -0.004934
v 0.385032 0.337419 -0.011981
v 0.385113 0.336413 -0.013240
v 0.385129 0.331631 -0.013491
v 0.385065 0.327604 -0.012485
v 0.384790 0.325591 -0.008206
v 0.384806 0.322570 -0.008458
v 0.384919 0.318292 -0.010220
v 0.384984 0.318292 -0.011226
v 0.385065 0.316782 -0.012485
v 0.385436 0.316279 -0.018273
v 0.385485 0.317537 -0.019028
v 0.385582 0.317285 -0.020538
v 0.385630 0.320809 -0.021293
v 0.385743 0.320305 -0.023055
v 0.385888 0.324081 -0.025320
v 0.386034 0.322822 -0.027585
v 0.386179 0.325339 -0.029851
v 0.386276 0.324584 -0.031361
v 0.386405 0.327101 -0.033374
v 0.386599 0.329114 -0.036394
v 0.386744 0.328107 -0.038659
v 0.386890 0.329617 -0.040924
v 0.387003 0.328359 -0.042686
v 0.387213 0.330876 -0.045958
v 0.387310 0.330121 -0.047468
v 0.387568 0.331631 -0.051495
v 0.387536 0.327101 -0.050991
v 0.387616 0.325339 -0.052250
v 0.387568 0.323074 -0.051495
v 0.387681 0.322570 -0.053257
v 0.387633 0.319802 -0.052502
v 0.387762 0.319299 -0.054515
v 0.387697 0.315523 -0.053508
v 0.387826 0.314517 -0.055522
v 0.387729 0.309483 -0.054012
v 0.387891 0.307721 -0.056528
v 0.387891 0.304953 -0.056528
v 0.387810 0.303191 -0.055270
v 0.387875 0.302688 -0.056277
v 0.388020 0.305205 -0.058542
v 0.388246 0.302436 -0.062065
v 0.388004 0.295641 -0.058290
v 0.387923 0.291362 -0.057032
v 0.387810 0.290104 -0.055270
v 0.387810 0.289349 -0.055270
v 0.387891 0.288594 -0.056528
v 0.388020 0.289097 -0.058542
v 0.388359 0.286581 -0.063827
v 0.388230 0.284567 -0.061814
v 0.388198 0.282554 -0.061310
v 0.388004 0.281044 -0.058290
v 0.387923 0.279282 -0.057032
v 0.387729 0.279030 -0.054012
v 0.387649 0.277520 -0.052753
v 0.387681 0.276513 -0.053257
v 0.387891 0.274752 -0.056528
v 0.388085 0.271983 -0.059549
v 0.388214 0.268711 -0.061562
v 0.388279 0.265188 -0.062569
v 0.388279 0.259903 -0.062569
v 0.388230 0.256883 -0.061814
v 0.388069 0.252352 -0.059297
v 0.387810 0.248577 -0.055270
v 0.387826 0.245054 -0.055522
v 0.387907 0.243795 -0.056780
v 0.387568 0.241027 -0.051495
v 0.387326 0.237755 -0.047720
v 0.387132 0.233728 -0.044700
v 0.387003 0.229198 -0.042686
v 0.386518 0.230708 -0.035136
v 0.386324 0.229450 -0.032116
v 0.386211 0.227688 -0.030354
v 0.385727 0.223158 -0.022804
v 0.385420 0.221899 -0.018022
v 0.385097 0.219131 -0.012988
v 0.384306 0.217369 -0.000656
v 0.383724 0.217369 0.008405
v 0.383579 0.217872 0.010670
v 0.383514 0.218879 0.011676
v 0.383159 0.219634 0.017213
v 0.382917 0.221144 0.020988
v 0.382755 0.224164 0.023505
v 0.382594 0.225926 0.026022
v 0.382206 0.225674 0.032062
v 0.382061 0.224416 0.034327
v 0.381932 0.225423 0.036341
v 0.381576 0.230708 0.041878
v 0.381447 0.231463 0.043891
v 0.381318 0.233728 0.045905
v 0.381011 0.232470 0.050686
v 0.380737 0.232470 0.054965
v 0.380349 0.234987 0.061005
v 0.380107 0.239265 0.064780
v 0.380107 0.241027 0.064780
v 0.380042 0.243040 0.065787
v 0.380074 0.247067 0.065284
v 0.380042 0.248074 0.065787
v 0.380123 0.249584 0.064529
v 0.380171 0.252352 0.063774
v 0.379800 0.255121 0.069562
v 0.379655 0.257386 0.071827
v 0.379493 0.261916 0.074344
v 0.379461 0.266195 0.074847
v 0.379574 0.271732 0.073086
v 0.379768 0.275255 0.070066
v 0.380058 0.277520 0.065535
v 0.380430 0.278527 0.059747
v 0.380365 0.282554 0.060753
v 0.380365 0.286077 0.060753
v 0.379994 0.291866 0.066542
v 0.379881 0.287839 0.068304
v 0.379929 0.283560 0.067549
v 0.379784 0.286077 0.069814
v 0.379719 0.289349 0.070821
v 0.379671 0.289601 0.071576
v 0.379461 0.285574 0.074847
v 0.379348 0.282050 0.076609
v 0.379315 0.287336 0.077113
v 0.379428 0.291362 0.075351
v 0.379364 0.291866 0.076358
v 0.379251 0.290859 0.078119
v 0.379299 0.292872 0.077364
v 0.379428 0.295138 0.075351
v 0.379719 0.297151 0.070821
v 0.379703 0.301933 0.071072
v 0.379848 0.304450 0.068807
v 0.379978 0.304198 0.066794
v 0.380171 0.305205 0.063774
v 0.380123 0.303695 0.064529
v 0.380204 0.303443 0.063270
v 0.380301 0.304450 0.061760
v 0.380252 0.311497 0.062515
v 0.380301 0.313510 0.061760
v 0.380252 0.314013 0.062515
v 0.379800 0.307218 0.069562
v 0.379687 0.306463 0.071324
v 0.379445 0.299416 0.075099
v 0.379412 0.299668 0.075602
v 0.379396 0.306463 0.075854
v 0.379542 0.313762 0.073589
v 0.379735 0.317285 0.070569
v 0.380139 0.321060 0.064277
v 0.380171 0.322067 0.063774
v 0.379848 0.323074 0.068807
v 0.379315 0.320809 0.077113
v 0.379671 0.326346 0.071576
v 0.379961 0.328359 0.067045
v 0.380333 0.329366 0.061257
v 0.380252 0.330624 0.062515
v 0.379735 0.332638 0.070569
v 0.386841 0.274752 -0.040169
v 0.386599 0.272487 -0.036394
v 0.386567 0.260154 -0.035891
v 0.386680 0.257889 -0.037653
v 0.386696 0.250087 -0.037904
v 0.386809 0.248829 -0.039666
v 0.387083 0.247822 -0.043944
v 0.387213 0.245809 -0.045958
v 0.387358 0.241279 -0.048223
v 0.387439 0.240775 -0.049481
v 0.387681 0.243795 -0.053257
v 0.387536 0.247067 -0.050991
v 0.387972 0.252352 -0.057787
v 0.388133 0.256883 -0.060304
v 0.388182 0.259903 -0.061059
v 0.388182 0.265188 -0.061059
v 0.388101 0.269215 -0.059800
v 0.387891 0.273242 -0.056528
v 0.387552 0.275758 -0.051243
v 0.387180 0.276262 -0.045455
v 0.386890 0.242789 -0.040924
v 0.386809 0.241782 -0.039666
v 0.386744 0.239013 -0.038659
v 0.386631 0.237252 -0.036898
v 0.386615 0.235238 -0.036646
v 0.386534 0.233477 -0.035387
v 0.386567 0.232470 -0.035891
v 0.386922 0.231463 -0.041428
v 0.387003 0.232470 -0.042686
v 0.387245 0.238007 -0.046461
v 0.387100 0.243040 -0.044196
v 0.383434 0.318040 0.012935
v 0.383304 0.316279 0.014948
v 0.383175 0.312755 0.016962
v 0.383143 0.309232 0.017465
v 0.383014 0.307218 0.019478
v 0.382691 0.307721 0.024512
v 0.382594 0.306715 0.026022
v 0.382271 0.305708 0.031056
v 0.382045 0.303191 0.034579
v 0.381964 0.301430 0.035837
v 0.381899 0.296899 0.036844
v 0.382352 0.289601 0.029797
v 0.382384 0.264433 0.029294
v 0.382658 0.260154 0.025015
v 0.382788 0.260658 0.023002
v 0.382933 0.258393 0.020737
v 0.383030 0.251849 0.019227
v 0.383240 0.247319 0.015955
v 0.383547 0.244802 0.011173
v 0.383870 0.244047 0.006139
v 0.384193 0.245054 0.001106
v 0.384532 0.248577 -0.004179
v 0.384629 0.250591 -0.005689
v 0.384613 0.252856 -0.005438
v 0.384693 0.255121 -0.006696
v 0.384693 0.258644 -0.006696
v 0.384839 0.260909 -0.008961
v 0.384936 0.260406 -0.010471
v 0.385097 0.257889 -0.012988
v 0.385339 0.256379 -0.016763
v 0.385436 0.257889 -0.018273
v 0.385485 0.260658 -0.019028
v 0.385678 0.263426 -0.022049
v 0.386276 0.261916 -0.031361
v 0.386341 0.262923 -0.032367
v 0.386373 0.273242 -0.032871
v 0.386437 0.274500 -0.033877
v 0.386405 0.277772 -0.033374
v 0.386437 0.280792 -0.033877
v 0.386211 0.284819 -0.030354
v 0.386486 0.290356 -0.034632
v 0.386486 0.294634 -0.034632
v 0.386211 0.300423 -0.030354
v 0.385872 0.302436 -0.025069
v 0.385743 0.304450 -0.023055
v 0.385743 0.307470 -0.023055
v 0.385662 0.310993 -0.021797
v 0.385372 0.314768 -0.017267
v 0.385194 0.314013 -0.014498
v 0.385016 0.315272 -0.011730
v 0.384677 0.312503 -0.006444
v 0.384596 0.312503 -0.005186
v 0.384225 0.318040 0.000602
v 0.383789 0.319802 0.007398
v 0.384887 0.246815 -0.009716
v 0.384774 0.240020 -0.007955
v 0.384919 0.235490 -0.010220
v 0.385162 0.232721 -0.013995
v 0.385533 0.231211 -0.019783
v 0.385840 0.231715 -0.024565
v 0.386163 0.234232 -0.029599
v 0.386341 0.237755 -0.032367
v 0.386389 0.241782 -0.033122
v 0.386195 0.242285 -0.030102
v 0.386001 0.244047 -0.027082
v 0.385517 0.244047 -0.019532
v 0.385291 0.248326 -0.016008
v 0.385291 0.252352 -0.016008
v 0.385242 0.252856 -0.015253
v 0.384532 0.232470 -0.004179
v 0.384290 0.231463 -0.000404
v 0.384177 0.231715 0.001358
v 0.383676 0.224668 0.009160
v 0.383627 0.222403 0.009915
v 0.383692 0.220641 0.008908
v 0.383854 0.219634 0.006391
v 0.384290 0.219383 -0.000404
v 0.384483 0.220389 -0.003424
v 0.384677 0.220389 -0.006444
v 0.384790 0.221648 -0.008206
v 0.384936 0.221144 -0.010471
v 0.385049 0.222654 -0.012233
v 0.385081 0.225171 -0.012736
v 0.381899 0.235490 0.036844
v 0.381948 0.232470 0.036089
v 0.381883 0.230456 0.037096
v 0.382077 0.226933 0.034076
v 0.382594 0.227436 0.026022
v 0.382885 0.223913 0.021492
v 0.382981 0.223661 0.019982
v 0.383337 0.226178 0.014445
v 0.383531 0.230205 0.011425
v 0.383514 0.232470 0.011676
v 0.383579 0.234232 0.010670
v 0.383563 0.237000 0.010921
v 0.383304 0.240775 0.014948
v 0.383175 0.241530 0.016962
v 0.383014 0.241279 0.019478
v 0.382901 0.242789 0.021240
v 0.382675 0.243292 0.024764
v 0.382497 0.245809 0.027532
v 0.382174 0.243795 0.032566
v 0.381932 0.241027 0.036341
v 0.381189 0.297151 0.047918
v 0.380882 0.294634 0.052700
v 0.380720 0.294634 0.055217
v 0.380575 0.291866 0.057482
v 0.380462 0.287084 0.059243
v 0.380462 0.282554 0.059243
v 0.380527 0.278527 0.058237
v 0.380397 0.276513 0.060250
v 0.380123 0.276262 0.064529
v 0.379832 0.274500 0.069059
v 0.379671 0.271732 0.071576
v 0.379574 0.267956 0.073086
v 0.379590 0.261916 0.072834
v 0.379703 0.258393 0.071072
v 0.379800 0.256631 0.069562
v 0.380123 0.254617 0.064529
v 0.380268 0.252352 0.062264
v 0.380155 0.246312 0.064025
v 0.380204 0.239265 0.063270
v 0.380397 0.235993 0.060250
v 0.380753 0.233980 0.054713
v 0.381108 0.234483 0.049176
v 0.381302 0.235742 0.046156
v 0.381399 0.237252 0.044646
v 0.381512 0.241279 0.042884
v 0.381480 0.242789 0.043388
v 0.381560 0.245054 0.042129
v 0.381593 0.248577 0.041626
v 0.381754 0.251346 0.039109
v 0.382222 0.250591 0.031811
v 0.382481 0.251849 0.027784
v 0.382384 0.254366 0.029294
v 0.382497 0.256128 0.027532
v 0.382545 0.258644 0.026777
v 0.382158 0.264936 0.032817
v 0.382142 0.289349 0.033069
v 0.381803 0.295138 0.038354
v 0.381463 0.296648 0.043639
v 0.383994 0.333896 0.066542
v 0.384317 0.333896 0.061509
v 0.384559 0.332638 0.057733
v 0.384801 0.330372 0.053958
v 0.384866 0.335658 0.052951
v 0.385011 0.339685 0.050686
v 0.385205 0.342453 0.047666
v 0.385512 0.343711 0.042884
v 0.385593 0.342956 0.041626
v 0.385350 0.339181 0.045401
v 0.385366 0.337923 0.045149
v 0.385657 0.339433 0.040619
v 0.385948 0.339433 0.036089
v 0.386142 0.338174 0.033069
v 0.385819 0.335909 0.038102
v 0.385738 0.334399 0.039361
v 0.385770 0.333644 0.038858
v 0.386125 0.334399 0.033321
v 0.386335 0.333896 0.030049
v 0.386868 0.328107 0.021743
v 0.387030 0.329869 0.019227
v 0.387321 0.326094 0.014696
v 0.387369 0.326094 0.013941
v 0.387450 0.327856 0.012683
v 0.387579 0.328107 0.010670
v 0.387773 0.325591 0.007649
v 0.387870 0.323326 0.006139
v 0.388096 0.325591 0.002616
v 0.388177 0.324584 0.001358
v 0.388257 0.320054 0.000099
v 0.388338 0.318795 -0.001159
v 0.388532 0.321312 -0.004179
v 0.388726 0.325339 -0.007200
v 0.388403 0.328611 -0.002166
v 0.388419 0.333393 -0.002418
v 0.388483 0.336664 -0.003424
v 0.388580 0.338174 -0.004934
v 0.389032 0.337419 -0.011981
v 0.389113 0.336413 -0.013240
v 0.389129 0.331631 -0.013491
v 0.389065 0.327604 -0.012485
v 0.388790 0.325591 -0.008206
v 0.388806 0.322570 -0.008458
v 0.388919 0.318292 -0.010220
v 0.388984 0.318292 -0.011226
v 0.389065 0.316782 -0.012485
v 0.389436 0.316279 -0.018273
v 0.389485 0.317537 -0.019028
v 0.389582 0.317285 -0.020538
v 0.389630 0.320809 -0.021293
v 0.389743 0.320305 -0.023055
v 0.389888 0.324081 -0.025320
v 0.390034 0.322822 -0.027585
v 0.390179 0.325339 -0.029851
v 0.390276 0.324584 -0.031361
v 0.390405 0.327101 -0.033374
v 0.390599 0.329114 -0.036394
v 0.390744 0.328107 -0.038659
v 0.390890 0.329617 -0.040924
v 0.391003 0.328359 -0.042686
v 0.391213 0.330876 -0.045958
v 0.391310 0.330121 -0.047468
v 0.391568 0.331631 -0.051495
v 0.391536 0.327101 -0.050991
v 0.391616 0.325339 -0.052250
v 0.391568 0.323074 -0.051495
v 0.391681 0.322570 -0.053257
v 0.391633 0.319802 -0.052502
v 0.391762 0.319299 -0.054515
v 0.391697 0.315523 -0.053508
v 0.391826 0.314517 -0.055522
v 0.391729 0.309483 -0.054012
v 0.391891 0.307721 -0.056528
v 0.391891 0.304953 -0.056528
v 0.391810 0.303191 -0.055270
v 0.391875 0.302688 -0.056277
v 0.392020 0.305205 -0.058542
v 0.392246 0.302436 -0.062065
v 0.392004 0.295641 -0.058290
v 0.391923 0.291362 -0.057032
v 0.391810 0.290104 -0.055270
v 0.391810 0.289349 -0.055270
v 0.391891 0.288594 -0.056528
v 0.392020 0.289097 -0.058542
v 0.392359 0.286581 -0.063827
v 0.392230 0.284567 -0.061814
v 0.392198 0.282554 -0.061310
v 0.392004 0.281044 -0.058290
v 0.391923 0.279282 -0.057032
v 0.391729 0.279030 -0.054012
v 0.391649 0.277520 -0.052753
v 0.391681 0.276513 -0.053257
v 0.391891 0.274752 -0.056528
v 0.392085 0.271983 -0.059549
v 0.392214 0.268711 -0.061562
v 0.392279 0.265188 -0.062569
v 0.392279 0.259903 -0.062569
v 0.392230 0.256883 -0.061814
v 0.392069 0.252352 -0.059297
v 0.391810 0.248577 -0.055270
v 0.391826 0.245054 -0.055522
v 0.391907 0.243795 -0.056780
v 0.391568 0.241027 -0.051495
v 0.391326 0.237755 -0.047720
v 0.391132 0.233728 -0.044700
v 0.391003 0.229198 -0.042686
v 0.390518 0.230708 -0.035136
v 0.390324 0.229450 -0.032116
v 0.390211 0.227688 -0.030354
v 0.389727 0.223158 -0.022804
v 0.389420 0.221899 -0.018022
v 0.389097 0.219131 -0.012988
v 0.388306 0.217369 -0.000656
v 0.387724 0.217369 0.008405
v 0.387579 0.217872 0.010670
v 0.387514 0.218879 0.011676
v 0.387159 0.219634 0.017213
v 0.386917 0.221144 0.020988
v 0.386755 0.224164 0.023505
v 0.386594 0.225926 0.026022
v 0.386206 0.225674 0.032062
v 0.386061 0.224416 0.034327
v 0.385932 0.225423 0.036341
v 0.385576 0.230708 0.041878
v 0.385447 0.231463 0.043891
v 0.385318 0.233728 0.045905
v 0.385011 0.232470 0.050686
v 0.384737 0.232470 0.054965
v 0.384349 0.234987 0.061005
v 0.384107 0.239265 0.064780
v 0.384107 0.241027 0.064780
v 0.384042 0.243040 0.065787
v 0.384074 0.247067 0.065284
v 0.384042 0.248074 0.065787
v 0.384123 0.249584 0.064529
v 0.384171 0.252352 0.063774
v 0.383800 0.255121 0.069562
v 0.383655 0.257386 0.071827
v 0.383493 0.261916 0.074344
v 0.383461 0.266195 0.074847
v 0.383574 0.271732 0.073086
v 0.383768 0.275255 0.070066
v 0.384058 0.277520 0.065535
v 0.384430 0.278527 0.059747
v 0.384365 0.282554 0.060753
v 0.384365 0.286077 0.060753
v 0.383994 0.291866 0.066542
v 0.383881 0.287839 0.068304
v 0.383929 0.283560 0.067549
v 0.383784 0.286077 0.069814
v 0.383719 0.289349 0.070821
v 0.383671 0.289601 0.071576
v 0.383461 0.285574 0.074847
v 0.383348 0.282050 0.076609
v 0.383315 0.287336 0.077113
v 0.383428 0.291362 0.075351
v 0.383364 0.291866 0.076358
v 0.383251 0.290859 0.078119
v 0.383299 0.292872 0.077364
v 0.383428 0.295138 0.075351
v 0.383719 0.297151 0.070821
v 0.383703 0.301933 0.071072
v 0.383848 0.304450 0.068807
v 0.383978 0.304198 0.066794
v 0.384171 0.305205 0.063774
v 0.384123 0.303695 0.064529
v 0.384204 0.303443 0.063270
v 0.384301 0.304450 0.061760
v 0.384252 0.311497 0.062515
v 0.384301 0.313510 0.061760
v 0.384252 0.314013 0.062515
v 0.383800 0.307218 0.069562
v 0.383687 0.306463 0.071324
v 0.383445 0.299416 0.075099
v 0.383412 0.299668 0.075602
v 0.383396 0.306463 0.075854
v 0.383542 0.313762 0.073589
v 0.383735 0.317285 0.070569
v 0.384139 0.321060 0.064277
v 0.384171 0.322067 0.063774
v 0.383848 0.323074 0.068807
v 0.383315 0.320809 0.077113
v 0.383671 0.326346 0.071576
v 0.383961 0.328359 0.067045
v 0.384333 0.329366 0.061257
v 0.384252 0.330624 0.062515
v 0.383735 0.332638 0.070569
v 0.390841 0.274752 -0.040169
v 0.390599 0.272487 -0.036394
v 0.390567 0.260154 -0.035891
v 0.390680 0.257889 -0.037653
v 0.390696 0.250087 -0.037904
v 0.390809 0.248829 -0.039666
v 0.391083 0.247822 -0.043944
v 0.391213 0.245809 -0.045958
v 0.391358 0.241279 -0.048223
v 0.391439 0.240775 -0.049481
v 0.391681 0.243795 -0.053257
v 0.391536 0.247067 -0.050991
v 0.391972 0.252352 -0.057787
v 0.392133 0.256883 -0.060304
v 0.392182 0.259903 -0.061059
v 0.392182 0.265188 -0.061059
v 0.392101 0.269215 -0.059800
v 0.391891 0.273242 -0.056528
v 0.391552 0.275758 -0.051243
v 0.391180 0.276262 -0.045455
v 0.390890 0.242789 -0.040924
v 0.390809 0.241782 -0.039666
v 0.390744 0.239013 -0.038659
v 0.390631 0.237252 -0.036898
v 0.390615 0.235238 -0.036646
v 0.390534 0.233477 -0.035387
v 0.390567 0.232470 -0.035891
v 0.390922 0.231463 -0.041428
v 0.391003 0.232470 -0.042686
v 0.391245 0.238007 -0.046461
v 0.391100 0.243040 -0.044196
v 0.387434 0.318040 0.012935
v 0.387304 0.316279 0.014948
v 0.387175 0.312755 0.016962
v 0.387143 0.309232 0.017465
v 0.387014 0.307218 0.019478
v 0.386691 0.307721 0.024512
v 0.386594 0.306715 0.026022
v 0.386271 0.305708 0.031056
v 0.386045 0.303191 0.034579
v 0.385964 0.301430 0.035837
v 0.385899 0.296899 0.036844
v 0.386352 0.289601 0.029797
v 0.386384 0.264433 0.029294
v 0.386658 0.260154 0.025015
v 0.386788 0.260658 0.023002
v 0.386933 0.258393 0.020737
v 0.387030 0.251849 0.019227
v 0.387240 0.247319 0.015955
v 0.387547 0.244802 0.011173
v 0.387870 0.244047 0.006139
v 0.388193 0.245054 0.001106
v 0.388532 0.248577 -0.004179
v 0.388629 0.250591 -0.005689
v 0.388613 0.252856 -0.005438
v 0.388693 0.255121 -0.006696
v 0.388693 0.258644 -0.006696
v 0.388839 0.260909 -0.008961
v 0.388936 0.260406 -0.010471
v 0.389097 0.257889 -0.012988
v 0.389339 0.256379 -0.016763
v 0.389436 0.257889 -0.018273
v 0.389485 0.260658 -0.019028
v 0.389678 0.263426 -0.022049
v 0.390276 0.261916 -0.031361
v 0.390341 0.262923 -0.032367
v 0.390373 0.273242 -0.032871
v 0.390437 0.274500 -0.033877
v 0.390405 0.277772 -0.033374
v 0.390437 0.280792 -0.033877
v 0.390211 0.284819 -0.030354
v 0.390486 0.290356 -0.034632
v 0.390486 0.294634 -0.034632
v 0.390211 0.300423 -0.030354
v 0.389872 0.302436 -0.025069
v 0.389743 0.304450 -0.023055
v 0.389743 0.307470 -0.023055
v 0.389662 0.310993 -0.021797
v 0.389372 0.314768 -0.017267
v 0.389194 0.314013 -0.014498
v 0.389016 0.315272 -0.011730
v 0.388677 0.312503 -0.006444
v 0.388596 0.312503 -0.005186
v 0.388225 0.318040 0.000602
v 0.387789 0.319802 0.007398
v 0.388887 0.246815 -0.009716
v 0.388774 0.240020 -0.007955
v 0.388919 0.235490 -0.010220
v 0.389162 0.232721 -0.013995
v 0.389533 0.231211 -0.019783
v 0.389840 0.231715 -0.024565
v 0.390163 0.234232 -0.029599
v 0.390341 0.237755 -0.032367
v 0.390389 0.241782 -0.033122
v 0.390195 0.242285 -0.030102
v 0.390001 0.244047 -0.027082
v 0.389517 0.244047 -0.019532
v 0.389291 0.248326 -0.016008
v 0.389291 0.252352 -0.016008
v 0.389242 0.252856 -0.015253
v 0.388532 0.232470 -0.004179
v 0.388290 0.231463 -0.000404
v 0.388177 0.231715 0.001358
v 0.387676 0.224668 0.009160
v 0.387627 0.222403 0.009915
v 0.387692 0.220641 0.008908
v 0.387854 0.219634 0.006391
v 0.388290 0.219383 -0.000404
v 0.388483 0.220389 -0.003424
v 0.388677 0.220389 -0.006444
v 0.388790 0.221648 -0.008206
v 0.388936 0.221144 -0.010471
v 0.389049 0.222654 -0.012233
v 0.389081 0.225171 -0.012736
v 0.385899 0.235490 0.036844
v 0.385948 0.232470 0.036089
v 0.385883 0.230456 0.037096
v 0.386077 0.226933 0.034076
v 0.386594 0.227436 0.026022
v 0.386885 0.223913 0.021492
v 0.386981 0.223661 0.019982
v 0.387337 0.226178 0.014445
v 0.387531 0.230205 0.011425
v 0.387514 0.232470 0.011676
v 0.387579 0.234232 0.010670
v 0.387563 0.237000 0.010921
v 0.387304 0.240775 0.014948
v 0.387175 0.241530 0.016962
v 0.387014 0.241279 0.019478
v 0.386901 0.242789 0.021240
v 0.386675 0.243292 0.024764
v 0.386497 0.245809 0.027532
v 0.386174 0.243795 0.032566
v 0.385932 0.241027 0.036341
v 0.385189 0.297151 0.047918
v 0.384882 0.294634 0.052700
v 0.384720 0.294634 0.055217
v 0.384575 0.291866 0.057482
v 0.384462 0.287084 0.059243
v 0.384462 0.282554 0.059243
v 0.384527 0.278527 0.058237
v 0.384397 0.276513 0.060250
v 0.384123 0.276262 0.064529
v 0.383832 0.274500 0.069059
v 0.383671 0.271732 0.071576
v 0.383574 0.267956 0.073086
v 0.383590 0.261916 0.072834
v 0.383703 0.258393 0.071072
v 0.383800 0.256631 0.069562
v 0.384123 0.254617 0.064529
v 0.384268 0.252352 0.062264
v 0.384155 0.246312 0.064025
v 0.384204 0.239265 0.063270
v 0.384397 0.235993 0.060250
v 0.384753 0.233980 0.054713
v 0.385108 0.234483 0.049176
v 0.385302 0.235742 0.046156
v 0.385399 0.237252 0.044646
v 0.385512 0.241279 0.042884
v 0.385480 0.242789 0.043388
v 0.385560 0.245054 0.042129
v 0.385593 0.248577 0.041626
v 0.385754 0.251346 0.039109
v 0.386222 0.250591 0.031811
v 0.386481 0.251849 0.027784
v 0.386384 0.254366 0.029294
v 0.386497 0.256128 0.027532
v 0.386545 0.258644 0.026777
v 0.386158 0.264936 0.032817
v 0.386142 0.289349 0.033069
v 0.385803 0.295138 0.038354
v 0.385463 0.296648 0.043639
v 0.385840 0.346228 -0.024565
v 0.386082 0.345473 -0.028340
v 0.386324 0.343711 -0.032116
v 0.386324 0.337168 -0.032116
v 0.386163 0.332386 -0.029599
v 0.385969 0.332134 -0.026579
v 0.385598 0.333393 -0.020790
v 0.385468 0.334651 -0.018777
v 0.385485 0.341446 -0.019028
v 0.385662 0.345977 -0.021797
v 0.389840 0.346228 -0.024565
v 0.390082 0.345473 -0.028340
v 0.390324 0.343711 -0.032116
v 0.390324 0.337168 -0.032116
v 0.390163 0.332386 -0.029599
v 0.389969 0.332134 -0.026579
v 0.389598 0.333393 -0.020790
v 0.389468 0.334651 -0.018777
v 0.389485 0.341446 -0.019028
v 0.389662 0.345977 -0.021797
v 0.387939 0.353275 -0.057283
v 0.388553 0.345221 -0.066847
v 0.388408 0.339685 -0.064582
v 0.388101 0.334399 -0.059800
v 0.388020 0.334399 -0.058542
v 0.387665 0.337168 -0.053005
v 0.387358 0.340691 -0.048223
v 0.387358 0.342201 -0.048223
v 0.387536 0.347990 -0.050991
v 0.387843 0.353779 -0.055773
v 0.391939 0.353275 -0.057283
v 0.392553 0.345221 -0.066847
v 0.392408 0.339685 -0.064582
v 0.392101 0.334399 -0.059800
v 0.392020 0.334399 -0.058542
v 0.391665 0.337168 -0.053005
v 0.391358 0.340691 -0.048223
v 0.391358 0.342201 -0.048223
v 0.391536 0.347990 -0.050991
v 0.391843 0.353779 -0.055773
v 0.383240 0.355540 0.015955
v 0.383563 0.348242 0.010921
v 0.383595 0.346228 0.010418
v 0.383272 0.340943 0.015451
v 0.382949 0.337923 0.020485
v 0.382836 0.337923 0.022247
v 0.382529 0.343711 0.027029
v 0.382384 0.347738 0.029294
v 0.382432 0.350758 0.028539
v 0.382771 0.356044 0.023253
v 0.382949 0.357805 0.020485
v 0.383030 0.357805 0.019227
v 0.387240 0.355540 0.015955
v 0.387563 0.348242 0.010921
v 0.387595 0.346228 0.010418
v 0.387272 0.340943 0.015451
v 0.386949 0.337923 0.020485
v 0.386836 0.337923 0.022247
v 0.386529 0.343711 0.027029
v 0.386384 0.347738 0.029294
v 0.386432 0.350758 0.028539
v 0.386771 0.356044 0.023253
v 0.386949 0.357805 0.020485
v 0.387030 0.357805 0.019227
v 0.380527 0.355540 0.058237
v 0.380575 0.354785 0.057482
v 0.380204 0.342956 0.063270
v 0.379945 0.338678 0.067297
v 0.379816 0.338678 0.069311
v 0.379073 0.345473 0.080888
v 0.378912 0.347738 0.083405
v 0.378912 0.350507 0.083405
v 0.379315 0.361329 0.077113
v 0.384527 0.355540 0.058237
v 0.384575 0.354785 0.057482
v 0.384204 0.342956 0.063270
v 0.383945 0.338678 0.067297
v 0.383816 0.338678 0.069311
v 0.383073 0.345473 0.080888
v 0.382912 0.347738 0.083405
v 0.382912 0.350507 0.083405
v 0.383315 0.361329 0.077113
v 0.388198 0.228191 -0.061310
v 0.388230 0.227688 -0.061814
v 0.388214 0.226933 -0.061562
v 0.388149 0.226933 -0.060555
v 0.388101 0.226178 -0.059800
v 0.388101 0.222654 -0.059800
v 0.388214 0.221899 -0.061562
v 0.388214 0.221144 -0.061562
v 0.388004 0.220641 -0.058290
v 0.387972 0.220138 -0.057787
v 0.387972 0.217872 -0.057787
v 0.388004 0.217369 -0.058290
v 0.388295 0.217621 -0.062820
v 0.388295 0.216614 -0.062820
v 0.388036 0.215859 -0.058793
v 0.387616 0.215859 -0.052250
v 0.387552 0.216362 -0.051243
v 0.387584 0.217369 -0.051746
v 0.387810 0.217369 -0.055270
v 0.387859 0.218124 -0.056025
v 0.387859 0.220138 -0.056025
v 0.387826 0.220641 -0.055522
v 0.387649 0.220641 -0.052753
v 0.387616 0.221144 -0.052250
v 0.387633 0.221899 -0.052502
v 0.387729 0.222654 -0.054012
v 0.387729 0.226178 -0.054012
v 0.387616 0.226933 -0.052250
v 0.387616 0.227940 -0.052250
v 0.387826 0.225926 -0.055522
v 0.387826 0.222654 -0.055522
v 0.387956 0.222151 -0.057535
v 0.388004 0.223661 -0.058290
v 0.388004 0.226178 -0.058290
v 0.387875 0.226681 -0.056277
v 0.396198 0.228191 -0.061310
v 0.396230 0.227688 -0.061814
v 0.396214 0.226933 -0.061562
v 0.396149 0.226933 -0.060555
v 0.396101 0.226178 -0.059800
v 0.396101 0.222654 -0.059800
v 0.396214 0.221899 -0.061562
v 0.396214 0.221144 -0.061562
v 0.396004 0.220641 -0.058290
v 0.395972 0.220138 -0.057787
v 0.395972 0.217872 -0.057787
v 0.396004 0.217369 -0.058290
v 0.396295 0.217621 -0.062820
v 0.396295 0.216614 -0.062820
v 0.396036 0.215859 -0.058793
v 0.395616 0.215859 -0.052250
v 0.395552 0.216362 -0.051243
v 0.395584 0.217369 -0.051746
v 0.395810 0.217369 -0.055270
v 0.395859 0.218124 -0.056025
v 0.395859 0.220138 -0.056025
v 0.395826 0.220641 -0.055522
v 0.395649 0.220641 -0.052753
v 0.395616 0.221144 -0.052250
v 0.395633 0.221899 -0.052502
v 0.395729 0.222654 -0.054012
v 0.395729 0.226178 -0.054012
v 0.395616 0.226933 -0.052250
v 0.395616 0.227940 -0.052250
v 0.395826 0.225926 -0.055522
v 0.395826 0.222654 -0.055522
v 0.395956 0.222151 -0.057535
v 0.396004 0.223661 -0.058290
v 0.396004 0.226178 -0.058290
v 0.395875 0.226681 -0.056277
v 0.389054 0.228946 -0.074649
v 0.389151 0.228191 -0.076159
v 0.389102 0.227436 -0.075404
v 0.388795 0.227185 -0.070622
v 0.388763 0.226430 -0.070119
v 0.388763 0.223409 -0.070119
v 0.388828 0.222403 -0.071126
v 0.389167 0.222654 -0.076411
v 0.389183 0.221899 -0.076663
v 0.389151 0.221396 -0.076159
v 0.389021 0.221144 -0.074146
v 0.388973 0.220389 -0.073391
v 0.388973 0.218376 -0.073391
v 0.389021 0.217621 -0.074146
v 0.389264 0.217872 -0.077921
v 0.389296 0.217117 -0.078424
v 0.389264 0.216614 -0.077921
v 0.389086 0.216111 -0.075153
v 0.388569 0.216362 -0.067099
v 0.388553 0.216866 -0.066847
v 0.388602 0.217621 -0.067602
v 0.388844 0.217621 -0.071377
v 0.388876 0.218124 -0.071881
v 0.388876 0.220389 -0.071881
v 0.388828 0.221144 -0.071126
v 0.388715 0.221396 -0.069364
v 0.388650 0.223409 -0.068357
v 0.388650 0.226681 -0.068357
v 0.388715 0.228443 -0.069364
v 0.397054 0.228946 -0.074649
v 0.397151 0.228191 -0.076159
v 0.397102 0.227436 -0.075404
v 0.396795 0.227185 -0.070622
v 0.396763 0.226430 -0.070119
v 0.396763 0.223409 -0.070119
v 0.396828 0.222403 -0.071126
v 0.397167 0.222654 -0.076411
v 0.397183 0.221899 -0.076663
v 0.397151 0.221396 -0.076159
v 0.397021 0.221144 -0.074146
v 0.396973 0.220389 -0.073391
v 0.396973 0.218376 -0.073391
v 0.397021 0.217621 -0.074146
v 0.397264 0.217872 -0.077921
v 0.397296 0.217117 -0.078424
v 0.397264 0.216614 -0.077921
v 0.397086 0.216111 -0.075153
v 0.396569 0.216362 -0.067099
v 0.396553 0.216866 -0.066847
v 0.396602 0.217621 -0.067602
v 0.396844 0.217621 -0.071377
v 0.396876 0.218124 -0.071881
v 0.396876 0.220389 -0.071881
v 0.396828 0.221144 -0.071126
v 0.396715 0.221396 -0.069364
v 0.396650 0.223409 -0.068357
v 0.396650 0.226681 -0.068357
v 0.396715 0.228443 -0.069364
v 0.385032 0.222654 -0.011981
v 0.384936 0.221396 -0.010471
v 0.384790 0.221899 -0.008206
v 0.384677 0.220641 -0.006444
v 0.384483 0.220641 -0.003424
v 0.384290 0.219634 -0.000404
v 0.383854 0.219886 0.006391
v 0.383692 0.220893 0.008908
v 0.383644 0.222403 0.009663
v 0.383692 0.224668 0.008908
v 0.384177 0.231463 0.001358
v 0.384290 0.231211 -0.000404
v 0.384532 0.232218 -0.004179
v 0.384952 0.227185 -0.010723
v 0.385065 0.225171 -0.012485
v 0.393032 0.222654 -0.011981
v 0.392936 0.221396 -0.010471
v 0.392790 0.221899 -0.008206
v 0.392677 0.220641 -0.006444
v 0.392483 0.220641 -0.003424
v 0.392290 0.219634 -0.000404
v 0.391854 0.219886 0.006391
v 0.391692 0.220893 0.008908
v 0.391644 0.222403 0.009663
v 0.391692 0.224668 0.008908
v 0.392177 0.231463 0.001358
v 0.392290 0.231211 -0.000404
v 0.392532 0.232218 -0.004179
v 0.392952 0.227185 -0.010723
v 0.393065 0.225171 -0.012485
v 0.387132 0.240523 -0.044700
v 0.387229 0.238762 -0.046210
v 0.387229 0.238007 -0.046210
v 0.386987 0.232470 -0.042434
v 0.386922 0.231715 -0.041428
v 0.386760 0.231715 -0.038911
v 0.386567 0.232721 -0.035891
v 0.386551 0.233477 -0.035639
v 0.386631 0.235238 -0.036898
v 0.386647 0.237252 -0.037149
v 0.386760 0.239013 -0.038911
v 0.386825 0.241782 -0.039918
v 0.386890 0.242537 -0.040924
v 0.387100 0.242789 -0.044196
v 0.395132 0.240523 -0.044700
v 0.395229 0.238762 -0.046210
v 0.395229 0.238007 -0.046210
v 0.394987 0.232470 -0.042434
v 0.394922 0.231715 -0.041428
v 0.394760 0.231715 -0.038911
v 0.394567 0.232721 -0.035891
v 0.394551 0.233477 -0.035639
v 0.394631 0.235238 -0.036898
v 0.394647 0.237252 -0.037149
v 0.394760 0.239013 -0.038911
v 0.394825 0.241782 -0.039918
v 0.394890 0.242537 -0.040924
v 0.395100 0.242789 -0.044196
v 0.382174 0.243544 0.032566
v 0.382368 0.244299 0.029545
v 0.382497 0.245557 0.027532
v 0.382675 0.243040 0.024764
v 0.382901 0.242537 0.021240
v 0.383014 0.241027 0.019478
v 0.383175 0.241279 0.016962
v 0.383224 0.240523 0.016207
v 0.383304 0.240523 0.014948
v 0.383547 0.237000 0.011173
v 0.383563 0.234232 0.010921
v 0.383498 0.232470 0.011928
v 0.383514 0.230205 0.011676
v 0.383337 0.226430 0.014445
v 0.382981 0.223913 0.019982
v 0.382885 0.224164 0.021492
v 0.382594 0.227688 0.026022
v 0.382077 0.227185 0.034076
v 0.381899 0.230456 0.036844
v 0.381899 0.231463 0.036844
v 0.381964 0.232470 0.035837
v 0.381916 0.235490 0.036592
v 0.381916 0.239768 0.036592
v 0.381948 0.241027 0.036089
v 0.390174 0.243544 0.032566
v 0.390368 0.244299 0.029545
v 0.390497 0.245557 0.027532
v 0.390675 0.243040 0.024764
v 0.390901 0.242537 0.021240
v 0.391014 0.241027 0.019478
v 0.391175 0.241279 0.016962
v 0.391224 0.240523 0.016207
v 0.391304 0.240523 0.014948
v 0.391547 0.237000 0.011173
v 0.391563 0.234232 0.010921
v 0.391498 0.232470 0.011928
v 0.391514 0.230205 0.011676
v 0.391337 0.226430 0.014445
v 0.390981 0.223913 0.019982
v 0.390885 0.224164 0.021492
v 0.390594 0.227688 0.026022
v 0.390077 0.227185 0.034076
v 0.389899 0.230456 0.036844
v 0.389899 0.231463 0.036844
v 0.389964 0.232470 0.035837
v 0.389916 0.235490 0.036592
v 0.389916 0.239768 0.036592
v 0.389948 0.241027 0.036089
v 0.385065 0.250087 -0.012485
v 0.385259 0.252604 -0.015505
v 0.385291 0.251346 -0.016008
v 0.385275 0.248326 -0.015757
v 0.385323 0.246815 -0.016512
v 0.385517 0.243795 -0.019532
v 0.386082 0.243544 -0.028340
v 0.386195 0.242034 -0.030102
v 0.386373 0.241782 -0.032871
v 0.386373 0.239517 -0.032871
v 0.386260 0.235993 -0.031109
v 0.385969 0.232721 -0.026579
v 0.385598 0.231463 -0.020790
v 0.385323 0.231966 -0.016512
v 0.385000 0.234483 -0.011478
v 0.384806 0.239265 -0.008458
v 0.384790 0.240523 -0.008206
v 0.384839 0.241782 -0.008961
v 0.384839 0.243795 -0.008961
v 0.384903 0.246815 -0.009968
v 0.393065 0.250087 -0.012485
v 0.393259 0.252604 -0.015505
v 0.393291 0.251346 -0.016008
v 0.393275 0.248326 -0.015757
v 0.393323 0.246815 -0.016512
v 0.393517 0.243795 -0.019532
v 0.394082 0.243544 -0.028340
v 0.394195 0.242034 -0.030102
v 0.394373 0.241782 -0.032871
v 0.394373 0.239517 -0.032871
v 0.394260 0.235993 -0.031109
v 0.393969 0.232721 -0.026579
v 0.393598 0.231463 -0.020790
v 0.393323 0.231966 -0.016512
v 0.393000 0.234483 -0.011478
v 0.392806 0.239265 -0.008458
v 0.392790 0.240523 -0.008206
v 0.392839 0.241782 -0.008961
v 0.392839 0.243795 -0.008961
v 0.392903 0.246815 -0.009968
v 0.387552 0.275507 -0.051243
v 0.387891 0.272990 -0.056528
v 0.388085 0.269215 -0.059549
v 0.388166 0.265188 -0.060807
v 0.388166 0.259903 -0.060807
v 0.388117 0.256883 -0.060052
v 0.387956 0.252352 -0.057535
v 0.387681 0.249584 -0.053257
v 0.387520 0.247067 -0.050740
v 0.387665 0.243795 -0.053005
v 0.387439 0.241027 -0.049481
v 0.387374 0.241279 -0.048475
v 0.387342 0.243040 -0.047971
v 0.387229 0.244802 -0.046210
v 0.387229 0.245809 -0.046210
v 0.387083 0.248074 -0.043944
v 0.386809 0.249081 -0.039666
v 0.386712 0.250087 -0.038156
v 0.386696 0.257889 -0.037904
v 0.386583 0.260154 -0.036142
v 0.386615 0.272487 -0.036646
v 0.386922 0.275003 -0.041428
v 0.387180 0.276010 -0.045455
v 0.395552 0.275507 -0.051243
v 0.395891 0.272990 -0.056528
v 0.396085 0.269215 -0.059549
v 0.396166 0.265188 -0.060807
v 0.396166 0.259903 -0.060807
v 0.396117 0.256883 -0.060052
v 0.395956 0.252352 -0.057535
v 0.395681 0.249584 -0.053257
v 0.395520 0.247067 -0.050740
v 0.395665 0.243795 -0.053005
v 0.395439 0.241027 -0.049481
v 0.395374 0.241279 -0.048475
v 0.395342 0.243040 -0.047971
v 0.395229 0.244802 -0.046210
v 0.395229 0.245809 -0.046210
v 0.395083 0.248074 -0.043944
v 0.394809 0.249081 -0.039666
v 0.394712 0.250087 -0.038156
v 0.394696 0.257889 -0.037904
v 0.394583 0.260154 -0.036142
v 0.394615 0.272487 -0.036646
v 0.394922 0.275003 -0.041428
v 0.395180 0.276010 -0.045455
v 0.381706 0.294886 0.039864
v 0.381803 0.294886 0.038354
v 0.382125 0.289349 0.033321
v 0.382142 0.264936 0.033069
v 0.382529 0.258644 0.027029
v 0.382481 0.256128 0.027784
v 0.382368 0.254366 0.029545
v 0.382465 0.251849 0.028035
v 0.382222 0.250842 0.031811
v 0.381754 0.251597 0.039109
v 0.381576 0.248577 0.041878
v 0.381544 0.245054 0.042381
v 0.381463 0.242789 0.043639
v 0.381496 0.241279 0.043136
v 0.381383 0.237252 0.044898
v 0.381302 0.235993 0.046156
v 0.381108 0.234735 0.049176
v 0.380753 0.234232 0.054713
v 0.380397 0.236245 0.060250
v 0.380220 0.239265 0.063019
v 0.380171 0.246312 0.063774
v 0.380284 0.252352 0.062012
v 0.380123 0.254869 0.064529
v 0.379913 0.255876 0.067800
v 0.379719 0.258393 0.070821
v 0.379606 0.261916 0.072582
v 0.379574 0.264433 0.073086
v 0.379590 0.267956 0.072834
v 0.379687 0.271732 0.071324
v 0.379832 0.274248 0.069059
v 0.380123 0.276010 0.064529
v 0.380397 0.276262 0.060250
v 0.380543 0.278527 0.057985
v 0.380478 0.282554 0.058992
v 0.380478 0.287084 0.058992
v 0.380591 0.291866 0.057230
v 0.380720 0.294383 0.055217
v 0.380882 0.294383 0.052700
v 0.381189 0.296899 0.047918
v 0.381253 0.296396 0.046911
v 0.381463 0.296396 0.043639
v 0.389706 0.294886 0.039864
v 0.389803 0.294886 0.038354
v 0.390125 0.289349 0.033321
v 0.390142 0.264936 0.033069
v 0.390529 0.258644 0.027029
v 0.390481 0.256128 0.027784
v 0.390368 0.254366 0.029545
v 0.390465 0.251849 0.028035
v 0.390222 0.250842 0.031811
v 0.389754 0.251597 0.039109
v 0.389576 0.248577 0.041878
v 0.389544 0.245054 0.042381
v 0.389463 0.242789 0.043639
v 0.389496 0.241279 0.043136
v 0.389383 0.237252 0.044898
v 0.389302 0.235993 0.046156
v 0.389108 0.234735 0.049176
v 0.388753 0.234232 0.054713
v 0.388397 0.236245 0.060250
v 0.388220 0.239265 0.063019
v 0.388171 0.246312 0.063774
v 0.388284 0.252352 0.062012
v 0.388123 0.254869 0.064529
v 0.387913 0.255876 0.067800
v 0.387719 0.258393 0.070821
v 0.387606 0.261916 0.072582
v 0.387574 0.264433 0.073086
v 0.387590 0.267956 0.072834
v 0.387687 0.271732 0.071324
v 0.387832 0.274248 0.069059
v 0.388123 0.276010 0.064529
v 0.388397 0.276262 0.060250
v 0.388543 0.278527 0.057985
v 0.388478 0.282554 0.058992
v 0.388478 0.287084 0.058992
v 0.388591 0.291866 0.057230
v 0.388720 0.294383 0.055217
v 0.388882 0.294383 0.052700
v 0.389189 0.296899 0.047918
v 0.389253 0.296396 0.046911
v 0.389463 0.296396 0.043639
v 0.384225 0.317789 0.000602
v 0.384596 0.312252 -0.005186
v 0.384677 0.312252 -0.006444
v 0.385016 0.315020 -0.011730
v 0.385194 0.313762 -0.014498
v 0.385372 0.314517 -0.017267
v 0.385565 0.311497 -0.020287
v 0.385646 0.310993 -0.021545
v 0.385727 0.307470 -0.022804
v 0.385727 0.304450 -0.022804
v 0.385872 0.302185 -0.025069
v 0.386211 0.300171 -0.030354
v 0.386373 0.297403 -0.032871
v 0.386470 0.294634 -0.034381
v 0.386470 0.290356 -0.034381
v 0.386195 0.284819 -0.030102
v 0.386421 0.280792 -0.033626
v 0.386389 0.276513 -0.033122
v 0.386421 0.274500 -0.033626
v 0.386357 0.273242 -0.032619
v 0.386324 0.262923 -0.032116
v 0.386276 0.262168 -0.031361
v 0.386163 0.262168 -0.029599
v 0.385808 0.263678 -0.024062
v 0.385678 0.263678 -0.022049
v 0.385468 0.260658 -0.018777
v 0.385420 0.257889 -0.018022
v 0.385339 0.256631 -0.016763
v 0.385097 0.258141 -0.012988
v 0.384936 0.260658 -0.010471
v 0.384839 0.261161 -0.008961
v 0.384677 0.258644 -0.006444
v 0.384677 0.255121 -0.006444
v 0.384596 0.252856 -0.005186
v 0.384613 0.250591 -0.005438
v 0.384516 0.248577 -0.003928
v 0.384193 0.245305 0.001106
v 0.383870 0.244299 0.006139
v 0.383498 0.245305 0.011928
v 0.383240 0.247570 0.015955
v 0.383046 0.251849 0.018975
v 0.382949 0.258393 0.020485
v 0.382788 0.260909 0.023002
v 0.382658 0.260406 0.025015
v 0.382400 0.264433 0.029042
v 0.382368 0.289601 0.029545
v 0.381916 0.296899 0.036592
v 0.381980 0.301430 0.035586
v 0.382045 0.302940 0.034579
v 0.382271 0.305456 0.031056
v 0.382594 0.306463 0.026022
v 0.382691 0.307470 0.024512
v 0.383014 0.306966 0.019478
v 0.383159 0.309232 0.017213
v 0.383191 0.312755 0.016710
v 0.383321 0.316279 0.014696
v 0.383434 0.317789 0.012935
v 0.383789 0.319550 0.007398
v 0.392225 0.317789 0.000602
v 0.392596 0.312252 -0.005186
v 0.392677 0.312252 -0.006444
v 0.393016 0.315020 -0.011730
v 0.393194 0.313762 -0.014498
v 0.393372 0.314517 -0.017267
v 0.393565 0.311497 -0.020287
v 0.393646 0.310993 -0.021545
v 0.393727 0.307470 -0.022804
v 0.393727 0.304450 -0.022804
v 0.393872 0.302185 -0.025069
v 0.394211 0.300171 -0.030354
v 0.394373 0.297403 -0.032871
v 0.394470 0.294634 -0.034381
v 0.394470 0.290356 -0.034381
v 0.394195 0.284819 -0.030102
v 0.394421 0.280792 -0.033626
v 0.394389 0.276513 -0.033122
v 0.394421 0.274500 -0.033626
v 0.394357 0.273242 -0.032619
v 0.394324 0.262923 -0.032116
v 0.394276 0.262168 -0.031361
v 0.394163 0.262168 -0.029599
v 0.393808 0.263678 -0.024062
v 0.393678 0.263678 -0.022049
v 0.393468 0.260658 -0.018777
v 0.393420 0.257889 -0.018022
v 0.393339 0.256631 -0.016763
v 0.393097 0.258141 -0.012988
v 0.392936 0.260658 -0.010471
v 0.392839 0.261161 -0.008961
v 0.392677 0.258644 -0.006444
v 0.392677 0.255121 -0.006444
v 0.392596 0.252856 -0.005186
v 0.392613 0.250591 -0.005438
v 0.392516 0.248577 -0.003928
v 0.392193 0.245305 0.001106
v 0.391870 0.244299 0.006139
v 0.391498 0.245305 0.011928
v 0.391240 0.247570 0.015955
v 0.391046 0.251849 0.018975
v 0.390949 0.258393 0.020485
v 0.390788 0.260909 0.023002
v 0.390658 0.260406 0.025015
v 0.390400 0.264433 0.029042
v 0.390368 0.289601 0.029545
v 0.389916 0.296899 0.036592
v 0.389980 0.301430 0.035586
v 0.390045 0.302940 0.034579
v 0.390271 0.305456 0.031056
v 0.390594 0.306463 0.026022
v 0.390691 0.307470 0.024512
v 0.391014 0.306966 0.019478
v 0.391159 0.309232 0.017213
v 0.391191 0.312755 0.016710
v 0.391321 0.316279 0.014696
v 0.391434 0.317789 0.012935
v 0.391789 0.319550 0.007398
v 0.389700 0.382470 -0.084716
v 0.389700 0.379198 -0.084716
v 0.389603 0.380205 -0.083206
v 0.389538 0.379198 -0.082200
v 0.389538 0.382721 -0.082200
v 0.397700 0.382470 -0.084716
v 0.397700 0.379198 -0.084716
v 0.397603 0.380205 -0.083206
v 0.397538 0.379198 -0.082200
v 0.397538 0.382721 -0.082200
v 0.389748 0.383980 -0.085471
v 0.389845 0.381715 -0.086981
v 0.389813 0.378695 -0.086478
v 0.389684 0.377185 -0.084465
v 0.389490 0.377688 -0.081444
v 0.389393 0.379701 -0.079934
v 0.389409 0.382721 -0.080186
v 0.389554 0.384483 -0.082451
v 0.389441 0.382470 -0.080689
v 0.389425 0.379701 -0.080438
v 0.389522 0.377940 -0.081948
v 0.389667 0.377688 -0.084213
v 0.389780 0.378946 -0.085975
v 0.389813 0.381715 -0.086478
v 0.389732 0.383477 -0.085220
v 0.389571 0.383980 -0.082703
v 0.397748 0.383980 -0.085471
v 0.397845 0.381715 -0.086981
v 0.397813 0.378695 -0.086478
v 0.397684 0.377185 -0.084465
v 0.397490 0.377688 -0.081444
v 0.397393 0.379701 -0.079934
v 0.397409 0.382721 -0.080186
v 0.397554 0.384483 -0.082451
v 0.397441 0.382470 -0.080689
v 0.397425 0.379701 -0.080438
v 0.397522 0.377940 -0.081948
v 0.397667 0.377688 -0.084213
v 0.397780 0.378946 -0.085975
v 0.397813 0.381715 -0.086478
v 0.397732 0.383477 -0.085220
v 0.397571 0.383980 -0.082703
v 0.382545 0.373409 0.026777
v 0.382707 0.374416 0.024260
v 0.383724 0.374416 0.008405
v 0.383773 0.375171 0.007649
v 0.383773 0.382973 0.007649
v 0.383821 0.384735 0.006894
v 0.383983 0.386748 0.004378
v 0.384177 0.387000 0.001358
v 0.384354 0.385742 -0.001411
v 0.384451 0.383477 -0.002921
v 0.384467 0.375171 -0.003173
v 0.384516 0.374416 -0.003928
v 0.385856 0.374416 -0.024817
v 0.386034 0.371899 -0.027585
v 0.386050 0.368124 -0.027837
v 0.385953 0.365859 -0.026327
v 0.385791 0.364852 -0.023810
v 0.382642 0.364601 0.025267
v 0.382465 0.366614 0.028035
v 0.382432 0.370893 0.028539
v 0.390545 0.373409 0.026777
v 0.390707 0.374416 0.024260
v 0.391724 0.374416 0.008405
v 0.391773 0.375171 0.007649
v 0.391773 0.382973 0.007649
v 0.391821 0.384735 0.006894
v 0.391983 0.386748 0.004378
v 0.392177 0.387000 0.001358
v 0.392354 0.385742 -0.001411
v 0.392451 0.383477 -0.002921
v 0.392467 0.375171 -0.003173
v 0.392516 0.374416 -0.003928
v 0.393856 0.374416 -0.024817
v 0.394034 0.371899 -0.027585
v 0.394050 0.368124 -0.027837
v 0.393953 0.365859 -0.026327
v 0.393791 0.364852 -0.023810
v 0.390642 0.364601 0.025267
v 0.390465 0.366614 0.028035
v 0.390432 0.370893 0.028539
v 0.379299 0.382721 0.077364
v 0.379493 0.384987 0.074344
v 0.380607 0.385490 0.056978
v 0.380640 0.385993 0.056475
v 0.380640 0.394047 0.056475
v 0.380688 0.395809 0.055720
v 0.380834 0.397822 0.053455
v 0.381076 0.398326 0.049680
v 0.381189 0.397570 0.047918
v 0.381350 0.394299 0.045401
v 0.381350 0.386245 0.045401
v 0.381399 0.385490 0.044646
v 0.382739 0.385742 0.023757
v 0.382868 0.384987 0.021743
v 0.382965 0.383477 0.020233
v 0.383014 0.379953 0.019478
v 0.382981 0.378191 0.019982
v 0.382885 0.376430 0.021492
v 0.382626 0.375423 0.025519
v 0.379525 0.374919 0.073841
v 0.379396 0.375674 0.075854
v 0.379299 0.377436 0.077364
v 0.379267 0.381211 0.077868
v 0.387299 0.382721 0.077364
v 0.387493 0.384987 0.074344
v 0.388607 0.385490 0.056978
v 0.388640 0.385993 0.056475
v 0.388640 0.394047 0.056475
v 0.388688 0.395809 0.055720
v 0.388834 0.397822 0.053455
v 0.389076 0.398326 0.049680
v 0.389189 0.397570 0.047918
v 0.389350 0.394299 0.045401
v 0.389350 0.386245 0.045401
v 0.389399 0.385490 0.044646
v 0.390739 0.385742 0.023757
v 0.390868 0.384987 0.021743
v 0.390965 0.383477 0.020233
v 0.391014 0.379953 0.019478
v 0.390981 0.378191 0.019982
v 0.390885 0.376430 0.021492
v 0.390626 0.375423 0.025519
v 0.387525 0.374919 0.073841
v 0.387396 0.375674 0.075854
v 0.387299 0.377436 0.077364
v 0.387267 0.381211 0.077868
v 0.388892 0.380960 -0.072132
v 0.388763 0.378191 -0.070119
v 0.388521 0.376933 -0.066344
v 0.386518 0.376681 -0.035136
v 0.386389 0.377185 -0.033122
v 0.386211 0.379450 -0.030354
v 0.386147 0.381715 -0.029347
v 0.386147 0.392537 -0.029347
v 0.385969 0.393795 -0.026579
v 0.385856 0.396815 -0.024817
v 0.385872 0.399332 -0.025069
v 0.385985 0.401597 -0.026830
v 0.386341 0.402352 -0.032367
v 0.388440 0.402856 -0.065085
v 0.388747 0.401597 -0.069867
v 0.388892 0.398829 -0.072132
v 0.388149 0.394299 -0.060555
v 0.386874 0.394047 -0.040673
v 0.386825 0.393292 -0.039918
v 0.386825 0.385993 -0.039918
v 0.386874 0.385238 -0.040673
v 0.388149 0.385490 -0.060555
v 0.388198 0.386245 -0.061310
v 0.388198 0.393544 -0.061310
v 0.396892 0.380960 -0.072132
v 0.396763 0.378191 -0.070119
v 0.396521 0.376933 -0.066344
v 0.394518 0.376681 -0.035136
v 0.394389 0.377185 -0.033122
v 0.394211 0.379450 -0.030354
v 0.394147 0.381715 -0.029347
v 0.394147 0.392537 -0.029347
v 0.393969 0.393795 -0.026579
v 0.393856 0.396815 -0.024817
v 0.393872 0.399332 -0.025069
v 0.393985 0.401597 -0.026830
v 0.394341 0.402352 -0.032367
v 0.396440 0.402856 -0.065085
v 0.396747 0.401597 -0.069867
v 0.396892 0.398829 -0.072132
v 0.396149 0.394299 -0.060555
v 0.394874 0.394047 -0.040673
v 0.394825 0.393292 -0.039918
v 0.394825 0.385993 -0.039918
v 0.394874 0.385238 -0.040673
v 0.396149 0.385490 -0.060555
v 0.396198 0.386245 -0.061310
v 0.396198 0.393544 -0.061310
v 0.382771 0.418208 0.023253
v 0.383046 0.419466 0.018975
v 0.383837 0.421480 0.006643
v 0.384451 0.421480 -0.002921
v 0.384774 0.420725 -0.007955
v 0.385129 0.418963 -0.013491
v 0.385355 0.416698 -0.017015
v 0.385501 0.414181 -0.019280
v 0.385420 0.411161 -0.018022
v 0.385452 0.406631 -0.018525
v 0.385582 0.404366 -0.020538
v 0.385743 0.403107 -0.023055
v 0.385743 0.398326 -0.023055
v 0.385678 0.391530 -0.022049
v 0.385517 0.381715 -0.019532
v 0.385452 0.379953 -0.018525
v 0.385339 0.378695 -0.016763
v 0.385178 0.378443 -0.014246
v 0.384952 0.380456 -0.010723
v 0.384887 0.382721 -0.009716
v 0.384887 0.384483 -0.009716
v 0.384984 0.389517 -0.011226
v 0.384952 0.391279 -0.010723
v 0.383030 0.391027 0.019227
v 0.382868 0.392537 0.021743
v 0.382804 0.394550 0.022750
v 0.382836 0.398577 0.022247
v 0.382933 0.400087 0.020737
v 0.383062 0.400842 0.018723
v 0.385049 0.400842 -0.012233
v 0.385097 0.401597 -0.012988
v 0.385065 0.405624 -0.012485
v 0.384903 0.408896 -0.009968
v 0.384596 0.410909 -0.005186
v 0.383950 0.411413 0.004881
v 0.382868 0.408393 0.021743
v 0.382755 0.409148 0.023505
v 0.382626 0.411664 0.025519
v 0.382594 0.413930 0.026022
v 0.382642 0.416446 0.025267
v 0.390771 0.418208 0.023253
v 0.391046 0.419466 0.018975
v 0.391837 0.421480 0.006643
v 0.392451 0.421480 -0.002921
v 0.392774 0.420725 -0.007955
v 0.393129 0.418963 -0.013491
v 0.393355 0.416698 -0.017015
v 0.393501 0.414181 -0.019280
v 0.393420 0.411161 -0.018022
v 0.393452 0.406631 -0.018525
v 0.393582 0.404366 -0.020538
v 0.393743 0.403107 -0.023055
v 0.393743 0.398326 -0.023055
v 0.393678 0.391530 -0.022049
v 0.393517 0.381715 -0.019532
v 0.393452 0.379953 -0.018525
v 0.393339 0.378695 -0.016763
v 0.393178 0.378443 -0.014246
v 0.392952 0.380456 -0.010723
v 0.392887 0.382721 -0.009716
v 0.392887 0.384483 -0.009716
v 0.392984 0.389517 -0.011226
v 0.392952 0.391279 -0.010723
v 0.391030 0.391027 0.019227
v 0.390868 0.392537 0.021743
v 0.390804 0.394550 0.022750
v 0.390836 0.398577 0.022247
v 0.390933 0.400087 0.020737
v 0.391062 0.400842 0.018723
v 0.393049 0.400842 -0.012233
v 0.393097 0.401597 -0.012988
v 0.393065 0.405624 -0.012485
v 0.392903 0.408896 -0.009968
v 0.392596 0.410909 -0.005186
v 0.391950 0.411413 0.004881
v 0.390868 0.408393 0.021743
v 0.390755 0.409148 0.023505
v 0.390626 0.411664 0.025519
v 0.390594 0.413930 0.026022
v 0.390642 0.416446 0.025267
v 0.379768 0.429534 0.070066
v 0.380543 0.432554 0.057985
v 0.380995 0.433309 0.050938
v 0.381399 0.433309 0.044646
v 0.381754 0.432554 0.039109
v 0.382061 0.431044 0.034327
v 0.382352 0.428275 0.029797
v 0.382545 0.424752 0.026777
v 0.382675 0.419466 0.024764
v 0.382562 0.417705 0.026525
v 0.382481 0.415188 0.027784
v 0.382513 0.411161 0.027280
v 0.382658 0.408141 0.025015
v 0.382675 0.406883 0.024764
v 0.382448 0.392789 0.028287
v 0.382384 0.391027 0.029294
v 0.382271 0.389768 0.031056
v 0.382077 0.389517 0.034076
v 0.381932 0.390523 0.036341
v 0.381835 0.392034 0.037851
v 0.381786 0.395305 0.038606
v 0.381899 0.401094 0.036844
v 0.381867 0.402352 0.037347
v 0.379945 0.401597 0.067297
v 0.379865 0.402101 0.068556
v 0.379751 0.404366 0.070317
v 0.379751 0.408896 0.070317
v 0.379848 0.410909 0.068807
v 0.379945 0.411664 0.067297
v 0.381980 0.412168 0.035586
v 0.382029 0.412923 0.034831
v 0.382012 0.416698 0.035082
v 0.381948 0.418711 0.036089
v 0.381835 0.420473 0.037851
v 0.381496 0.422487 0.043136
v 0.381027 0.422738 0.050435
v 0.380543 0.421732 0.057985
v 0.379913 0.418963 0.067800
v 0.379768 0.418963 0.070066
v 0.379590 0.421228 0.072834
v 0.379542 0.422990 0.073589
v 0.379542 0.426010 0.073589
v 0.379590 0.427520 0.072834
v 0.387768 0.429534 0.070066
v 0.388543 0.432554 0.057985
v 0.388995 0.433309 0.050938
v 0.389399 0.433309 0.044646
v 0.389754 0.432554 0.039109
v 0.390061 0.431044 0.034327
v 0.390352 0.428275 0.029797
v 0.390545 0.424752 0.026777
v 0.390675 0.419466 0.024764
v 0.390562 0.417705 0.026525
v 0.390481 0.415188 0.027784
v 0.390513 0.411161 0.027280
v 0.390658 0.408141 0.025015
v 0.390675 0.406883 0.024764
v 0.390448 0.392789 0.028287
v 0.390384 0.391027 0.029294
v 0.390271 0.389768 0.031056
v 0.390077 0.389517 0.034076
v 0.389932 0.390523 0.036341
v 0.389835 0.392034 0.037851
v 0.389786 0.395305 0.038606
v 0.389899 0.401094 0.036844
v 0.389867 0.402352 0.037347
v 0.387945 0.401597 0.067297
v 0.387865 0.402101 0.068556
v 0.387751 0.404366 0.070317
v 0.387751 0.408896 0.070317
v 0.387848 0.410909 0.068807
v 0.387945 0.411664 0.067297
v 0.389980 0.412168 0.035586
v 0.390029 0.412923 0.034831
v 0.390012 0.416698 0.035082
v 0.389948 0.418711 0.036089
v 0.389835 0.420473 0.037851
v 0.389496 0.422487 0.043136
v 0.389027 0.422738 0.050435
v 0.388543 0.421732 0.057985
v 0.387913 0.418963 0.067800
v 0.387768 0.418963 0.070066
v 0.387590 0.421228 0.072834
v 0.387542 0.422990 0.073589
v 0.387542 0.426010 0.073589
v 0.387590 0.427520 0.072834
v 0.388133 0.433812 -0.060304
v 0.388085 0.430037 -0.059549
v 0.387956 0.428275 -0.057535
v 0.387746 0.428023 -0.054263
v 0.387697 0.427268 -0.053508
v 0.387697 0.415691 -0.053508
v 0.387746 0.414936 -0.054263
v 0.387891 0.414936 -0.056528
v 0.388020 0.414181 -0.058542
v 0.388133 0.411664 -0.060304
v 0.388117 0.408141 -0.060052
v 0.388020 0.406379 -0.058542
v 0.387843 0.405372 -0.055773
v 0.385759 0.404869 -0.023307
v 0.385582 0.406631 -0.020538
v 0.385533 0.408393 -0.019783
v 0.385533 0.410909 -0.019783
v 0.385582 0.412419 -0.020538
v 0.385711 0.413930 -0.022552
v 0.385921 0.414181 -0.025824
v 0.385969 0.414936 -0.026579
v 0.385969 0.426513 -0.026579
v 0.385937 0.427017 -0.026075
v 0.385695 0.427268 -0.022300
v 0.385565 0.429030 -0.020287
v 0.385517 0.432554 -0.019532
v 0.385630 0.435574 -0.021293
v 0.385775 0.436581 -0.023559
v 0.387939 0.437587 -0.057283
v 0.388069 0.436077 -0.059297
v 0.386664 0.426765 -0.037401
v 0.386664 0.415188 -0.037401
v 0.386712 0.414433 -0.038156
v 0.386970 0.414433 -0.042183
v 0.387035 0.415440 -0.043189
v 0.387035 0.426765 -0.043189
v 0.386987 0.427520 -0.042434
v 0.386712 0.427520 -0.038156
v 0.396133 0.433812 -0.060304
v 0.396085 0.430037 -0.059549
v 0.395956 0.428275 -0.057535
v 0.395746 0.428023 -0.054263
v 0.395697 0.427268 -0.053508
v 0.395697 0.415691 -0.053508
v 0.395746 0.414936 -0.054263
v 0.395891 0.414936 -0.056528
v 0.396020 0.414181 -0.058542
v 0.396133 0.411664 -0.060304
v 0.396117 0.408141 -0.060052
v 0.396020 0.406379 -0.058542
v 0.395843 0.405372 -0.055773
v 0.393759 0.404869 -0.023307
v 0.393582 0.406631 -0.020538
v 0.393533 0.408393 -0.019783
v 0.393533 0.410909 -0.019783
v 0.393582 0.412419 -0.020538
v 0.393711 0.413930 -0.022552
v 0.393921 0.414181 -0.025824
v 0.393969 0.414936 -0.026579
v 0.393969 0.426513 -0.026579
v 0.393937 0.427017 -0.026075
v 0.393695 0.427268 -0.022300
v 0.393565 0.429030 -0.020287
v 0.393517 0.432554 -0.019532
v 0.393630 0.435574 -0.021293
v 0.393775 0.436581 -0.023559
v 0.395939 0.437587 -0.057283
v 0.396069 0.436077 -0.059297
v 0.394664 0.426765 -0.037401
v 0.394664 0.415188 -0.037401
v 0.394712 0.414433 -0.038156
v 0.394970 0.414433 -0.042183
v 0.395035 0.415440 -0.043189
v 0.395035 0.426765 -0.043189
v 0.394987 0.427520 -0.042434
v 0.394712 0.427520 -0.038156
v 0.383547 0.442369 0.011173
v 0.383579 0.441614 0.010670
v 0.383514 0.440104 0.011676
v 0.383417 0.440859 0.013186
v 0.383417 0.441866 0.013186
v 0.383466 0.442621 0.012431
v 0.391547 0.442369 0.011173
v 0.391579 0.441614 0.010670
v 0.391514 0.440104 0.011676
v 0.391417 0.440859 0.013186
v 0.391417 0.441866 0.013186
v 0.391466 0.442621 0.012431
v 0.384144 0.447654 0.001861
v 0.384193 0.446648 0.001106
v 0.384193 0.445138 0.001106
v 0.384128 0.444131 0.002113
v 0.384031 0.444383 0.003623
v 0.383983 0.445389 0.004378
v 0.383999 0.447151 0.004126
v 0.384080 0.447906 0.002868
v 0.392144 0.447654 0.001861
v 0.392193 0.446648 0.001106
v 0.392193 0.445138 0.001106
v 0.392128 0.444131 0.002113
v 0.392031 0.444383 0.003623
v 0.391983 0.445389 0.004378
v 0.391999 0.447151 0.004126
v 0.392080 0.447906 0.002868
v 0.382545 0.452940 0.026777
v 0.382578 0.452185 0.026274
v 0.382578 0.450926 0.026274
v 0.382513 0.449919 0.027280
v 0.382432 0.450171 0.028539
v 0.382384 0.451178 0.029294
v 0.382400 0.452688 0.029042
v 0.382448 0.453191 0.028287
v 0.390545 0.452940 0.026777
v 0.390578 0.452185 0.026274
v 0.390578 0.450926 0.026274
v 0.390513 0.449919 0.027280
v 0.390432 0.450171 0.028539
v 0.390384 0.451178 0.029294
v 0.390400 0.452688 0.029042
v 0.390448 0.453191 0.028287
v 0.390007 0.449164 -0.089498
v 0.389797 0.442872 -0.086226
v 0.389619 0.440104 -0.083458
v 0.389441 0.438342 -0.080689
v 0.389167 0.437084 -0.076411
v 0.388941 0.437084 -0.072887
v 0.388908 0.436581 -0.072384
v 0.388941 0.434315 -0.072887
v 0.388941 0.427268 -0.072887
v 0.388989 0.426513 -0.073642
v 0.389296 0.426262 -0.078424
v 0.389377 0.425507 -0.079683
v 0.389474 0.422990 -0.081193
v 0.389474 0.420221 -0.081193
v 0.389425 0.418460 -0.080438
v 0.389328 0.417201 -0.078928
v 0.389005 0.416950 -0.073894
v 0.388957 0.416195 -0.073139
v 0.388957 0.408393 -0.073139
v 0.388876 0.405372 -0.071881
v 0.388715 0.403862 -0.069364
v 0.388472 0.404114 -0.065589
v 0.388359 0.405372 -0.063827
v 0.388279 0.407889 -0.062569
v 0.388279 0.436581 -0.062569
v 0.388472 0.439601 -0.065589
v 0.388698 0.439349 -0.069112
v 0.388876 0.437336 -0.071881
v 0.388908 0.437839 -0.072384
v 0.388925 0.443628 -0.072636
v 0.389102 0.449164 -0.075404
v 0.389264 0.451681 -0.077921
v 0.389522 0.453946 -0.081948
v 0.390087 0.456463 -0.090757
v 0.398007 0.449164 -0.089498
v 0.397797 0.442872 -0.086226
v 0.397619 0.440104 -0.083458
v 0.397441 0.438342 -0.080689
v 0.397167 0.437084 -0.076411
v 0.396941 0.437084 -0.072887
v 0.396908 0.436581 -0.072384
v 0.396941 0.434315 -0.072887
v 0.396941 0.427268 -0.072887
v 0.396989 0.426513 -0.073642
v 0.397296 0.426262 -0.078424
v 0.397377 0.425507 -0.079683
v 0.397474 0.422990 -0.081193
v 0.397474 0.420221 -0.081193
v 0.397425 0.418460 -0.080438
v 0.397328 0.417201 -0.078928
v 0.397005 0.416950 -0.073894
v 0.396957 0.416195 -0.073139
v 0.396957 0.408393 -0.073139
v 0.396876 0.405372 -0.071881
v 0.396715 0.403862 -0.069364
v 0.396472 0.404114 -0.065589
v 0.396359 0.405372 -0.063827
v 0.396279 0.407889 -0.062569
v 0.396279 0.436581 -0.062569
v 0.396472 0.439601 -0.065589
v 0.396698 0.439349 -0.069112
v 0.396876 0.437336 -0.071881
v 0.396908 0.437839 -0.072384
v 0.396925 0.443628 -0.072636
v 0.397102 0.449164 -0.075404
v 0.397264 0.451681 -0.077921
v 0.397522 0.453946 -0.081948
v 0.398087 0.456463 -0.090757
v 0.382271 0.455960 0.031056
v 0.382368 0.456715 0.029545
v 0.382545 0.456715 0.026777
v 0.382691 0.455456 0.024512
v 0.382788 0.456463 0.023002
v 0.382885 0.456463 0.021492
v 0.383014 0.454701 0.019478
v 0.383450 0.454198 0.012683
v 0.383579 0.454701 0.010670
v 0.383644 0.453946 0.009663
v 0.383789 0.453946 0.007398
v 0.383934 0.451178 0.005133
v 0.384144 0.451681 0.001861
v 0.384290 0.450674 -0.000404
v 0.384370 0.451681 -0.001663
v 0.384483 0.451681 -0.003424
v 0.384580 0.450674 -0.004934
v 0.384629 0.448913 -0.005689
v 0.384613 0.439852 -0.005438
v 0.384516 0.438594 -0.003928
v 0.384386 0.438594 -0.001914
v 0.384241 0.440859 0.000351
v 0.384063 0.440356 0.003119
v 0.383918 0.441111 0.005384
v 0.383821 0.442369 0.006894
v 0.383789 0.439349 0.007398
v 0.383724 0.437839 0.008405
v 0.383579 0.436581 0.010670
v 0.383369 0.436832 0.013941
v 0.383208 0.439097 0.016458
v 0.383175 0.441866 0.016962
v 0.383208 0.443124 0.016458
v 0.383094 0.445138 0.018220
v 0.383111 0.447403 0.017968
v 0.383062 0.447906 0.018723
v 0.382949 0.445893 0.020485
v 0.382901 0.443124 0.021240
v 0.382933 0.440356 0.020737
v 0.382868 0.438594 0.021743
v 0.382723 0.438091 0.024009
v 0.382432 0.438846 0.028539
v 0.382303 0.440859 0.030552
v 0.382303 0.443879 0.030552
v 0.382368 0.446144 0.029545
v 0.382142 0.450171 0.033069
v 0.382158 0.453695 0.032817
v 0.384370 0.449416 -0.001663
v 0.384370 0.441111 -0.001663
v 0.384451 0.440104 -0.002921
v 0.384516 0.441111 -0.003928
v 0.384532 0.447403 -0.004179
v 0.384516 0.449416 -0.003928
v 0.384419 0.450171 -0.002418
v 0.383886 0.448409 0.005888
v 0.383837 0.445389 0.006643
v 0.383886 0.443628 0.005888
v 0.383983 0.442369 0.004378
v 0.384177 0.442117 0.001358
v 0.384322 0.444131 -0.000908
v 0.384338 0.446648 -0.001159
v 0.384225 0.449164 0.000602
v 0.384063 0.450171 0.003119
v 0.383676 0.451933 0.009160
v 0.383660 0.449416 0.009411
v 0.383611 0.449668 0.010166
v 0.383611 0.451933 0.010166
v 0.383563 0.452940 0.010921
v 0.383514 0.452940 0.011676
v 0.383482 0.452185 0.012180
v 0.383450 0.444634 0.012683
v 0.383385 0.444383 0.013690
v 0.383272 0.442117 0.015451
v 0.383304 0.439601 0.014948
v 0.383434 0.438091 0.012935
v 0.383547 0.438091 0.011173
v 0.383692 0.439852 0.008908
v 0.383708 0.441866 0.008656
v 0.383563 0.444886 0.010921
v 0.383595 0.447151 0.010418
v 0.383660 0.447403 0.009411
v 0.383644 0.444383 0.009663
v 0.383724 0.443628 0.008405
v 0.383789 0.444886 0.007398
v 0.383821 0.451681 0.006894
v 0.383757 0.452688 0.007901
v 0.383062 0.452185 0.018723
v 0.383094 0.451178 0.018220
v 0.383288 0.450674 0.015200
v 0.383191 0.446899 0.016710
v 0.383191 0.445641 0.016710
v 0.383256 0.445138 0.015703
v 0.383385 0.447654 0.013690
v 0.383450 0.451933 0.012683
v 0.383321 0.452940 0.014696
v 0.383111 0.453191 0.017968
v 0.382788 0.454198 0.023002
v 0.382771 0.447403 0.023253
v 0.382497 0.447654 0.027532
v 0.382465 0.446899 0.028035
v 0.382513 0.445641 0.027280
v 0.382691 0.445138 0.024512
v 0.382675 0.444634 0.024764
v 0.382481 0.444634 0.027784
v 0.382416 0.443879 0.028790
v 0.382400 0.441362 0.029042
v 0.382497 0.440104 0.027532
v 0.382755 0.439601 0.023505
v 0.382820 0.440356 0.022498
v 0.382804 0.441614 0.022750
v 0.382594 0.441866 0.026022
v 0.382562 0.442621 0.026525
v 0.382771 0.442872 0.023253
v 0.382852 0.445389 0.021995
v 0.382820 0.446648 0.022498
v 0.382885 0.447403 0.021492
v 0.382901 0.448913 0.021240
v 0.383046 0.449668 0.018975
v 0.383030 0.450926 0.019227
v 0.382933 0.451430 0.020737
v 0.382933 0.453695 0.020737
v 0.382852 0.454953 0.021995
v 0.382271 0.453695 0.031056
v 0.382239 0.450674 0.031559
v 0.382368 0.448409 0.029545
v 0.382545 0.447906 0.026777
v 0.382691 0.449416 0.024512
v 0.382723 0.452185 0.024009
v 0.382610 0.454450 0.025770
v 0.382448 0.455456 0.028287
v 0.390271 0.455960 0.031056
v 0.390368 0.456715 0.029545
v 0.390545 0.456715 0.026777
v 0.390691 0.455456 0.024512
v 0.390788 0.456463 0.023002
v 0.390885 0.456463 0.021492
v 0.391014 0.454701 0.019478
v 0.391450 0.454198 0.012683
v 0.391579 0.454701 0.010670
v 0.391644 0.453946 0.009663
v 0.391789 0.453946 0.007398
v 0.391934 0.451178 0.005133
v 0.392144 0.451681 0.001861
v 0.392290 0.450674 -0.000404
v 0.392370 0.451681 -0.001663
v 0.392483 0.451681 -0.003424
v 0.392580 0.450674 -0.004934
v 0.392629 0.448913 -0.005689
v 0.392613 0.439852 -0.005438
v 0.392516 0.438594 -0.003928
v 0.392386 0.438594 -0.001914
v 0.392241 0.440859 0.000351
v 0.392063 0.440356 0.003119
v 0.391918 0.441111 0.005384
v 0.391821 0.442369 0.006894
v 0.391789 0.439349 0.007398
v 0.391724 0.437839 0.008405
v 0.391579 0.436581 0.010670
v 0.391369 0.436832 0.013941
v 0.391208 0.439097 0.016458
v 0.391175 0.441866 0.016962
v 0.391208 0.443124 0.016458
v 0.391094 0.445138 0.018220
v 0.391111 0.447403 0.017968
v 0.391062 0.447906 0.018723
v 0.390949 0.445893 0.020485
v 0.390901 0.443124 0.021240
v 0.390933 0.440356 0.020737
v 0.390868 0.438594 0.021743
v 0.390723 0.438091 0.024009
v 0.390432 0.438846 0.028539
v 0.390303 0.440859 0.030552
v 0.390303 0.443879 0.030552
v 0.390368 0.446144 0.029545
v 0.390142 0.450171 0.033069
v 0.390158 0.453695 0.032817
v 0.392370 0.449416 -0.001663
v 0.392370 0.441111 -0.001663
v 0.392451 0.440104 -0.002921
v 0.392516 0.441111 -0.003928
v 0.392532 0.447403 -0.004179
v 0.392516 0.449416 -0.003928
v 0.392419 0.450171 -0.002418
v 0.391886 0.448409 0.005888
v 0.391837 0.445389 0.006643
v 0.391886 0.443628 0.005888
v 0.391983 0.442369 0.004378
v 0.392177 0.442117 0.001358
v 0.392322 0.444131 -0.000908
v 0.392338 0.446648 -0.001159
v 0.392225 0.449164 0.000602
v 0.392063 0.450171 0.003119
v 0.391676 0.451933 0.009160
v 0.391660 0.449416 0.009411
v 0.391611 0.449668 0.010166
v 0.391611 0.451933 0.010166
v 0.391563 0.452940 0.010921
v 0.391514 0.452940 0.011676
v 0.391482 0.452185 0.012180
v 0.391450 0.444634 0.012683
v 0.391385 0.444383 0.013690
v 0.391272 0.442117 0.015451
v 0.391304 0.439601 0.014948
v 0.391434 0.438091 0.012935
v 0.391547 0.438091 0.011173
v 0.391692 0.439852 0.008908
v 0.391708 0.441866 0.008656
v 0.391563 0.444886 0.010921
v 0.391595 0.447151 0.010418
v 0.391660 0.447403 0.009411
v 0.391644 0.444383 0.009663
v 0.391724 0.443628 0.008405
v 0.391789 0.444886 0.007398
v 0.391821 0.451681 0.006894
v 0.391757 0.452688 0.007901
v 0.391062 0.452185 0.018723
v 0.391094 0.451178 0.018220
v 0.391288 0.450674 0.015200
v 0.391191 0.446899 0.016710
v 0.391191 0.445641 0.016710
v 0.391256 0.445138 0.015703
v 0.391385 0.447654 0.013690
v 0.391450 0.451933 0.012683
v 0.391321 0.452940 0.014696
v 0.391111 0.453191 0.017968
v 0.390788 0.454198 0.023002
v 0.390771 0.447403 0.023253
v 0.390497 0.447654 0.027532
v 0.390465 0.446899 0.028035
v 0.390513 0.445641 0.027280
v 0.390691 0.445138 0.024512
v 0.390675 0.444634 0.024764
v 0.390481 0.444634 0.027784
v 0.390416 0.443879 0.028790
v 0.390400 0.441362 0.029042
v 0.390497 0.440104 0.027532
v 0.390755 0.439601 0.023505
v 0.390820 0.440356 0.022498
v 0.390804 0.441614 0.022750
v 0.390594 0.441866 0.026022
v 0.390562 0.442621 0.026525
v 0.390771 0.442872 0.023253
v 0.390852 0.445389 0.021995
v 0.390820 0.446648 0.022498
v 0.390885 0.447403 0.021492
v 0.390901 0.448913 0.021240
v 0.391046 0.449668 0.018975
v 0.391030 0.450926 0.019227
v 0.390933 0.451430 0.020737
v 0.390933 0.453695 0.020737
v 0.390852 0.454953 0.021995
v 0.390271 0.453695 0.031056
v 0.390239 0.450674 0.031559
v 0.390368 0.448409 0.029545
v 0.390545 0.447906 0.026777
v 0.390691 0.449416 0.024512
v 0.390723 0.452185 0.024009
v 0.390610 0.454450 0.025770
v 0.390448 0.455456 0.028287
v 0.381980 0.450423 0.035586
v 0.382029 0.448661 0.034831
v 0.381996 0.447403 0.035334
v 0.381883 0.445893 0.037096
v 0.381851 0.443879 0.037599
v 0.381883 0.442117 0.037096
v 0.381851 0.441111 0.037599
v 0.381754 0.440104 0.039109
v 0.381415 0.440356 0.044394
v 0.381286 0.441866 0.046408
v 0.381060 0.440356 0.049931
v 0.380914 0.440607 0.052196
v 0.380753 0.442872 0.054713
v 0.380737 0.445641 0.054965
v 0.380575 0.446396 0.057482
v 0.380559 0.444383 0.057733
v 0.380624 0.442872 0.056727
v 0.380624 0.441362 0.056727
v 0.380559 0.440104 0.057733
v 0.380333 0.438846 0.061257
v 0.380155 0.438846 0.064025
v 0.380042 0.440104 0.065787
v 0.379865 0.436832 0.068556
v 0.379622 0.436329 0.072331
v 0.379461 0.438091 0.074847
v 0.379380 0.440607 0.076106
v 0.379267 0.440356 0.077868
v 0.379138 0.441614 0.079881
v 0.379025 0.447654 0.081643
v 0.379041 0.450171 0.081391
v 0.379154 0.451681 0.079629
v 0.379396 0.452436 0.075854
v 0.379703 0.454953 0.071072
v 0.379897 0.453695 0.068052
v 0.379978 0.454701 0.066794
v 0.380220 0.455960 0.063019
v 0.380349 0.455960 0.061005
v 0.380446 0.454953 0.059495
v 0.380494 0.456463 0.058740
v 0.380607 0.457721 0.056978
v 0.381221 0.457973 0.047415
v 0.381302 0.457218 0.046156
v 0.381366 0.455456 0.045149
v 0.381463 0.456966 0.043639
v 0.381576 0.457218 0.041878
v 0.381867 0.456463 0.037347
v 0.382012 0.454450 0.035082
v 0.381480 0.454450 0.043388
v 0.381512 0.453695 0.042884
v 0.381754 0.452940 0.039109
v 0.381738 0.450423 0.039361
v 0.381399 0.450926 0.044646
v 0.381383 0.449668 0.044898
v 0.381867 0.448158 0.037347
v 0.381916 0.449164 0.036592
v 0.381835 0.449919 0.037851
v 0.381835 0.450674 0.037851
v 0.381916 0.453191 0.036592
v 0.381899 0.454198 0.036844
v 0.381770 0.455205 0.038858
v 0.381512 0.455456 0.042884
v 0.381447 0.446899 0.043891
v 0.381641 0.446396 0.040871
v 0.381641 0.445893 0.040871
v 0.381415 0.445641 0.044394
v 0.381366 0.444383 0.045149
v 0.381383 0.442621 0.044898
v 0.381463 0.441866 0.043639
v 0.381738 0.441866 0.039361
v 0.381770 0.442621 0.038858
v 0.381722 0.443376 0.039613
v 0.381528 0.443628 0.042633
v 0.381528 0.444131 0.042633
v 0.381738 0.444383 0.039361
v 0.381786 0.445893 0.038606
v 0.381770 0.447151 0.038858
v 0.381641 0.448158 0.040871
v 0.381447 0.448158 0.043891
v 0.381124 0.455960 0.048925
v 0.381124 0.452940 0.048925
v 0.381043 0.455960 0.050183
v 0.380995 0.456211 0.050938
v 0.380947 0.455456 0.051693
v 0.380979 0.448158 0.051190
v 0.380850 0.446648 0.053203
v 0.380834 0.444131 0.053455
v 0.380963 0.442117 0.051441
v 0.381140 0.442621 0.048673
v 0.381221 0.444131 0.047415
v 0.381205 0.446899 0.047666
v 0.381092 0.448158 0.049428
v 0.381108 0.451178 0.049176
v 0.381157 0.450674 0.048421
v 0.381157 0.448661 0.048421
v 0.381205 0.447906 0.047666
v 0.381270 0.448661 0.046660
v 0.381253 0.455205 0.046911
v 0.381173 0.456463 0.048170
v 0.380575 0.454450 0.057482
v 0.380607 0.452940 0.056978
v 0.380559 0.451681 0.057733
v 0.380591 0.448913 0.057230
v 0.380672 0.447906 0.055972
v 0.380914 0.448409 0.052196
v 0.380947 0.449668 0.051693
v 0.380898 0.450423 0.052448
v 0.380737 0.449919 0.054965
v 0.380704 0.450423 0.055468
v 0.380737 0.451430 0.054965
v 0.380898 0.451933 0.052448
v 0.380882 0.453191 0.052700
v 0.380720 0.453191 0.055217
v 0.380704 0.453695 0.055468
v 0.380882 0.454450 0.052700
v 0.380898 0.455960 0.052448
v 0.380607 0.455960 0.056978
v 0.380091 0.445893 0.065032
v 0.380091 0.445138 0.065032
v 0.380139 0.444634 0.064277
v 0.380333 0.445389 0.061257
v 0.380301 0.444634 0.061760
v 0.380171 0.444131 0.063774
v 0.380107 0.442872 0.064780
v 0.380123 0.441362 0.064529
v 0.380204 0.440356 0.063270
v 0.380446 0.441111 0.059495
v 0.380527 0.442369 0.058237
v 0.380462 0.443124 0.059243
v 0.380268 0.442369 0.062264
v 0.380284 0.443124 0.062012
v 0.380414 0.443628 0.059998
v 0.380462 0.444634 0.059243
v 0.380462 0.446144 0.059243
v 0.380381 0.447403 0.060502
v 0.380236 0.454450 0.062767
v 0.379961 0.452688 0.067045
v 0.379961 0.451681 0.067045
v 0.380010 0.451178 0.066290
v 0.380252 0.452436 0.062515
v 0.380284 0.449919 0.062012
v 0.380236 0.449164 0.062767
v 0.379994 0.448158 0.066542
v 0.379961 0.447654 0.067045
v 0.379978 0.446648 0.066794
v 0.380026 0.446396 0.066039
v 0.380349 0.447906 0.061005
v 0.380494 0.449164 0.058740
v 0.380478 0.449919 0.058992
v 0.380381 0.450423 0.060502
v 0.380381 0.453443 0.060502
v 0.380349 0.454198 0.061005
v 0.379655 0.452185 0.071827
v 0.379719 0.449919 0.070821
v 0.379687 0.449164 0.071324
v 0.379574 0.451933 0.073086
v 0.379525 0.451933 0.073841
v 0.379493 0.451178 0.074344
v 0.379606 0.444634 0.072582
v 0.379655 0.443879 0.071827
v 0.379558 0.442621 0.073337
v 0.379509 0.440104 0.074092
v 0.379655 0.437839 0.071827
v 0.379816 0.438342 0.069311
v 0.379913 0.440104 0.067800
v 0.379881 0.442872 0.068304
v 0.379800 0.443879 0.069562
v 0.379703 0.444131 0.071072
v 0.379703 0.446899 0.071072
v 0.379735 0.447403 0.070569
v 0.379848 0.444131 0.068807
v 0.379913 0.444886 0.067800
v 0.379816 0.451430 0.069311
v 0.379719 0.453191 0.070821
v 0.379186 0.450171 0.079126
v 0.379122 0.448913 0.080133
v 0.379186 0.447151 0.079126
v 0.379170 0.443879 0.079378
v 0.379283 0.441866 0.077616
v 0.379380 0.442117 0.076106
v 0.379590 0.444131 0.072834
v 0.379590 0.444886 0.072834
v 0.379542 0.445389 0.073589
v 0.379396 0.444383 0.075854
v 0.379315 0.444886 0.077113
v 0.379332 0.445641 0.076861
v 0.379493 0.446899 0.074344
v 0.379445 0.448158 0.075099
v 0.379283 0.447654 0.077616
v 0.379299 0.448409 0.077364
v 0.379461 0.449416 0.074847
v 0.379477 0.450423 0.074596
v 0.379412 0.451178 0.075602
v 0.389980 0.450423 0.035586
v 0.390029 0.448661 0.034831
v 0.389996 0.447403 0.035334
v 0.389883 0.445893 0.037096
v 0.389851 0.443879 0.037599
v 0.389883 0.442117 0.037096
v 0.389851 0.441111 0.037599
v 0.389754 0.440104 0.039109
v 0.389415 0.440356 0.044394
v 0.389286 0.441866 0.046408
v 0.389060 0.440356 0.049931
v 0.388914 0.440607 0.052196
v 0.388753 0.442872 0.054713
v 0.388737 0.445641 0.054965
v 0.388575 0.446396 0.057482
v 0.388559 0.444383 0.057733
v 0.388624 0.442872 0.056727
v 0.388624 0.441362 0.056727
v 0.388559 0.440104 0.057733
v 0.388333 0.438846 0.061257
v 0.388155 0.438846 0.064025
v 0.388042 0.440104 0.065787
v 0.387865 0.436832 0.068556
v 0.387622 0.436329 0.072331
v 0.387461 0.438091 0.074847
v 0.387380 0.440607 0.076106
v 0.387267 0.440356 0.077868
v 0.387138 0.441614 0.079881
v 0.387025 0.447654 0.081643
v 0.387041 0.450171 0.081391
v 0.387154 0.451681 0.079629
v 0.387396 0.452436 0.075854
v 0.387703 0.454953 0.071072
v 0.387897 0.453695 0.068052
v 0.387978 0.454701 0.066794
v 0.388220 0.455960 0.063019
v 0.388349 0.455960 0.061005
v 0.388446 0.454953 0.059495
v 0.388494 0.456463 0.058740
v 0.388607 0.457721 0.056978
v 0.389221 0.457973 0.047415
v 0.389302 0.457218 0.046156
v 0.389366 0.455456 0.045149
v 0.389463 0.456966 0.043639
v 0.389576 0.457218 0.041878
v 0.389867 0.456463 0.037347
v 0.390012 0.454450 0.035082
v 0.389480 0.454450 0.043388
v 0.389512 0.453695 0.042884
v 0.389754 0.452940 0.039109
v 0.389738 0.450423 0.039361
v 0.389399 0.450926 0.044646
v 0.389383 0.449668 0.044898
v 0.389867 0.448158 0.037347
v 0.389916 0.449164 0.036592
v 0.389835 0.449919 0.037851
v 0.389835 0.450674 0.037851
v 0.389916 0.453191 0.036592
v 0.389899 0.454198 0.036844
v 0.389770 0.455205 0.038858
v 0.389512 0.455456 0.042884
v 0.389447 0.446899 0.043891
v 0.389641 0.446396 0.040871
v 0.389641 0.445893 0.040871
v 0.389415 0.445641 0.044394
v 0.389366 0.444383 0.045149
v 0.389383 0.442621 0.044898
v 0.389463 0.441866 0.043639
v 0.389738 0.441866 0.039361
v 0.389770 0.442621 0.038858
v 0.389722 0.443376 0.039613
v 0.389528 0.443628 0.042633
v 0.389528 0.444131 0.042633
v 0.389738 0.444383 0.039361
v 0.389786 0.445893 0.038606
v 0.389770 0.447151 0.038858
v 0.389641 0.448158 0.040871
v 0.389447 0.448158 0.043891
v 0.389124 0.455960 0.048925
v 0.389124 0.452940 0.048925
v 0.389043 0.455960 0.050183
v 0.388995 0.456211 0.050938
v 0.388947 0.455456 0.051693
v 0.388979 0.448158 0.051190
v 0.388850 0.446648 0.053203
v 0.388834 0.444131 0.053455
v 0.388963 0.442117 0.051441
v 0.389140 0.442621 0.048673
v 0.389221 0.444131 0.047415
v 0.389205 0.446899 0.047666
v 0.389092 0.448158 0.049428
v 0.389108 0.451178 0.049176
v 0.389157 0.450674 0.048421
v 0.389157 0.448661 0.048421
v 0.389205 0.447906 0.047666
v 0.389270 0.448661 0.046660
v 0.389253 0.455205 0.046911
v 0.389173 0.456463 0.048170
v 0.388575 0.454450 0.057482
v 0.388607 0.452940 0.056978
v 0.388559 0.451681 0.057733
v 0.388591 0.448913 0.057230
v 0.388672 0.447906 0.055972
v 0.388914 0.448409 0.052196
v 0.388947 0.449668 0.051693
v 0.388898 0.450423 0.052448
v 0.388737 0.449919 0.054965
v 0.388704 0.450423 0.055468
v 0.388737 0.451430 0.054965
v 0.388898 0.451933 0.052448
v 0.388882 0.453191 0.052700
v 0.388720 0.453191 0.055217
v 0.388704 0.453695 0.055468
v 0.388882 0.454450 0.052700
v 0.388898 0.455960 0.052448
v 0.388607 0.455960 0.056978
v 0.388091 0.445893 0.065032
v 0.388091 0.445138 0.065032
v 0.388139 0.444634 0.064277
v 0.388333 0.445389 0.061257
v 0.388301 0.444634 0.061760
v 0.388171 0.444131 0.063774
v 0.388107 0.442872 0.064780
v 0.388123 0.441362 0.064529
v 0.388204 0.440356 0.063270
v 0.388446 0.441111 0.059495
v 0.388527 0.442369 0.058237
v 0.388462 0.443124 0.059243
v 0.388268 0.442369 0.062264
v 0.388284 0.443124 0.062012
v 0.388414 0.443628 0.059998
v 0.388462 0.444634 0.059243
v 0.388462 0.446144 0.059243
v 0.388381 0.447403 0.060502
v 0.388236 0.454450 0.062767
v 0.387961 0.452688 0.067045
v 0.387961 0.451681 0.067045
v 0.388010 0.451178 0.066290
v 0.388252 0.452436 0.062515
v 0.388284 0.449919 0.062012
v 0.388236 0.449164 0.062767
v 0.387994 0.448158 0.066542
v 0.387961 0.447654 0.067045
v 0.387978 0.446648 0.066794
v 0.388026 0.446396 0.066039
v 0.388349 0.447906 0.061005
v 0.388494 0.449164 0.058740
v 0.388478 0.449919 0.058992
v 0.388381 0.450423 0.060502
v 0.388381 0.453443 0.060502
v 0.388349 0.454198 0.061005
v 0.387655 0.452185 0.071827
v 0.387719 0.449919 0.070821
v 0.387687 0.449164 0.071324
v 0.387574 0.451933 0.073086
v 0.387525 0.451933 0.073841
v 0.387493 0.451178 0.074344
v 0.387606 0.444634 0.072582
v 0.387655 0.443879 0.071827
v 0.387558 0.442621 0.073337
v 0.387509 0.440104 0.074092
v 0.387655 0.437839 0.071827
v 0.387816 0.438342 0.069311
v 0.387913 0.440104 0.067800
v 0.387881 0.442872 0.068304
v 0.387800 0.443879 0.069562
v 0.387703 0.444131 0.071072
v 0.387703 0.446899 0.071072
v 0.387735 0.447403 0.070569
v 0.387848 0.444131 0.068807
v 0.387913 0.444886 0.067800
v 0.387816 0.451430 0.069311
v 0.387719 0.453191 0.070821
v 0.387186 0.450171 0.079126
v 0.387122 0.448913 0.080133
v 0.387186 0.447151 0.079126
v 0.387170 0.443879 0.079378
v 0.387283 0.441866 0.077616
v 0.387380 0.442117 0.076106
v 0.387590 0.444131 0.072834
v 0.387590 0.444886 0.072834
v 0.387542 0.445389 0.073589
v 0.387396 0.444383 0.075854
v 0.387315 0.444886 0.077113
v 0.387332 0.445641 0.076861
v 0.387493 0.446899 0.074344
v 0.387445 0.448158 0.075099
v 0.387283 0.447654 0.077616
v 0.387299 0.448409 0.077364
v 0.387461 0.449416 0.074847
v 0.387477 0.450423 0.074596
v 0.387412 0.451178 0.075602
v 0.390426 0.455456 -0.096042
v 0.390362 0.449919 -0.095035
v 0.390136 0.441614 -0.091512
v 0.390007 0.438846 -0.089498
v 0.389780 0.435574 -0.085975
v 0.389312 0.432050 -0.078676
v 0.389538 0.430037 -0.082200
v 0.389716 0.427017 -0.084968
v 0.389797 0.423242 -0.086226
v 0.389797 0.419970 -0.086226
v 0.389684 0.415440 -0.084465
v 0.389538 0.413174 -0.082200
v 0.389264 0.411161 -0.077921
v 0.389264 0.406883 -0.077921
v 0.389134 0.402604 -0.075908
v 0.389231 0.398829 -0.077418
v 0.389231 0.380708 -0.077418
v 0.389102 0.376178 -0.075404
v 0.388925 0.373661 -0.072636
v 0.388795 0.372654 -0.070622
v 0.388343 0.371648 -0.063575
v 0.386421 0.371648 -0.033626
v 0.386389 0.371144 -0.033122
v 0.386373 0.367117 -0.032871
v 0.386292 0.364097 -0.031612
v 0.386114 0.361329 -0.028844
v 0.385872 0.359819 -0.025069
v 0.382642 0.359315 0.025267
v 0.382352 0.360826 0.029797
v 0.382206 0.363091 0.032062
v 0.382109 0.366362 0.033572
v 0.382093 0.369634 0.033824
v 0.382045 0.370389 0.034579
v 0.379445 0.369886 0.075099
v 0.379202 0.371396 0.078874
v 0.378976 0.375674 0.082398
v 0.378928 0.378443 0.083153
v 0.378944 0.382721 0.082901
v 0.379025 0.385742 0.081643
v 0.379170 0.388258 0.079378
v 0.379477 0.390272 0.074596
v 0.380171 0.390523 0.063774
v 0.380139 0.389517 0.064277
v 0.380058 0.389013 0.065535
v 0.379445 0.388762 0.075099
v 0.379283 0.387755 0.077616
v 0.379122 0.385490 0.080133
v 0.379025 0.381966 0.081643
v 0.379025 0.377940 0.081643
v 0.379089 0.375171 0.080636
v 0.379219 0.372906 0.078623
v 0.379509 0.371144 0.074092
v 0.382190 0.371648 0.032314
v 0.382174 0.368376 0.032566
v 0.382255 0.364601 0.031307
v 0.382384 0.362336 0.029294
v 0.382594 0.360826 0.026022
v 0.385872 0.361329 -0.025069
v 0.386066 0.362587 -0.028089
v 0.386260 0.366362 -0.031109
v 0.386292 0.371396 -0.031612
v 0.386260 0.373409 -0.031109
v 0.386405 0.372906 -0.033374
v 0.388537 0.373158 -0.066595
v 0.388795 0.374164 -0.070622
v 0.389021 0.376933 -0.074146
v 0.389102 0.378946 -0.075404
v 0.389151 0.381715 -0.076159
v 0.389151 0.397822 -0.076159
v 0.389021 0.402856 -0.074146
v 0.389118 0.404617 -0.075656
v 0.389183 0.407386 -0.076663
v 0.389183 0.412923 -0.076663
v 0.389490 0.414433 -0.081444
v 0.389651 0.417201 -0.083961
v 0.389700 0.419466 -0.084716
v 0.389700 0.423745 -0.084716
v 0.389619 0.426765 -0.083458
v 0.389474 0.429030 -0.081193
v 0.389183 0.430289 -0.076663
v 0.389167 0.433057 -0.076411
v 0.389522 0.434819 -0.081948
v 0.389716 0.436581 -0.084968
v 0.389894 0.439097 -0.087736
v 0.390087 0.443124 -0.090757
v 0.390249 0.448913 -0.093273
v 0.390330 0.454701 -0.094532
v 0.390313 0.458225 -0.094280
v 0.390168 0.460490 -0.092015
v 0.390071 0.460742 -0.090505
v 0.389926 0.459483 -0.088240
v 0.389554 0.458477 -0.082451
v 0.389231 0.456211 -0.077418
v 0.388892 0.451430 -0.072132
v 0.388779 0.448661 -0.070371
v 0.388666 0.443628 -0.068609
v 0.388375 0.443376 -0.064079
v 0.388133 0.440356 -0.060304
v 0.387939 0.441614 -0.057283
v 0.385743 0.440356 -0.023055
v 0.385517 0.439097 -0.019532
v 0.385307 0.435070 -0.016260
v 0.385275 0.430540 -0.015757
v 0.385372 0.426765 -0.017267
v 0.385517 0.424500 -0.019532
v 0.385727 0.423242 -0.022804
v 0.385727 0.417956 -0.022804
v 0.385630 0.417453 -0.021293
v 0.385420 0.420473 -0.018022
v 0.385129 0.422990 -0.013491
v 0.384629 0.425003 -0.005689
v 0.383805 0.425255 0.007146
v 0.382868 0.422738 0.021743
v 0.382658 0.428779 0.025015
v 0.382368 0.432805 0.029545
v 0.382045 0.435322 0.034579
v 0.381641 0.436832 0.040871
v 0.381318 0.437336 0.045905
v 0.380785 0.437084 0.054210
v 0.380155 0.435322 0.064025
v 0.379638 0.432805 0.072079
v 0.379428 0.430540 0.075351
v 0.379332 0.428275 0.076861
v 0.379283 0.425507 0.077616
v 0.379299 0.421983 0.077364
v 0.379412 0.418460 0.075602
v 0.379590 0.415943 0.072834
v 0.379784 0.414936 0.069814
v 0.379574 0.411916 0.073086
v 0.379509 0.409903 0.074092
v 0.379477 0.407638 0.074596
v 0.379493 0.404114 0.074344
v 0.379590 0.400842 0.072834
v 0.379800 0.398326 0.069562
v 0.379897 0.397822 0.068052
v 0.380446 0.397822 0.059495
v 0.380381 0.393040 0.060502
v 0.380333 0.392034 0.061257
v 0.380301 0.392034 0.061760
v 0.380317 0.395809 0.061509
v 0.380284 0.396312 0.062012
v 0.379784 0.396815 0.069814
v 0.379558 0.399332 0.073337
v 0.379445 0.402101 0.075099
v 0.379396 0.408141 0.075854
v 0.379445 0.411161 0.075099
v 0.379574 0.414433 0.073086
v 0.379332 0.417705 0.076861
v 0.379202 0.422235 0.078874
v 0.379219 0.427520 0.078623
v 0.379396 0.432050 0.075854
v 0.379638 0.434315 0.072079
v 0.379832 0.435322 0.069059
v 0.380720 0.438342 0.055217
v 0.381415 0.438594 0.044394
v 0.381932 0.437336 0.036341
v 0.382335 0.434819 0.030049
v 0.382529 0.432805 0.027029
v 0.382723 0.429785 0.024009
v 0.382933 0.424500 0.020737
v 0.383724 0.426513 0.008405
v 0.384548 0.426513 -0.004431
v 0.385162 0.424248 -0.013995
v 0.385436 0.421983 -0.018273
v 0.385614 0.419718 -0.021042
v 0.385646 0.420221 -0.021545
v 0.385646 0.421983 -0.021545
v 0.385436 0.423745 -0.018273
v 0.385307 0.425758 -0.016260
v 0.385194 0.430037 -0.014498
v 0.385226 0.435574 -0.015002
v 0.385291 0.437587 -0.016008
v 0.385452 0.440104 -0.018525
v 0.385678 0.441614 -0.022049
v 0.385905 0.441866 -0.025572
v 0.387972 0.442872 -0.057787
v 0.388101 0.442117 -0.059800
v 0.388343 0.444634 -0.063575
v 0.388602 0.445389 -0.067602
v 0.388682 0.448913 -0.068861
v 0.388860 0.453191 -0.071629
v 0.389021 0.455708 -0.074146
v 0.389328 0.458728 -0.078928
v 0.389877 0.460742 -0.087485
v 0.390039 0.462000 -0.090002
v 0.390136 0.462000 -0.091512
v 0.390281 0.460993 -0.093777
v 0.390394 0.458728 -0.095538
v 0.398426 0.455456 -0.096042
v 0.398362 0.449919 -0.095035
v 0.398136 0.441614 -0.091512
v 0.398007 0.438846 -0.089498
v 0.397780 0.435574 -0.085975
v 0.397312 0.432050 -0.078676
v 0.397538 0.430037 -0.082200
v 0.397716 0.427017 -0.084968
v 0.397797 0.423242 -0.086226
v 0.397797 0.419970 -0.086226
v 0.397684 0.415440 -0.084465
v 0.397538 0.413174 -0.082200
v 0.397264 0.411161 -0.077921
v 0.397264 0.406883 -0.077921
v 0.397134 0.402604 -0.075908
v 0.397231 0.398829 -0.077418
v 0.397231 0.380708 -0.077418
v 0.397102 0.376178 -0.075404
v 0.396925 0.373661 -0.072636
v 0.396795 0.372654 -0.070622
v 0.396343 0.371648 -0.063575
v 0.394421 0.371648 -0.033626
v 0.394389 0.371144 -0.033122
v 0.394373 0.367117 -0.032871
v 0.394292 0.364097 -0.031612
v 0.394114 0.361329 -0.028844
v 0.393872 0.359819 -0.025069
v 0.390642 0.359315 0.025267
v 0.390352 0.360826 0.029797
v 0.390206 0.363091 0.032062
v 0.390109 0.366362 0.033572
v 0.390093 0.369634 0.033824
v 0.390045 0.370389 0.034579
v 0.387445 0.369886 0.075099
v 0.387202 0.371396 0.078874
v 0.386976 0.375674 0.082398
v 0.386928 0.378443 0.083153
v 0.386944 0.382721 0.082901
v 0.387025 0.385742 0.081643
v 0.387170 0.388258 0.079378
v 0.387477 0.390272 0.074596
v 0.388171 0.390523 0.063774
v 0.388139 0.389517 0.064277
v 0.388058 0.389013 0.065535
v 0.387445 0.388762 0.075099
v 0.387283 0.387755 0.077616
v 0.387122 0.385490 0.080133
v 0.387025 0.381966 0.081643
v 0.387025 0.377940 0.081643
v 0.387089 0.375171 0.080636
v 0.387219 0.372906 0.078623
v 0.387509 0.371144 0.074092
v 0.390190 0.371648 0.032314
v 0.390174 0.368376 0.032566
v 0.390255 0.364601 0.031307
v 0.390384 0.362336 0.029294
v 0.390594 0.360826 0.026022
v 0.393872 0.361329 -0.025069
v 0.394066 0.362587 -0.028089
v 0.394260 0.366362 -0.031109
v 0.394292 0.371396 -0.031612
v 0.394260 0.373409 -0.031109
v 0.394405 0.372906 -0.033374
v 0.396537 0.373158 -0.066595
v 0.396795 0.374164 -0.070622
v 0.397021 0.376933 -0.074146
v 0.397102 0.378946 -0.075404
v 0.397151 0.381715 -0.076159
v 0.397151 0.397822 -0.076159
v 0.397021 0.402856 -0.074146
v 0.397118 0.404617 -0.075656
v 0.397183 0.407386 -0.076663
v 0.397183 0.412923 -0.076663
v 0.397490 0.414433 -0.081444
v 0.397651 0.417201 -0.083961
v 0.397700 0.419466 -0.084716
v 0.397700 0.423745 -0.084716
v 0.397619 0.426765 -0.083458
v 0.397474 0.429030 -0.081193
v 0.397183 0.430289 -0.076663
v 0.397167 0.433057 -0.076411
v 0.397522 0.434819 -0.081948
v 0.397716 0.436581 -0.084968
v 0.397894 0.439097 -0.087736
v 0.398087 0.443124 -0.090757
v 0.398249 0.448913 -0.093273
v 0.398330 0.454701 -0.094532
v 0.398313 0.458225 -0.094280
v 0.398168 0.460490 -0.092015
v 0.398071 0.460742 -0.090505
v 0.397926 0.459483 -0.088240
v 0.397554 0.458477 -0.082451
v 0.397231 0.456211 -0.077418
v 0.396892 0.451430 -0.072132
v 0.396779 0.448661 -0.070371
v 0.396666 0.443628 -0.068609
v 0.396375 0.443376 -0.064079
v 0.396133 0.440356 -0.060304
v 0.395939 0.441614 -0.057283
v 0.393743 0.440356 -0.023055
v 0.393517 0.439097 -0.019532
v 0.393307 0.435070 -0.016260
v 0.393275 0.430540 -0.015757
v 0.393372 0.426765 -0.017267
v 0.393517 0.424500 -0.019532
v 0.393727 0.423242 -0.022804
v 0.393727 0.417956 -0.022804
v 0.393630 0.417453 -0.021293
v 0.393420 0.420473 -0.018022
v 0.393129 0.422990 -0.013491
v 0.392629 0.425003 -0.005689
v 0.391805 0.425255 0.007146
v 0.390868 0.422738 0.021743
v 0.390658 0.428779 0.025015
v 0.390368 0.432805 0.029545
v 0.390045 0.435322 0.034579
v 0.389641 0.436832 0.040871
v 0.389318 0.437336 0.045905
v 0.388785 0.437084 0.054210
v 0.388155 0.435322 0.064025
v 0.387638 0.432805 0.072079
v 0.387428 0.430540 0.075351
v 0.387332 0.428275 0.076861
v 0.387283 0.425507 0.077616
v 0.387299 0.421983 0.077364
v 0.387412 0.418460 0.075602
v 0.387590 0.415943 0.072834
v 0.387784 0.414936 0.069814
v 0.387574 0.411916 0.073086
v 0.387509 0.409903 0.074092
v 0.387477 0.407638 0.074596
v 0.387493 0.404114 0.074344
v 0.387590 0.400842 0.072834
v 0.387800 0.398326 0.069562
v 0.387897 0.397822 0.068052
v 0.388446 0.397822 0.059495
v 0.388381 0.393040 0.060502
v 0.388333 0.392034 0.061257
v 0.388301 0.392034 0.061760
v 0.388317 0.395809 0.061509
v 0.388284 0.396312 0.062012
v 0.387784 0.396815 0.069814
v 0.387558 0.399332 0.073337
v 0.387445 0.402101 0.075099
v 0.387396 0.408141 0.075854
v 0.387445 0.411161 0.075099
v 0.387574 0.414433 0.073086
v 0.387332 0.417705 0.076861
v 0.387202 0.422235 0.078874
v 0.387219 0.427520 0.078623
v 0.387396 0.432050 0.075854
v 0.387638 0.434315 0.072079
v 0.387832 0.435322 0.069059
v 0.388720 0.438342 0.055217
v 0.389415 0.438594 0.044394
v 0.389932 0.437336 0.036341
v 0.390335 0.434819 0.030049
v 0.390529 0.432805 0.027029
v 0.390723 0.429785 0.024009
v 0.390933 0.424500 0.020737
v 0.391724 0.426513 0.008405
v 0.392548 0.426513 -0.004431
v 0.393162 0.424248 -0.013995
v 0.393436 0.421983 -0.018273
v 0.393614 0.419718 -0.021042
v 0.393646 0.420221 -0.021545
v 0.393646 0.421983 -0.021545
v 0.393436 0.423745 -0.018273
v 0.393307 0.425758 -0.016260
v 0.393194 0.430037 -0.014498
v 0.393226 0.435574 -0.015002
v 0.393291 0.437587 -0.016008
v 0.393452 0.440104 -0.018525
v 0.393678 0.441614 -0.022049
v 0.393905 0.441866 -0.025572
v 0.395972 0.442872 -0.057787
v 0.396101 0.442117 -0.059800
v 0.396343 0.444634 -0.063575
v 0.396602 0.445389 -0.067602
v 0.396682 0.448913 -0.068861
v 0.396860 0.453191 -0.071629
v 0.397021 0.455708 -0.074146
v 0.397328 0.458728 -0.078928
v 0.397877 0.460742 -0.087485
v 0.398039 0.462000 -0.090002
v 0.398136 0.462000 -0.091512
v 0.398281 0.460993 -0.093777
v 0.398394 0.458728 -0.095538
vt 0.018773 0.505458
vt 0.030038 0.507976
vt 0.127660 0.484467
vt 0.131414 0.479429
vt 0.122653 0.461797
vt 0.111389 0.454240
vt 0.070088 0.435768
vt 0.058824 0.435768
vt 0.000000 0.484467
vt 0.000000 0.491184
vt 0.018773 0.505458
vt 0.030038 0.507976
vt 0.127660 0.484467
vt 0.131414 0.479429
vt 0.122653 0.461797
vt 0.111389 0.454240
vt 0.070088 0.435768
vt 0.058824 0.435768
vt 0.000000 0.484467
vt 0.000000 0.491184
vt 0.978723 0.544920
vt 0.979975 0.533165
vt 0.934919 0.508816
vt 0.914894 0.504618
vt 0.903630 0.510495
vt 0.873592 0.544081
vt 0.872340 0.554156
vt 0.896120 0.568430
vt 0.943680 0.582704
vt 0.978723 0.544920
vt 0.979975 0.533165
vt 0.934919 0.508816
vt 0.914894 0.504618
vt 0.903630 0.510495
vt 0.873592 0.544081
vt 0.872340 0.554156
vt 0.896120 0.568430
vt 0.943680 0.582704
vt 0.212766 0.573468
vt 0.254068 0.563392
vt 0.259074 0.579345
vt 0.271589 0.593619
vt 0.289111 0.602855
vt 0.310388 0.605374
vt 0.315394 0.602015
vt 0.302879 0.594458
vt 0.305382 0.589421
vt 0.337922 0.591940
vt 0.360451 0.586902
vt 0.341677 0.581024
vt 0.342929 0.574307
vt 0.374218 0.572628
vt 0.403004 0.558354
vt 0.418023 0.555835
vt 0.426783 0.559194
vt 0.446809 0.549958
vt 0.470588 0.553317
vt 0.490613 0.539882
vt 0.511890 0.544920
vt 0.523154 0.526448
vt 0.530663 0.524769
vt 0.556946 0.543241
vt 0.553191 0.547439
vt 0.533166 0.554996
vt 0.539424 0.581864
vt 0.546934 0.586902
vt 0.569462 0.586062
vt 0.588235 0.581024
vt 0.589487 0.565071
vt 0.584481 0.551637
vt 0.563204 0.544920
vt 0.571965 0.523090
vt 0.583229 0.516373
vt 0.604506 0.514694
vt 0.623279 0.518892
vt 0.628285 0.528967
vt 0.637046 0.529807
vt 0.648310 0.540722
vt 0.660826 0.538203
vt 0.670839 0.544920
vt 0.683354 0.546599
vt 0.704631 0.557515
vt 0.710889 0.554996
vt 0.723404 0.558354
vt 0.737171 0.556675
vt 0.748436 0.562552
vt 0.762203 0.561713
vt 0.779725 0.565911
vt 0.775970 0.549958
vt 0.783479 0.544920
vt 0.780976 0.537364
vt 0.788486 0.534005
vt 0.785982 0.526448
vt 0.793492 0.523929
vt 0.789737 0.511335
vt 0.798498 0.507976
vt 0.794743 0.491184
vt 0.803504 0.486986
vt 0.807259 0.477750
vt 0.821026 0.474391
vt 0.832290 0.467674
vt 0.812265 0.444165
vt 0.804756 0.424853
vt 0.841051 0.414777
vt 0.832290 0.408060
vt 0.831039 0.398825
vt 0.841051 0.393787
vt 0.853567 0.395466
vt 0.854819 0.389589
vt 0.882353 0.366079
vt 0.898623 0.346767
vt 0.899875 0.335013
vt 0.911139 0.316541
vt 0.913642 0.266163
vt 0.946183 0.235936
vt 0.958698 0.207389
vt 0.953692 0.175483
vt 0.934919 0.151134
vt 0.903630 0.131822
vt 0.883605 0.125105
vt 0.856070 0.120907
vt 0.828536 0.094039
vt 0.829787 0.064652
vt 0.819775 0.050378
vt 0.811014 0.049538
vt 0.801001 0.053736
vt 0.777222 0.053736
vt 0.714643 0.017632
vt 0.710889 0.021830
vt 0.704631 0.021830
vt 0.683354 0.014274
vt 0.637046 0.005038
vt 0.568210 0.000000
vt 0.525657 0.001679
vt 0.476846 0.010915
vt 0.459324 0.008396
vt 0.451815 0.012594
vt 0.387985 0.012594
vt 0.379224 0.018472
vt 0.381727 0.033585
vt 0.327910 0.053736
vt 0.275344 0.053736
vt 0.265332 0.049538
vt 0.251564 0.049538
vt 0.241552 0.055416
vt 0.235294 0.075567
vt 0.236546 0.087322
vt 0.246558 0.098237
vt 0.246558 0.107473
vt 0.207760 0.138539
vt 0.197747 0.136020
vt 0.204005 0.142737
vt 0.204005 0.148615
vt 0.196496 0.151973
vt 0.196496 0.159530
vt 0.181477 0.178841
vt 0.171464 0.183039
vt 0.175219 0.194794
vt 0.170213 0.198153
vt 0.168961 0.209068
vt 0.161452 0.212427
vt 0.165207 0.223342
vt 0.160200 0.229219
vt 0.161452 0.243493
vt 0.153942 0.246012
vt 0.160200 0.251889
vt 0.158949 0.263644
vt 0.168961 0.270361
vt 0.176471 0.287993
vt 0.185232 0.295550
vt 0.185232 0.304786
vt 0.168961 0.314022
vt 0.153942 0.329135
vt 0.151439 0.354324
vt 0.158949 0.366079
vt 0.176471 0.378673
vt 0.197747 0.385390
vt 0.224030 0.387909
vt 0.219024 0.413098
vt 0.195244 0.429891
vt 0.187735 0.428212
vt 0.182728 0.418976
vt 0.187735 0.402183
vt 0.176471 0.411419
vt 0.172716 0.419815
vt 0.165207 0.421495
vt 0.151439 0.412259
vt 0.142678 0.398825
vt 0.138924 0.402183
vt 0.140175 0.424853
vt 0.132666 0.428212
vt 0.145181 0.442485
vt 0.167710 0.450882
vt 0.165207 0.469353
vt 0.155194 0.465995
vt 0.146433 0.455919
vt 0.143930 0.475231
vt 0.151439 0.499580
vt 0.166458 0.514694
vt 0.195244 0.528128
vt 0.197747 0.533165
vt 0.176471 0.534845
vt 0.141427 0.528128
vt 0.138924 0.529807
vt 0.165207 0.547439
vt 0.204005 0.557515
vt 0.200250 0.563392
vt 0.172716 0.566751
vt 0.171464 0.569270
vt 0.212766 0.573468
vt 0.254068 0.563392
vt 0.259074 0.579345
vt 0.271589 0.593619
vt 0.289111 0.602855
vt 0.310388 0.605374
vt 0.315394 0.602015
vt 0.302879 0.594458
vt 0.305382 0.589421
vt 0.337922 0.591940
vt 0.360451 0.586902
vt 0.341677 0.581024
vt 0.342929 0.574307
vt 0.374218 0.572628
vt 0.403004 0.558354
vt 0.418023 0.555835
vt 0.426783 0.559194
vt 0.446809 0.549958
vt 0.470588 0.553317
vt 0.490613 0.539882
vt 0.511890 0.544920
vt 0.523154 0.526448
vt 0.530663 0.524769
vt 0.556946 0.543241
vt 0.553191 0.547439
vt 0.533166 0.554996
vt 0.539424 0.581864
vt 0.546934 0.586902
vt 0.569462 0.586062
vt 0.588235 0.581024
vt 0.589487 0.565071
vt 0.584481 0.551637
vt 0.563204 0.544920
vt 0.571965 0.523090
vt 0.583229 0.516373
vt 0.604506 0.514694
vt 0.623279 0.518892
vt 0.628285 0.528967
vt 0.637046 0.529807
vt 0.648310 0.540722
vt 0.660826 0.538203
vt 0.670839 0.544920
vt 0.683354 0.546599
vt 0.704631 0.557515
vt 0.710889 0.554996
vt 0.723404 0.558354
vt 0.737171 0.556675
vt 0.748436 0.562552
vt 0.762203 0.561713
vt 0.779725 0.565911
vt 0.775970 0.549958
vt 0.783479 0.544920
vt 0.780976 0.537364
vt 0.788486 0.534005
vt 0.785982 0.526448
vt 0.793492 0.523929
vt 0.789737 0.511335
vt 0.798498 0.507976
vt 0.794743 0.491184
vt 0.803504 0.486986
vt 0.807259 0.477750
vt 0.821026 0.474391
vt 0.832290 0.467674
vt 0.812265 0.444165
vt 0.804756 0.424853
vt 0.841051 0.414777
vt 0.832290 0.408060
vt 0.831039 0.398825
vt 0.841051 0.393787
vt 0.853567 0.395466
vt 0.854819 0.389589
vt 0.882353 0.366079
vt 0.898623 0.346767
vt 0.899875 0.335013
vt 0.911139 0.316541
vt 0.913642 0.266163
vt 0.946183 0.235936
vt 0.958698 0.207389
vt 0.953692 0.175483
vt 0.934919 0.151134
vt 0.903630 0.131822
vt 0.883605 0.125105
vt 0.856070 0.120907
vt 0.828536 0.094039
vt 0.829787 0.064652
vt 0.819775 0.050378
vt 0.811014 0.049538
vt 0.801001 0.053736
vt 0.777222 0.053736
vt 0.714643 0.017632
vt 0.710889 0.021830
vt 0.704631 0.021830
vt 0.683354 0.014274
vt 0.637046 0.005038
vt 0.568210 0.000000
vt 0.525657 0.001679
vt 0.476846 0.010915
vt 0.459324 0.008396
vt 0.451815 0.012594
vt 0.387985 0.012594
vt 0.379224 0.018472
vt 0.381727 0.033585
vt 0.327910 0.053736
vt 0.275344 0.053736
vt 0.265332 0.049538
vt 0.251564 0.049538
vt 0.241552 0.055416
vt 0.235294 0.075567
vt 0.236546 0.087322
vt 0.246558 0.098237
vt 0.246558 0.107473
vt 0.207760 0.138539
vt 0.197747 0.136020
vt 0.204005 0.142737
vt 0.204005 0.148615
vt 0.196496 0.151973
vt 0.196496 0.159530
vt 0.181477 0.178841
vt 0.171464 0.183039
vt 0.175219 0.194794
vt 0.170213 0.198153
vt 0.168961 0.209068
vt 0.161452 0.212427
vt 0.165207 0.223342
vt 0.160200 0.229219
vt 0.161452 0.243493
vt 0.153942 0.246012
vt 0.160200 0.251889
vt 0.158949 0.263644
vt 0.168961 0.270361
vt 0.176471 0.287993
vt 0.185232 0.295550
vt 0.185232 0.304786
vt 0.168961 0.314022
vt 0.153942 0.329135
vt 0.151439 0.354324
vt 0.158949 0.366079
vt 0.176471 0.378673
vt 0.197747 0.385390
vt 0.224030 0.387909
vt 0.219024 0.413098
vt 0.195244 0.429891
vt 0.187735 0.428212
vt 0.182728 0.418976
vt 0.187735 0.402183
vt 0.176471 0.411419
vt 0.172716 0.419815
vt 0.165207 0.421495
vt 0.151439 0.412259
vt 0.142678 0.398825
vt 0.138924 0.402183
vt 0.140175 0.424853
vt 0.132666 0.428212
vt 0.145181 0.442485
vt 0.167710 0.450882
vt 0.165207 0.469353
vt 0.155194 0.465995
vt 0.146433 0.455919
vt 0.143930 0.475231
vt 0.151439 0.499580
vt 0.166458 0.514694
vt 0.195244 0.528128
vt 0.197747 0.533165
vt 0.176471 0.534845
vt 0.141427 0.528128
vt 0.138924 0.529807
vt 0.165207 0.547439
vt 0.204005 0.557515
vt 0.200250 0.563392
vt 0.172716 0.566751
vt 0.171464 0.569270
vt 0.663329 0.611251
vt 0.682103 0.605374
vt 0.682103 0.583543
vt 0.669587 0.567590
vt 0.654568 0.566751
vt 0.625782 0.570949
vt 0.615770 0.575147
vt 0.617021 0.597817
vt 0.630788 0.612930
vt 0.663329 0.611251
vt 0.682103 0.605374
vt 0.682103 0.583543
vt 0.669587 0.567590
vt 0.654568 0.566751
vt 0.625782 0.570949
vt 0.615770 0.575147
vt 0.617021 0.597817
vt 0.630788 0.612930
vt 0.854819 0.610411
vt 0.843554 0.591940
vt 0.819775 0.574307
vt 0.785982 0.583543
vt 0.762203 0.595298
vt 0.775970 0.619647
vt 0.799750 0.638959
vt 0.854819 0.610411
vt 0.843554 0.591940
vt 0.819775 0.574307
vt 0.785982 0.583543
vt 0.762203 0.595298
vt 0.775970 0.619647
vt 0.799750 0.638959
vt 0.443054 0.644836
vt 0.468085 0.620487
vt 0.470588 0.613770
vt 0.445557 0.596138
vt 0.420526 0.586062
vt 0.411765 0.586062
vt 0.387985 0.605374
vt 0.376721 0.623006
vt 0.380476 0.628883
vt 0.406758 0.646516
vt 0.426783 0.652393
vt 0.443054 0.644836
vt 0.468085 0.620487
vt 0.470588 0.613770
vt 0.445557 0.596138
vt 0.420526 0.586062
vt 0.411765 0.586062
vt 0.387985 0.605374
vt 0.376721 0.623006
vt 0.380476 0.628883
vt 0.406758 0.646516
vt 0.426783 0.652393
vt 0.236546 0.642317
vt 0.207760 0.602855
vt 0.187735 0.588581
vt 0.177722 0.588581
vt 0.107635 0.618808
vt 0.107635 0.628044
vt 0.138924 0.664148
vt 0.236546 0.642317
vt 0.207760 0.602855
vt 0.187735 0.588581
vt 0.177722 0.588581
vt 0.107635 0.618808
vt 0.107635 0.628044
vt 0.138924 0.664148
vt 0.949937 0.738875
vt 0.956195 0.730479
vt 0.952441 0.721243
vt 0.941176 0.716205
vt 0.927409 0.717884
vt 0.918648 0.726280
vt 0.921151 0.736356
vt 0.934919 0.742233
vt 0.949937 0.738875
vt 0.956195 0.730479
vt 0.952441 0.721243
vt 0.941176 0.716205
vt 0.927409 0.717884
vt 0.918648 0.726280
vt 0.921151 0.736356
vt 0.934919 0.742233
vt 0.997497 0.965575
vt 0.981227 0.935348
vt 0.957447 0.915197
vt 0.923655 0.900924
vt 0.923655 0.897565
vt 0.941176 0.887490
vt 0.948686 0.879093
vt 0.951189 0.857263
vt 0.944931 0.846348
vt 0.932416 0.837112
vt 0.911139 0.831234
vt 0.911139 0.816961
vt 0.902378 0.803526
vt 0.908636 0.788413
vt 0.908636 0.728799
vt 0.896120 0.712007
vt 0.872340 0.701092
vt 0.856070 0.698573
vt 0.689612 0.697733
vt 0.685857 0.681780
vt 0.678348 0.671704
vt 0.664581 0.663308
vt 0.642053 0.658270
vt 0.390488 0.657431
vt 0.375469 0.661629
vt 0.362954 0.669186
vt 0.350438 0.693535
vt 0.152691 0.691856
vt 0.127660 0.698573
vt 0.111389 0.712846
vt 0.108886 0.734677
vt 0.118899 0.748950
vt 0.131414 0.756507
vt 0.153942 0.761545
vt 0.214018 0.764064
vt 0.211514 0.780017
vt 0.180225 0.780856
vt 0.166458 0.785055
vt 0.152691 0.794291
vt 0.145181 0.806045
vt 0.145181 0.823678
vt 0.153942 0.842149
vt 0.131414 0.861461
vt 0.128911 0.880772
vt 0.137672 0.895046
vt 0.163955 0.909320
vt 0.163955 0.912678
vt 0.150188 0.919395
vt 0.143930 0.926952
vt 0.127660 0.929471
vt 0.120150 0.937028
vt 0.115144 0.958018
vt 0.125156 0.965575
vt 0.166458 0.976490
vt 0.187735 0.974811
vt 0.211514 0.980688
vt 0.226533 0.979849
vt 0.236546 0.985726
vt 0.280350 0.987406
vt 0.296621 0.982368
vt 0.335419 0.982368
vt 0.351690 0.971453
vt 0.356696 0.971453
vt 0.372966 0.982368
vt 0.386733 0.983207
vt 0.394243 0.980688
vt 0.413016 0.982368
vt 0.426783 0.976490
vt 0.484355 0.973971
vt 0.496871 0.965575
vt 0.525657 0.963896
vt 0.536921 0.966415
vt 0.550688 0.958858
vt 0.550688 0.926952
vt 0.540676 0.921075
vt 0.529412 0.921914
vt 0.520651 0.927792
vt 0.489362 0.930311
vt 0.476846 0.916877
vt 0.468085 0.914358
vt 0.454318 0.915197
vt 0.440551 0.922754
vt 0.438048 0.937867
vt 0.428035 0.947103
vt 0.420526 0.945424
vt 0.419274 0.926113
vt 0.415519 0.921914
vt 0.380476 0.921914
vt 0.369212 0.931150
vt 0.374218 0.947943
vt 0.356696 0.959698
vt 0.349186 0.958018
vt 0.347935 0.951301
vt 0.339174 0.946264
vt 0.337922 0.931990
vt 0.326658 0.925273
vt 0.326658 0.921914
vt 0.370463 0.910999
vt 0.389237 0.902603
vt 0.420526 0.875735
vt 0.511890 0.883291
vt 0.564456 0.879933
vt 0.600751 0.873216
vt 0.603254 0.879093
vt 0.593242 0.895046
vt 0.594493 0.908480
vt 0.603254 0.920235
vt 0.624531 0.931150
vt 0.783479 0.937028
vt 0.821026 0.935348
vt 0.838548 0.942905
vt 0.856070 0.944584
vt 0.879850 0.972292
vt 0.913642 0.989085
vt 0.967459 1.000000
vt 0.986233 0.998321
vt 0.997497 0.989924
vt 0.997497 0.965575
vt 0.981227 0.935348
vt 0.957447 0.915197
vt 0.923655 0.900924
vt 0.923655 0.897565
vt 0.941176 0.887490
vt 0.948686 0.879093
vt 0.951189 0.857263
vt 0.944931 0.846348
vt 0.932416 0.837112
vt 0.911139 0.831234
vt 0.911139 0.816961
vt 0.902378 0.803526
vt 0.908636 0.788413
vt 0.908636 0.728799
vt 0.896120 0.712007
vt 0.872340 0.701092
vt 0.856070 0.698573
vt 0.689612 0.697733
vt 0.685857 0.681780
vt 0.678348 0.671704
vt 0.664581 0.663308
vt 0.642053 0.658270
vt 0.390488 0.657431
vt 0.375469 0.661629
vt 0.362954 0.669186
vt 0.350438 0.693535
vt 0.152691 0.691856
vt 0.127660 0.698573
vt 0.111389 0.712846
vt 0.108886 0.734677
vt 0.118899 0.748950
vt 0.131414 0.756507
vt 0.153942 0.761545
vt 0.214018 0.764064
vt 0.211514 0.780017
vt 0.180225 0.780856
vt 0.166458 0.785055
vt 0.152691 0.794291
vt 0.145181 0.806045
vt 0.145181 0.823678
vt 0.153942 0.842149
vt 0.131414 0.861461
vt 0.128911 0.880772
vt 0.137672 0.895046
vt 0.163955 0.909320
vt 0.163955 0.912678
vt 0.150188 0.919395
vt 0.143930 0.926952
vt 0.127660 0.929471
vt 0.120150 0.937028
vt 0.115144 0.958018
vt 0.125156 0.965575
vt 0.166458 0.976490
vt 0.187735 0.974811
vt 0.211514 0.980688
vt 0.226533 0.979849
vt 0.236546 0.985726
vt 0.280350 0.987406
vt 0.296621 0.982368
vt 0.335419 0.982368
vt 0.351690 0.971453
vt 0.356696 0.971453
vt 0.372966 0.982368
vt 0.386733 0.983207
vt 0.394243 0.980688
vt 0.413016 0.982368
vt 0.426783 0.976490
vt 0.484355 0.973971
vt 0.496871 0.965575
vt 0.525657 0.963896
vt 0.536921 0.966415
vt 0.550688 0.958858
vt 0.550688 0.926952
vt 0.540676 0.921075
vt 0.529412 0.921914
vt 0.520651 0.927792
vt 0.489362 0.930311
vt 0.476846 0.916877
vt 0.468085 0.914358
vt 0.454318 0.915197
vt 0.440551 0.922754
vt 0.438048 0.937867
vt 0.428035 0.947103
vt 0.420526 0.945424
vt 0.419274 0.926113
vt 0.415519 0.921914
vt 0.380476 0.921914
vt 0.369212 0.931150
vt 0.374218 0.947943
vt 0.356696 0.959698
vt 0.349186 0.958018
vt 0.347935 0.951301
vt 0.339174 0.946264
vt 0.337922 0.931990
vt 0.326658 0.925273
vt 0.326658 0.921914
vt 0.370463 0.910999
vt 0.389237 0.902603
vt 0.420526 0.875735
vt 0.511890 0.883291
vt 0.564456 0.879933
vt 0.600751 0.873216
vt 0.603254 0.879093
vt 0.593242 0.895046
vt 0.594493 0.908480
vt 0.603254 0.920235
vt 0.624531 0.931150
vt 0.783479 0.937028
vt 0.821026 0.935348
vt 0.838548 0.942905
vt 0.856070 0.944584
vt 0.879850 0.972292
vt 0.913642 0.989085
vt 0.967459 1.000000
vt 0.986233 0.998321
vt 0.997497 0.989924
vt 0.195244 0.182200
vt 0.200250 0.175483
vt 0.206508 0.174643
vt 0.216521 0.180521
vt 0.226533 0.170445
vt 0.237797 0.169605
vt 0.244055 0.165407
vt 0.257822 0.165407
vt 0.269086 0.161209
vt 0.270338 0.157011
vt 0.261577 0.146935
vt 0.262829 0.141058
vt 0.256571 0.145256
vt 0.257822 0.149454
vt 0.254068 0.153652
vt 0.251564 0.151973
vt 0.252816 0.144416
vt 0.249061 0.141058
vt 0.226533 0.141058
vt 0.215269 0.156171
vt 0.204005 0.159530
vt 0.205257 0.162888
vt 0.190238 0.171285
vt 0.191489 0.181360
vt 0.195244 0.182200
vt 0.200250 0.175483
vt 0.206508 0.174643
vt 0.216521 0.180521
vt 0.226533 0.170445
vt 0.237797 0.169605
vt 0.244055 0.165407
vt 0.257822 0.165407
vt 0.269086 0.161209
vt 0.270338 0.157011
vt 0.261577 0.146935
vt 0.262829 0.141058
vt 0.256571 0.145256
vt 0.257822 0.149454
vt 0.254068 0.153652
vt 0.251564 0.151973
vt 0.252816 0.144416
vt 0.249061 0.141058
vt 0.226533 0.141058
vt 0.215269 0.156171
vt 0.204005 0.159530
vt 0.205257 0.162888
vt 0.190238 0.171285
vt 0.191489 0.181360
vt 0.201502 0.200672
vt 0.195244 0.196474
vt 0.196496 0.188917
vt 0.188986 0.185558
vt 0.181477 0.194794
vt 0.185232 0.195634
vt 0.188986 0.193115
vt 0.195244 0.198992
vt 0.190238 0.202351
vt 0.182728 0.199832
vt 0.186483 0.211587
vt 0.192741 0.214106
vt 0.201502 0.200672
vt 0.195244 0.196474
vt 0.196496 0.188917
vt 0.188986 0.185558
vt 0.181477 0.194794
vt 0.185232 0.195634
vt 0.188986 0.193115
vt 0.195244 0.198992
vt 0.190238 0.202351
vt 0.182728 0.199832
vt 0.186483 0.211587
vt 0.192741 0.214106
vt 0.881101 0.274559
vt 0.911139 0.263644
vt 0.932416 0.249370
vt 0.944931 0.236776
vt 0.957447 0.211587
vt 0.954944 0.179681
vt 0.936170 0.152813
vt 0.902378 0.131822
vt 0.868586 0.122586
vt 0.861076 0.122586
vt 0.861076 0.138539
vt 0.858573 0.140218
vt 0.764706 0.141058
vt 0.742178 0.160369
vt 0.734668 0.174643
vt 0.849812 0.173804
vt 0.854819 0.178841
vt 0.897372 0.178841
vt 0.912390 0.181360
vt 0.911139 0.186398
vt 0.889862 0.186398
vt 0.889862 0.194794
vt 0.904881 0.198992
vt 0.901126 0.203191
vt 0.876095 0.201511
vt 0.872340 0.206549
vt 0.874844 0.215785
vt 0.898623 0.216625
vt 0.902378 0.219144
vt 0.897372 0.223342
vt 0.869837 0.222502
vt 0.862328 0.218304
vt 0.862328 0.199832
vt 0.878598 0.193115
vt 0.878598 0.188077
vt 0.876095 0.185558
vt 0.854819 0.185558
vt 0.854819 0.274559
vt 0.847309 0.277078
vt 0.881101 0.274559
vt 0.911139 0.263644
vt 0.932416 0.249370
vt 0.944931 0.236776
vt 0.957447 0.211587
vt 0.954944 0.179681
vt 0.936170 0.152813
vt 0.902378 0.131822
vt 0.868586 0.122586
vt 0.861076 0.122586
vt 0.861076 0.138539
vt 0.858573 0.140218
vt 0.764706 0.141058
vt 0.742178 0.160369
vt 0.734668 0.174643
vt 0.849812 0.173804
vt 0.854819 0.178841
vt 0.897372 0.178841
vt 0.912390 0.181360
vt 0.911139 0.186398
vt 0.889862 0.186398
vt 0.889862 0.194794
vt 0.904881 0.198992
vt 0.901126 0.203191
vt 0.876095 0.201511
vt 0.872340 0.206549
vt 0.874844 0.215785
vt 0.898623 0.216625
vt 0.902378 0.219144
vt 0.897372 0.223342
vt 0.869837 0.222502
vt 0.862328 0.218304
vt 0.862328 0.199832
vt 0.878598 0.193115
vt 0.878598 0.188077
vt 0.876095 0.185558
vt 0.854819 0.185558
vt 0.854819 0.274559
vt 0.847309 0.277078
vt 0.018773 0.505458
vt 0.030038 0.507976
vt 0.127660 0.484467
vt 0.131414 0.479429
vt 0.122653 0.461797
vt 0.111389 0.454240
vt 0.070088 0.435768
vt 0.058824 0.435768
vt 0.046308 0.443325
vt 0.000000 0.484467
vt 0.000000 0.491184
vt 0.018773 0.505458
vt 0.030038 0.507976
vt 0.127660 0.484467
vt 0.131414 0.479429
vt 0.122653 0.461797
vt 0.111389 0.454240
vt 0.070088 0.435768
vt 0.058824 0.435768
vt 0.046308 0.443325
vt 0.000000 0.484467
vt 0.000000 0.491184
vt 0.967459 0.560034
vt 0.978723 0.544920
vt 0.979975 0.533165
vt 0.968711 0.524769
vt 0.934919 0.508816
vt 0.914894 0.504618
vt 0.903630 0.510495
vt 0.873592 0.544081
vt 0.872340 0.554156
vt 0.896120 0.568430
vt 0.943680 0.582704
vt 0.967459 0.560034
vt 0.978723 0.544920
vt 0.979975 0.533165
vt 0.968711 0.524769
vt 0.934919 0.508816
vt 0.914894 0.504618
vt 0.903630 0.510495
vt 0.873592 0.544081
vt 0.872340 0.554156
vt 0.896120 0.568430
vt 0.943680 0.582704
vt 0.191489 0.572628
vt 0.216521 0.572628
vt 0.235294 0.568430
vt 0.254068 0.560873
vt 0.259074 0.578505
vt 0.270338 0.591940
vt 0.285357 0.601175
vt 0.309136 0.605374
vt 0.315394 0.602855
vt 0.296621 0.590260
vt 0.297872 0.586062
vt 0.320401 0.591100
vt 0.342929 0.591100
vt 0.357947 0.586902
vt 0.332916 0.579345
vt 0.326658 0.574307
vt 0.329161 0.571788
vt 0.356696 0.574307
vt 0.372966 0.572628
vt 0.414268 0.553317
vt 0.426783 0.559194
vt 0.449312 0.546599
vt 0.453066 0.546599
vt 0.459324 0.552477
vt 0.469337 0.553317
vt 0.484355 0.544920
vt 0.491865 0.537364
vt 0.509387 0.544920
vt 0.515645 0.541562
vt 0.521902 0.526448
vt 0.528160 0.522250
vt 0.543179 0.530647
vt 0.558198 0.544081
vt 0.533166 0.554996
vt 0.534418 0.570949
vt 0.539424 0.581864
vt 0.546934 0.586902
vt 0.581977 0.584383
vt 0.588235 0.581024
vt 0.589487 0.565071
vt 0.584481 0.551637
vt 0.563204 0.544920
vt 0.564456 0.534845
vt 0.573217 0.520571
vt 0.578223 0.520571
vt 0.584481 0.515533
vt 0.613267 0.513854
vt 0.617021 0.518052
vt 0.624531 0.517212
vt 0.628285 0.528967
vt 0.637046 0.527288
vt 0.648310 0.539882
vt 0.659574 0.535684
vt 0.670839 0.544081
vt 0.678348 0.541562
vt 0.688360 0.549958
vt 0.703379 0.556675
vt 0.714643 0.553317
vt 0.725907 0.558354
vt 0.734668 0.554156
vt 0.750939 0.562552
vt 0.758448 0.560034
vt 0.778473 0.565071
vt 0.775970 0.549958
vt 0.782228 0.544081
vt 0.778473 0.536524
vt 0.787234 0.534845
vt 0.783479 0.525609
vt 0.793492 0.523929
vt 0.788486 0.511335
vt 0.798498 0.507976
vt 0.790989 0.491184
vt 0.803504 0.485306
vt 0.803504 0.476071
vt 0.797247 0.470193
vt 0.802253 0.468514
vt 0.813517 0.476910
vt 0.831039 0.467674
vt 0.812265 0.445004
vt 0.806008 0.430730
vt 0.797247 0.426532
vt 0.797247 0.424013
vt 0.803504 0.421495
vt 0.813517 0.423174
vt 0.839800 0.414777
vt 0.829787 0.408060
vt 0.827284 0.401343
vt 0.812265 0.396306
vt 0.806008 0.390428
vt 0.790989 0.389589
vt 0.784731 0.384551
vt 0.787234 0.381192
vt 0.803504 0.375315
vt 0.818523 0.366079
vt 0.828536 0.355164
vt 0.833542 0.343409
vt 0.833542 0.325777
vt 0.829787 0.315701
vt 0.817272 0.300588
vt 0.797247 0.287993
vt 0.798498 0.276238
vt 0.804756 0.272040
vt 0.778473 0.262804
vt 0.759700 0.251889
vt 0.744681 0.238455
vt 0.734668 0.223342
vt 0.697121 0.228380
vt 0.682103 0.224181
vt 0.673342 0.218304
vt 0.635795 0.203191
vt 0.612015 0.198992
vt 0.586984 0.189757
vt 0.525657 0.183879
vt 0.480601 0.183879
vt 0.469337 0.185558
vt 0.464330 0.188917
vt 0.436796 0.191436
vt 0.418023 0.196474
vt 0.405507 0.206549
vt 0.392991 0.212427
vt 0.362954 0.211587
vt 0.351690 0.207389
vt 0.341677 0.210747
vt 0.314143 0.228380
vt 0.304130 0.230898
vt 0.294118 0.238455
vt 0.270338 0.234257
vt 0.249061 0.234257
vt 0.219024 0.242653
vt 0.200250 0.256927
vt 0.200250 0.262804
vt 0.195244 0.269521
vt 0.197747 0.282955
vt 0.195244 0.286314
vt 0.201502 0.291352
vt 0.205257 0.300588
vt 0.176471 0.309824
vt 0.165207 0.317380
vt 0.152691 0.332494
vt 0.150188 0.346767
vt 0.158949 0.365239
vt 0.173967 0.376994
vt 0.196496 0.384551
vt 0.225282 0.387909
vt 0.220275 0.401343
vt 0.220275 0.413098
vt 0.191489 0.432410
vt 0.182728 0.418976
vt 0.186483 0.404702
vt 0.175219 0.413098
vt 0.170213 0.424013
vt 0.166458 0.424853
vt 0.150188 0.411419
vt 0.141427 0.399664
vt 0.138924 0.417296
vt 0.147685 0.430730
vt 0.142678 0.432410
vt 0.133917 0.429051
vt 0.137672 0.435768
vt 0.147685 0.443325
vt 0.170213 0.450042
vt 0.168961 0.465995
vt 0.180225 0.474391
vt 0.190238 0.473552
vt 0.205257 0.476910
vt 0.201502 0.471872
vt 0.207760 0.471033
vt 0.215269 0.474391
vt 0.211514 0.497901
vt 0.215269 0.504618
vt 0.211514 0.506297
vt 0.176471 0.483627
vt 0.167710 0.481108
vt 0.148936 0.457599
vt 0.146433 0.458438
vt 0.145181 0.481108
vt 0.156446 0.505458
vt 0.171464 0.517212
vt 0.202753 0.529807
vt 0.205257 0.533165
vt 0.180225 0.536524
vt 0.138924 0.528967
vt 0.166458 0.547439
vt 0.188986 0.554156
vt 0.217772 0.557515
vt 0.211514 0.561713
vt 0.171464 0.568430
vt 0.722153 0.375315
vt 0.703379 0.367758
vt 0.700876 0.326616
vt 0.709637 0.319060
vt 0.710889 0.293031
vt 0.719650 0.288833
vt 0.740926 0.285474
vt 0.750939 0.278757
vt 0.762203 0.263644
vt 0.768461 0.261965
vt 0.787234 0.272040
vt 0.775970 0.282955
vt 0.809762 0.300588
vt 0.822278 0.315701
vt 0.826033 0.325777
vt 0.826033 0.343409
vt 0.819775 0.356843
vt 0.803504 0.370277
vt 0.777222 0.378673
vt 0.748436 0.380353
vt 0.725907 0.268682
vt 0.719650 0.265323
vt 0.714643 0.256087
vt 0.705882 0.250210
vt 0.704631 0.243493
vt 0.698373 0.237615
vt 0.700876 0.234257
vt 0.728411 0.230898
vt 0.734668 0.234257
vt 0.753442 0.252729
vt 0.742178 0.269521
vt 0.458073 0.519731
vt 0.448060 0.513854
vt 0.438048 0.502099
vt 0.435544 0.490344
vt 0.425532 0.483627
vt 0.400501 0.485306
vt 0.392991 0.481948
vt 0.367960 0.478589
vt 0.350438 0.470193
vt 0.344180 0.464316
vt 0.339174 0.449202
vt 0.374218 0.424853
vt 0.376721 0.340890
vt 0.397997 0.326616
vt 0.408010 0.328296
vt 0.419274 0.320739
vt 0.426783 0.298908
vt 0.443054 0.283795
vt 0.466834 0.275399
vt 0.491865 0.272880
vt 0.516896 0.276238
vt 0.543179 0.287993
vt 0.550688 0.294710
vt 0.549437 0.302267
vt 0.555695 0.309824
vt 0.555695 0.321579
vt 0.566959 0.329135
vt 0.574468 0.327456
vt 0.586984 0.319060
vt 0.605757 0.314022
vt 0.613267 0.319060
vt 0.617021 0.328296
vt 0.632040 0.337531
vt 0.678348 0.332494
vt 0.683354 0.335852
vt 0.685857 0.370277
vt 0.690864 0.374475
vt 0.688360 0.385390
vt 0.690864 0.395466
vt 0.673342 0.408900
vt 0.694618 0.427372
vt 0.694618 0.441646
vt 0.673342 0.460957
vt 0.647059 0.467674
vt 0.637046 0.474391
vt 0.637046 0.484467
vt 0.630788 0.496222
vt 0.608260 0.508816
vt 0.594493 0.506297
vt 0.580726 0.510495
vt 0.554443 0.501259
vt 0.548185 0.501259
vt 0.519399 0.519731
vt 0.485607 0.525609
vt 0.570713 0.282116
vt 0.561952 0.259446
vt 0.573217 0.244332
vt 0.591990 0.235097
vt 0.620776 0.230059
vt 0.644556 0.231738
vt 0.669587 0.240134
vt 0.683354 0.251889
vt 0.687109 0.265323
vt 0.672090 0.267003
vt 0.657071 0.272880
vt 0.619524 0.272880
vt 0.602003 0.287154
vt 0.602003 0.300588
vt 0.598248 0.302267
vt 0.543179 0.234257
vt 0.524406 0.230898
vt 0.515645 0.231738
vt 0.476846 0.208228
vt 0.473091 0.200672
vt 0.478098 0.194794
vt 0.490613 0.191436
vt 0.524406 0.190596
vt 0.539424 0.193955
vt 0.554443 0.193955
vt 0.563204 0.198153
vt 0.574468 0.196474
vt 0.583229 0.201511
vt 0.585732 0.209908
vt 0.339174 0.244332
vt 0.342929 0.234257
vt 0.337922 0.227540
vt 0.352941 0.215785
vt 0.392991 0.217464
vt 0.415519 0.205709
vt 0.423029 0.204870
vt 0.450563 0.213266
vt 0.465582 0.226700
vt 0.464330 0.234257
vt 0.469337 0.240134
vt 0.468085 0.249370
vt 0.448060 0.261965
vt 0.438048 0.264484
vt 0.425532 0.263644
vt 0.416771 0.268682
vt 0.399249 0.270361
vt 0.385482 0.278757
vt 0.360451 0.272040
vt 0.341677 0.262804
vt 0.284105 0.450042
vt 0.260325 0.441646
vt 0.247810 0.441646
vt 0.236546 0.432410
vt 0.227785 0.416457
vt 0.227785 0.401343
vt 0.232791 0.387909
vt 0.222778 0.381192
vt 0.201502 0.380353
vt 0.178974 0.374475
vt 0.166458 0.365239
vt 0.158949 0.352645
vt 0.160200 0.332494
vt 0.168961 0.320739
vt 0.176471 0.314861
vt 0.201502 0.308144
vt 0.212766 0.300588
vt 0.204005 0.280437
vt 0.207760 0.256927
vt 0.222778 0.246012
vt 0.250313 0.239295
vt 0.277847 0.240974
vt 0.292866 0.245172
vt 0.300375 0.250210
vt 0.309136 0.263644
vt 0.306633 0.268682
vt 0.312891 0.276238
vt 0.315394 0.287993
vt 0.327910 0.297229
vt 0.364205 0.294710
vt 0.384230 0.298908
vt 0.376721 0.307305
vt 0.385482 0.313182
vt 0.389237 0.321579
vt 0.359199 0.342569
vt 0.357947 0.424013
vt 0.331665 0.443325
vt 0.305382 0.448363
vt 0.191489 0.572628
vt 0.216521 0.572628
vt 0.235294 0.568430
vt 0.254068 0.560873
vt 0.259074 0.578505
vt 0.270338 0.591940
vt 0.285357 0.601175
vt 0.309136 0.605374
vt 0.315394 0.602855
vt 0.296621 0.590260
vt 0.297872 0.586062
vt 0.320401 0.591100
vt 0.342929 0.591100
vt 0.357947 0.586902
vt 0.332916 0.579345
vt 0.326658 0.574307
vt 0.329161 0.571788
vt 0.356696 0.574307
vt 0.372966 0.572628
vt 0.414268 0.553317
vt 0.426783 0.559194
vt 0.449312 0.546599
vt 0.453066 0.546599
vt 0.459324 0.552477
vt 0.469337 0.553317
vt 0.484355 0.544920
vt 0.491865 0.537364
vt 0.509387 0.544920
vt 0.515645 0.541562
vt 0.521902 0.526448
vt 0.528160 0.522250
vt 0.543179 0.530647
vt 0.558198 0.544081
vt 0.533166 0.554996
vt 0.534418 0.570949
vt 0.539424 0.581864
vt 0.546934 0.586902
vt 0.581977 0.584383
vt 0.588235 0.581024
vt 0.589487 0.565071
vt 0.584481 0.551637
vt 0.563204 0.544920
vt 0.564456 0.534845
vt 0.573217 0.520571
vt 0.578223 0.520571
vt 0.584481 0.515533
vt 0.613267 0.513854
vt 0.617021 0.518052
vt 0.624531 0.517212
vt 0.628285 0.528967
vt 0.637046 0.527288
vt 0.648310 0.539882
vt 0.659574 0.535684
vt 0.670839 0.544081
vt 0.678348 0.541562
vt 0.688360 0.549958
vt 0.703379 0.556675
vt 0.714643 0.553317
vt 0.725907 0.558354
vt 0.734668 0.554156
vt 0.750939 0.562552
vt 0.758448 0.560034
vt 0.778473 0.565071
vt 0.775970 0.549958
vt 0.782228 0.544081
vt 0.778473 0.536524
vt 0.787234 0.534845
vt 0.783479 0.525609
vt 0.793492 0.523929
vt 0.788486 0.511335
vt 0.798498 0.507976
vt 0.790989 0.491184
vt 0.803504 0.485306
vt 0.803504 0.476071
vt 0.797247 0.470193
vt 0.802253 0.468514
vt 0.813517 0.476910
vt 0.831039 0.467674
vt 0.812265 0.445004
vt 0.806008 0.430730
vt 0.797247 0.426532
vt 0.797247 0.424013
vt 0.803504 0.421495
vt 0.813517 0.423174
vt 0.839800 0.414777
vt 0.829787 0.408060
vt 0.827284 0.401343
vt 0.812265 0.396306
vt 0.806008 0.390428
vt 0.790989 0.389589
vt 0.784731 0.384551
vt 0.787234 0.381192
vt 0.803504 0.375315
vt 0.818523 0.366079
vt 0.828536 0.355164
vt 0.833542 0.343409
vt 0.833542 0.325777
vt 0.829787 0.315701
vt 0.817272 0.300588
vt 0.797247 0.287993
vt 0.798498 0.276238
vt 0.804756 0.272040
vt 0.778473 0.262804
vt 0.759700 0.251889
vt 0.744681 0.238455
vt 0.734668 0.223342
vt 0.697121 0.228380
vt 0.682103 0.224181
vt 0.673342 0.218304
vt 0.635795 0.203191
vt 0.612015 0.198992
vt 0.586984 0.189757
vt 0.525657 0.183879
vt 0.480601 0.183879
vt 0.469337 0.185558
vt 0.464330 0.188917
vt 0.436796 0.191436
vt 0.418023 0.196474
vt 0.405507 0.206549
vt 0.392991 0.212427
vt 0.362954 0.211587
vt 0.351690 0.207389
vt 0.341677 0.210747
vt 0.314143 0.228380
vt 0.304130 0.230898
vt 0.294118 0.238455
vt 0.270338 0.234257
vt 0.249061 0.234257
vt 0.219024 0.242653
vt 0.200250 0.256927
vt 0.200250 0.262804
vt 0.195244 0.269521
vt 0.197747 0.282955
vt 0.195244 0.286314
vt 0.201502 0.291352
vt 0.205257 0.300588
vt 0.176471 0.309824
vt 0.165207 0.317380
vt 0.152691 0.332494
vt 0.150188 0.346767
vt 0.158949 0.365239
vt 0.173967 0.376994
vt 0.196496 0.384551
vt 0.225282 0.387909
vt 0.220275 0.401343
vt 0.220275 0.413098
vt 0.191489 0.432410
vt 0.182728 0.418976
vt 0.186483 0.404702
vt 0.175219 0.413098
vt 0.170213 0.424013
vt 0.166458 0.424853
vt 0.150188 0.411419
vt 0.141427 0.399664
vt 0.138924 0.417296
vt 0.147685 0.430730
vt 0.142678 0.432410
vt 0.133917 0.429051
vt 0.137672 0.435768
vt 0.147685 0.443325
vt 0.170213 0.450042
vt 0.168961 0.465995
vt 0.180225 0.474391
vt 0.190238 0.473552
vt 0.205257 0.476910
vt 0.201502 0.471872
vt 0.207760 0.471033
vt 0.215269 0.474391
vt 0.211514 0.497901
vt 0.215269 0.504618
vt 0.211514 0.506297
vt 0.176471 0.483627
vt 0.167710 0.481108
vt 0.148936 0.457599
vt 0.146433 0.458438
vt 0.145181 0.481108
vt 0.156446 0.505458
vt 0.171464 0.517212
vt 0.202753 0.529807
vt 0.205257 0.533165
vt 0.180225 0.536524
vt 0.138924 0.528967
vt 0.166458 0.547439
vt 0.188986 0.554156
vt 0.217772 0.557515
vt 0.211514 0.561713
vt 0.171464 0.568430
vt 0.722153 0.375315
vt 0.703379 0.367758
vt 0.700876 0.326616
vt 0.709637 0.319060
vt 0.710889 0.293031
vt 0.719650 0.288833
vt 0.740926 0.285474
vt 0.750939 0.278757
vt 0.762203 0.263644
vt 0.768461 0.261965
vt 0.787234 0.272040
vt 0.775970 0.282955
vt 0.809762 0.300588
vt 0.822278 0.315701
vt 0.826033 0.325777
vt 0.826033 0.343409
vt 0.819775 0.356843
vt 0.803504 0.370277
vt 0.777222 0.378673
vt 0.748436 0.380353
vt 0.725907 0.268682
vt 0.719650 0.265323
vt 0.714643 0.256087
vt 0.705882 0.250210
vt 0.704631 0.243493
vt 0.698373 0.237615
vt 0.700876 0.234257
vt 0.728411 0.230898
vt 0.734668 0.234257
vt 0.753442 0.252729
vt 0.742178 0.269521
vt 0.458073 0.519731
vt 0.448060 0.513854
vt 0.438048 0.502099
vt 0.435544 0.490344
vt 0.425532 0.483627
vt 0.400501 0.485306
vt 0.392991 0.481948
vt 0.367960 0.478589
vt 0.350438 0.470193
vt 0.344180 0.464316
vt 0.339174 0.449202
vt 0.374218 0.424853
vt 0.376721 0.340890
vt 0.397997 0.326616
vt 0.408010 0.328296
vt 0.419274 0.320739
vt 0.426783 0.298908
vt 0.443054 0.283795
vt 0.466834 0.275399
vt 0.491865 0.272880
vt 0.516896 0.276238
vt 0.543179 0.287993
vt 0.550688 0.294710
vt 0.549437 0.302267
vt 0.555695 0.309824
vt 0.555695 0.321579
vt 0.566959 0.329135
vt 0.574468 0.327456
vt 0.586984 0.319060
vt 0.605757 0.314022
vt 0.613267 0.319060
vt 0.617021 0.328296
vt 0.632040 0.337531
vt 0.678348 0.332494
vt 0.683354 0.335852
vt 0.685857 0.370277
vt 0.690864 0.374475
vt 0.688360 0.385390
vt 0.690864 0.395466
vt 0.673342 0.408900
vt 0.694618 0.427372
vt 0.694618 0.441646
vt 0.673342 0.460957
vt 0.647059 0.467674
vt 0.637046 0.474391
vt 0.637046 0.484467
vt 0.630788 0.496222
vt 0.608260 0.508816
vt 0.594493 0.506297
vt 0.580726 0.510495
vt 0.554443 0.501259
vt 0.548185 0.501259
vt 0.519399 0.519731
vt 0.485607 0.525609
vt 0.570713 0.282116
vt 0.561952 0.259446
vt 0.573217 0.244332
vt 0.591990 0.235097
vt 0.620776 0.230059
vt 0.644556 0.231738
vt 0.669587 0.240134
vt 0.683354 0.251889
vt 0.687109 0.265323
vt 0.672090 0.267003
vt 0.657071 0.272880
vt 0.619524 0.272880
vt 0.602003 0.287154
vt 0.602003 0.300588
vt 0.598248 0.302267
vt 0.543179 0.234257
vt 0.524406 0.230898
vt 0.515645 0.231738
vt 0.476846 0.208228
vt 0.473091 0.200672
vt 0.478098 0.194794
vt 0.490613 0.191436
vt 0.524406 0.190596
vt 0.539424 0.193955
vt 0.554443 0.193955
vt 0.563204 0.198153
vt 0.574468 0.196474
vt 0.583229 0.201511
vt 0.585732 0.209908
vt 0.339174 0.244332
vt 0.342929 0.234257
vt 0.337922 0.227540
vt 0.352941 0.215785
vt 0.392991 0.217464
vt 0.415519 0.205709
vt 0.423029 0.204870
vt 0.450563 0.213266
vt 0.465582 0.226700
vt 0.464330 0.234257
vt 0.469337 0.240134
vt 0.468085 0.249370
vt 0.448060 0.261965
vt 0.438048 0.264484
vt 0.425532 0.263644
vt 0.416771 0.268682
vt 0.399249 0.270361
vt 0.385482 0.278757
vt 0.360451 0.272040
vt 0.341677 0.262804
vt 0.284105 0.450042
vt 0.260325 0.441646
vt 0.247810 0.441646
vt 0.236546 0.432410
vt 0.227785 0.416457
vt 0.227785 0.401343
vt 0.232791 0.387909
vt 0.222778 0.381192
vt 0.201502 0.380353
vt 0.178974 0.374475
vt 0.166458 0.365239
vt 0.158949 0.352645
vt 0.160200 0.332494
vt 0.168961 0.320739
vt 0.176471 0.314861
vt 0.201502 0.308144
vt 0.212766 0.300588
vt 0.204005 0.280437
vt 0.207760 0.256927
vt 0.222778 0.246012
vt 0.250313 0.239295
vt 0.277847 0.240974
vt 0.292866 0.245172
vt 0.300375 0.250210
vt 0.309136 0.263644
vt 0.306633 0.268682
vt 0.312891 0.276238
vt 0.315394 0.287993
vt 0.327910 0.297229
vt 0.364205 0.294710
vt 0.384230 0.298908
vt 0.376721 0.307305
vt 0.385482 0.313182
vt 0.389237 0.321579
vt 0.359199 0.342569
vt 0.357947 0.424013
vt 0.331665 0.443325
vt 0.305382 0.448363
vt 0.644556 0.613770
vt 0.663329 0.611251
vt 0.682103 0.605374
vt 0.682103 0.583543
vt 0.669587 0.567590
vt 0.654568 0.566751
vt 0.625782 0.570949
vt 0.615770 0.575147
vt 0.617021 0.597817
vt 0.630788 0.612930
vt 0.644556 0.613770
vt 0.663329 0.611251
vt 0.682103 0.605374
vt 0.682103 0.583543
vt 0.669587 0.567590
vt 0.654568 0.566751
vt 0.625782 0.570949
vt 0.615770 0.575147
vt 0.617021 0.597817
vt 0.630788 0.612930
vt 0.807259 0.637280
vt 0.854819 0.610411
vt 0.843554 0.591940
vt 0.819775 0.574307
vt 0.813517 0.574307
vt 0.785982 0.583543
vt 0.762203 0.595298
vt 0.762203 0.600336
vt 0.775970 0.619647
vt 0.799750 0.638959
vt 0.807259 0.637280
vt 0.854819 0.610411
vt 0.843554 0.591940
vt 0.819775 0.574307
vt 0.813517 0.574307
vt 0.785982 0.583543
vt 0.762203 0.595298
vt 0.762203 0.600336
vt 0.775970 0.619647
vt 0.799750 0.638959
vt 0.443054 0.644836
vt 0.468085 0.620487
vt 0.470588 0.613770
vt 0.445557 0.596138
vt 0.420526 0.586062
vt 0.411765 0.586062
vt 0.387985 0.605374
vt 0.376721 0.618808
vt 0.380476 0.628883
vt 0.406758 0.646516
vt 0.420526 0.652393
vt 0.426783 0.652393
vt 0.443054 0.644836
vt 0.468085 0.620487
vt 0.470588 0.613770
vt 0.445557 0.596138
vt 0.420526 0.586062
vt 0.411765 0.586062
vt 0.387985 0.605374
vt 0.376721 0.618808
vt 0.380476 0.628883
vt 0.406758 0.646516
vt 0.420526 0.652393
vt 0.426783 0.652393
vt 0.232791 0.644836
vt 0.236546 0.642317
vt 0.207760 0.602855
vt 0.187735 0.588581
vt 0.177722 0.588581
vt 0.120150 0.611251
vt 0.107635 0.618808
vt 0.107635 0.628044
vt 0.138924 0.664148
vt 0.232791 0.644836
vt 0.236546 0.642317
vt 0.207760 0.602855
vt 0.187735 0.588581
vt 0.177722 0.588581
vt 0.120150 0.611251
vt 0.107635 0.618808
vt 0.107635 0.628044
vt 0.138924 0.664148
vt 0.827284 0.219983
vt 0.829787 0.218304
vt 0.828536 0.215785
vt 0.823529 0.215785
vt 0.819775 0.213266
vt 0.819775 0.201511
vt 0.828536 0.198992
vt 0.828536 0.196474
vt 0.812265 0.194794
vt 0.809762 0.193115
vt 0.809762 0.185558
vt 0.812265 0.183879
vt 0.834793 0.184719
vt 0.834793 0.181360
vt 0.814768 0.178841
vt 0.782228 0.178841
vt 0.777222 0.180521
vt 0.779725 0.183879
vt 0.797247 0.183879
vt 0.801001 0.186398
vt 0.801001 0.193115
vt 0.798498 0.194794
vt 0.784731 0.194794
vt 0.782228 0.196474
vt 0.783479 0.198992
vt 0.790989 0.201511
vt 0.790989 0.213266
vt 0.782228 0.215785
vt 0.782228 0.219144
vt 0.798498 0.212427
vt 0.798498 0.201511
vt 0.808511 0.199832
vt 0.812265 0.204870
vt 0.812265 0.213266
vt 0.802253 0.214945
vt 0.827284 0.219983
vt 0.829787 0.218304
vt 0.828536 0.215785
vt 0.823529 0.215785
vt 0.819775 0.213266
vt 0.819775 0.201511
vt 0.828536 0.198992
vt 0.828536 0.196474
vt 0.812265 0.194794
vt 0.809762 0.193115
vt 0.809762 0.185558
vt 0.812265 0.183879
vt 0.834793 0.184719
vt 0.834793 0.181360
vt 0.814768 0.178841
vt 0.782228 0.178841
vt 0.777222 0.180521
vt 0.779725 0.183879
vt 0.797247 0.183879
vt 0.801001 0.186398
vt 0.801001 0.193115
vt 0.798498 0.194794
vt 0.784731 0.194794
vt 0.782228 0.196474
vt 0.783479 0.198992
vt 0.790989 0.201511
vt 0.790989 0.213266
vt 0.782228 0.215785
vt 0.782228 0.219144
vt 0.798498 0.212427
vt 0.798498 0.201511
vt 0.808511 0.199832
vt 0.812265 0.204870
vt 0.812265 0.213266
vt 0.802253 0.214945
vt 0.893617 0.222502
vt 0.901126 0.219983
vt 0.897372 0.217464
vt 0.873592 0.216625
vt 0.871089 0.214106
vt 0.871089 0.204030
vt 0.876095 0.200672
vt 0.902378 0.201511
vt 0.903630 0.198992
vt 0.901126 0.197313
vt 0.891114 0.196474
vt 0.887359 0.193955
vt 0.887359 0.187238
vt 0.891114 0.184719
vt 0.909887 0.185558
vt 0.912390 0.183039
vt 0.909887 0.181360
vt 0.896120 0.179681
vt 0.856070 0.180521
vt 0.854819 0.182200
vt 0.858573 0.184719
vt 0.877347 0.184719
vt 0.879850 0.186398
vt 0.879850 0.193955
vt 0.876095 0.196474
vt 0.867334 0.197313
vt 0.862328 0.204030
vt 0.862328 0.214945
vt 0.867334 0.220823
vt 0.893617 0.222502
vt 0.901126 0.219983
vt 0.897372 0.217464
vt 0.873592 0.216625
vt 0.871089 0.214106
vt 0.871089 0.204030
vt 0.876095 0.200672
vt 0.902378 0.201511
vt 0.903630 0.198992
vt 0.901126 0.197313
vt 0.891114 0.196474
vt 0.887359 0.193955
vt 0.887359 0.187238
vt 0.891114 0.184719
vt 0.909887 0.185558
vt 0.912390 0.183039
vt 0.909887 0.181360
vt 0.896120 0.179681
vt 0.856070 0.180521
vt 0.854819 0.182200
vt 0.858573 0.184719
vt 0.877347 0.184719
vt 0.879850 0.186398
vt 0.879850 0.193955
vt 0.876095 0.196474
vt 0.867334 0.197313
vt 0.862328 0.204030
vt 0.862328 0.214945
vt 0.867334 0.220823
vt 0.581977 0.201511
vt 0.574468 0.197313
vt 0.563204 0.198992
vt 0.554443 0.194794
vt 0.539424 0.194794
vt 0.524406 0.191436
vt 0.490613 0.192275
vt 0.478098 0.195634
vt 0.474343 0.200672
vt 0.478098 0.208228
vt 0.515645 0.230898
vt 0.524406 0.230059
vt 0.543179 0.233417
vt 0.575720 0.216625
vt 0.584481 0.209908
vt 0.581977 0.201511
vt 0.574468 0.197313
vt 0.563204 0.198992
vt 0.554443 0.194794
vt 0.539424 0.194794
vt 0.524406 0.191436
vt 0.490613 0.192275
vt 0.478098 0.195634
vt 0.474343 0.200672
vt 0.478098 0.208228
vt 0.515645 0.230898
vt 0.524406 0.230059
vt 0.543179 0.233417
vt 0.575720 0.216625
vt 0.584481 0.209908
vt 0.744681 0.261125
vt 0.752190 0.255248
vt 0.752190 0.252729
vt 0.733417 0.234257
vt 0.728411 0.231738
vt 0.715895 0.231738
vt 0.700876 0.235097
vt 0.699625 0.237615
vt 0.705882 0.243493
vt 0.707134 0.250210
vt 0.715895 0.256087
vt 0.720901 0.265323
vt 0.725907 0.267842
vt 0.742178 0.268682
vt 0.744681 0.261125
vt 0.752190 0.255248
vt 0.752190 0.252729
vt 0.733417 0.234257
vt 0.728411 0.231738
vt 0.715895 0.231738
vt 0.700876 0.235097
vt 0.699625 0.237615
vt 0.705882 0.243493
vt 0.707134 0.250210
vt 0.715895 0.256087
vt 0.720901 0.265323
vt 0.725907 0.267842
vt 0.742178 0.268682
vt 0.360451 0.271201
vt 0.375469 0.273720
vt 0.385482 0.277918
vt 0.399249 0.269521
vt 0.416771 0.267842
vt 0.425532 0.262804
vt 0.438048 0.263644
vt 0.441802 0.261125
vt 0.448060 0.261125
vt 0.466834 0.249370
vt 0.468085 0.240134
vt 0.463079 0.234257
vt 0.464330 0.226700
vt 0.450563 0.214106
vt 0.423029 0.205709
vt 0.415519 0.206549
vt 0.392991 0.218304
vt 0.352941 0.216625
vt 0.339174 0.227540
vt 0.339174 0.230898
vt 0.344180 0.234257
vt 0.340426 0.244332
vt 0.340426 0.258606
vt 0.342929 0.262804
vt 0.360451 0.271201
vt 0.375469 0.273720
vt 0.385482 0.277918
vt 0.399249 0.269521
vt 0.416771 0.267842
vt 0.425532 0.262804
vt 0.438048 0.263644
vt 0.441802 0.261125
vt 0.448060 0.261125
vt 0.466834 0.249370
vt 0.468085 0.240134
vt 0.463079 0.234257
vt 0.464330 0.226700
vt 0.450563 0.214106
vt 0.423029 0.205709
vt 0.415519 0.206549
vt 0.392991 0.218304
vt 0.352941 0.216625
vt 0.339174 0.227540
vt 0.339174 0.230898
vt 0.344180 0.234257
vt 0.340426 0.244332
vt 0.340426 0.258606
vt 0.342929 0.262804
vt 0.584481 0.293031
vt 0.599499 0.301427
vt 0.602003 0.297229
vt 0.600751 0.287154
vt 0.604506 0.282116
vt 0.619524 0.272040
vt 0.663329 0.271201
vt 0.672090 0.266163
vt 0.685857 0.265323
vt 0.685857 0.257767
vt 0.677096 0.246012
vt 0.654568 0.235097
vt 0.625782 0.230898
vt 0.604506 0.232578
vt 0.579474 0.240974
vt 0.564456 0.256927
vt 0.563204 0.261125
vt 0.566959 0.265323
vt 0.566959 0.272040
vt 0.571965 0.282116
vt 0.584481 0.293031
vt 0.599499 0.301427
vt 0.602003 0.297229
vt 0.600751 0.287154
vt 0.604506 0.282116
vt 0.619524 0.272040
vt 0.663329 0.271201
vt 0.672090 0.266163
vt 0.685857 0.265323
vt 0.685857 0.257767
vt 0.677096 0.246012
vt 0.654568 0.235097
vt 0.625782 0.230898
vt 0.604506 0.232578
vt 0.579474 0.240974
vt 0.564456 0.256927
vt 0.563204 0.261125
vt 0.566959 0.265323
vt 0.566959 0.272040
vt 0.571965 0.282116
vt 0.777222 0.377834
vt 0.803504 0.369437
vt 0.818523 0.356843
vt 0.824781 0.343409
vt 0.824781 0.325777
vt 0.821026 0.315701
vt 0.808511 0.300588
vt 0.787234 0.291352
vt 0.774718 0.282955
vt 0.785982 0.272040
vt 0.768461 0.262804
vt 0.763454 0.263644
vt 0.760951 0.269521
vt 0.752190 0.275399
vt 0.752190 0.278757
vt 0.740926 0.286314
vt 0.719650 0.289673
vt 0.712140 0.293031
vt 0.710889 0.319060
vt 0.702128 0.326616
vt 0.704631 0.367758
vt 0.728411 0.376154
vt 0.748436 0.379513
vt 0.777222 0.377834
vt 0.803504 0.369437
vt 0.818523 0.356843
vt 0.824781 0.343409
vt 0.824781 0.325777
vt 0.821026 0.315701
vt 0.808511 0.300588
vt 0.787234 0.291352
vt 0.774718 0.282955
vt 0.785982 0.272040
vt 0.768461 0.262804
vt 0.763454 0.263644
vt 0.760951 0.269521
vt 0.752190 0.275399
vt 0.752190 0.278757
vt 0.740926 0.286314
vt 0.719650 0.289673
vt 0.712140 0.293031
vt 0.710889 0.319060
vt 0.702128 0.326616
vt 0.704631 0.367758
vt 0.728411 0.376154
vt 0.748436 0.379513
vt 0.324155 0.442485
vt 0.331665 0.442485
vt 0.356696 0.424013
vt 0.357947 0.342569
vt 0.387985 0.321579
vt 0.384230 0.313182
vt 0.375469 0.307305
vt 0.382979 0.298908
vt 0.364205 0.295550
vt 0.327910 0.298069
vt 0.314143 0.287993
vt 0.311640 0.276238
vt 0.305382 0.268682
vt 0.307885 0.263644
vt 0.299124 0.250210
vt 0.292866 0.246012
vt 0.277847 0.241814
vt 0.250313 0.240134
vt 0.222778 0.246851
vt 0.209011 0.256927
vt 0.205257 0.280437
vt 0.214018 0.300588
vt 0.201502 0.308984
vt 0.185232 0.312343
vt 0.170213 0.320739
vt 0.161452 0.332494
vt 0.158949 0.340890
vt 0.160200 0.352645
vt 0.167710 0.365239
vt 0.178974 0.373636
vt 0.201502 0.379513
vt 0.222778 0.380353
vt 0.234043 0.387909
vt 0.229036 0.401343
vt 0.229036 0.416457
vt 0.237797 0.432410
vt 0.247810 0.440806
vt 0.260325 0.440806
vt 0.284105 0.449202
vt 0.289111 0.447523
vt 0.305382 0.447523
vt 0.324155 0.442485
vt 0.331665 0.442485
vt 0.356696 0.424013
vt 0.357947 0.342569
vt 0.387985 0.321579
vt 0.384230 0.313182
vt 0.375469 0.307305
vt 0.382979 0.298908
vt 0.364205 0.295550
vt 0.327910 0.298069
vt 0.314143 0.287993
vt 0.311640 0.276238
vt 0.305382 0.268682
vt 0.307885 0.263644
vt 0.299124 0.250210
vt 0.292866 0.246012
vt 0.277847 0.241814
vt 0.250313 0.240134
vt 0.222778 0.246851
vt 0.209011 0.256927
vt 0.205257 0.280437
vt 0.214018 0.300588
vt 0.201502 0.308984
vt 0.185232 0.312343
vt 0.170213 0.320739
vt 0.161452 0.332494
vt 0.158949 0.340890
vt 0.160200 0.352645
vt 0.167710 0.365239
vt 0.178974 0.373636
vt 0.201502 0.379513
vt 0.222778 0.380353
vt 0.234043 0.387909
vt 0.229036 0.401343
vt 0.229036 0.416457
vt 0.237797 0.432410
vt 0.247810 0.440806
vt 0.260325 0.440806
vt 0.284105 0.449202
vt 0.289111 0.447523
vt 0.305382 0.447523
vt 0.519399 0.518892
vt 0.548185 0.500420
vt 0.554443 0.500420
vt 0.580726 0.509656
vt 0.594493 0.505458
vt 0.608260 0.507976
vt 0.623279 0.497901
vt 0.629537 0.496222
vt 0.635795 0.484467
vt 0.635795 0.474391
vt 0.647059 0.466835
vt 0.673342 0.460118
vt 0.685857 0.450882
vt 0.693367 0.441646
vt 0.693367 0.427372
vt 0.672090 0.408900
vt 0.689612 0.395466
vt 0.687109 0.381192
vt 0.689612 0.374475
vt 0.684606 0.370277
vt 0.682103 0.335852
vt 0.678348 0.333333
vt 0.669587 0.333333
vt 0.642053 0.338371
vt 0.632040 0.338371
vt 0.615770 0.328296
vt 0.612015 0.319060
vt 0.605757 0.314861
vt 0.586984 0.319899
vt 0.574468 0.328296
vt 0.566959 0.329975
vt 0.554443 0.321579
vt 0.554443 0.309824
vt 0.548185 0.302267
vt 0.549437 0.294710
vt 0.541927 0.287993
vt 0.516896 0.277078
vt 0.491865 0.273720
vt 0.463079 0.277078
vt 0.443054 0.284635
vt 0.428035 0.298908
vt 0.420526 0.320739
vt 0.408010 0.329135
vt 0.397997 0.327456
vt 0.377972 0.340890
vt 0.375469 0.424853
vt 0.340426 0.449202
vt 0.345432 0.464316
vt 0.350438 0.469353
vt 0.367960 0.477750
vt 0.392991 0.481108
vt 0.400501 0.484467
vt 0.425532 0.482788
vt 0.436796 0.490344
vt 0.439299 0.502099
vt 0.449312 0.513854
vt 0.458073 0.518892
vt 0.485607 0.524769
vt 0.519399 0.518892
vt 0.548185 0.500420
vt 0.554443 0.500420
vt 0.580726 0.509656
vt 0.594493 0.505458
vt 0.608260 0.507976
vt 0.623279 0.497901
vt 0.629537 0.496222
vt 0.635795 0.484467
vt 0.635795 0.474391
vt 0.647059 0.466835
vt 0.673342 0.460118
vt 0.685857 0.450882
vt 0.693367 0.441646
vt 0.693367 0.427372
vt 0.672090 0.408900
vt 0.689612 0.395466
vt 0.687109 0.381192
vt 0.689612 0.374475
vt 0.684606 0.370277
vt 0.682103 0.335852
vt 0.678348 0.333333
vt 0.669587 0.333333
vt 0.642053 0.338371
vt 0.632040 0.338371
vt 0.615770 0.328296
vt 0.612015 0.319060
vt 0.605757 0.314861
vt 0.586984 0.319899
vt 0.574468 0.328296
vt 0.566959 0.329975
vt 0.554443 0.321579
vt 0.554443 0.309824
vt 0.548185 0.302267
vt 0.549437 0.294710
vt 0.541927 0.287993
vt 0.516896 0.277078
vt 0.491865 0.273720
vt 0.463079 0.277078
vt 0.443054 0.284635
vt 0.428035 0.298908
vt 0.420526 0.320739
vt 0.408010 0.329135
vt 0.397997 0.327456
vt 0.377972 0.340890
vt 0.375469 0.424853
vt 0.340426 0.449202
vt 0.345432 0.464316
vt 0.350438 0.469353
vt 0.367960 0.477750
vt 0.392991 0.481108
vt 0.400501 0.484467
vt 0.425532 0.482788
vt 0.436796 0.490344
vt 0.439299 0.502099
vt 0.449312 0.513854
vt 0.458073 0.518892
vt 0.485607 0.524769
vt 0.943680 0.734677
vt 0.943680 0.723762
vt 0.936170 0.727120
vt 0.931164 0.723762
vt 0.931164 0.735516
vt 0.943680 0.734677
vt 0.943680 0.723762
vt 0.936170 0.727120
vt 0.931164 0.723762
vt 0.931164 0.735516
vt 0.947434 0.739715
vt 0.954944 0.732158
vt 0.952441 0.722082
vt 0.942428 0.717045
vt 0.927409 0.718724
vt 0.919900 0.725441
vt 0.921151 0.735516
vt 0.932416 0.741394
vt 0.923655 0.734677
vt 0.922403 0.725441
vt 0.929912 0.719563
vt 0.941176 0.718724
vt 0.949937 0.722922
vt 0.952441 0.732158
vt 0.946183 0.738035
vt 0.933667 0.739715
vt 0.947434 0.739715
vt 0.954944 0.732158
vt 0.952441 0.722082
vt 0.942428 0.717045
vt 0.927409 0.718724
vt 0.919900 0.725441
vt 0.921151 0.735516
vt 0.932416 0.741394
vt 0.923655 0.734677
vt 0.922403 0.725441
vt 0.929912 0.719563
vt 0.941176 0.718724
vt 0.949937 0.722922
vt 0.952441 0.732158
vt 0.946183 0.738035
vt 0.933667 0.739715
vt 0.389237 0.704450
vt 0.401752 0.707809
vt 0.480601 0.707809
vt 0.484355 0.710327
vt 0.484355 0.736356
vt 0.488110 0.742233
vt 0.500626 0.748950
vt 0.515645 0.749790
vt 0.529412 0.745592
vt 0.536921 0.738035
vt 0.538173 0.710327
vt 0.541927 0.707809
vt 0.645807 0.707809
vt 0.659574 0.699412
vt 0.660826 0.686818
vt 0.653317 0.679261
vt 0.640801 0.675903
vt 0.396746 0.675063
vt 0.382979 0.681780
vt 0.380476 0.696054
vt 0.389237 0.704450
vt 0.401752 0.707809
vt 0.480601 0.707809
vt 0.484355 0.710327
vt 0.484355 0.736356
vt 0.488110 0.742233
vt 0.500626 0.748950
vt 0.515645 0.749790
vt 0.529412 0.745592
vt 0.536921 0.738035
vt 0.538173 0.710327
vt 0.541927 0.707809
vt 0.645807 0.707809
vt 0.659574 0.699412
vt 0.660826 0.686818
vt 0.653317 0.679261
vt 0.640801 0.675903
vt 0.396746 0.675063
vt 0.382979 0.681780
vt 0.380476 0.696054
vt 0.137672 0.735516
vt 0.152691 0.743073
vt 0.239049 0.744752
vt 0.241552 0.746432
vt 0.241552 0.773300
vt 0.245307 0.779177
vt 0.256571 0.785894
vt 0.275344 0.787573
vt 0.284105 0.785055
vt 0.296621 0.774139
vt 0.296621 0.747271
vt 0.300375 0.744752
vt 0.404255 0.745592
vt 0.414268 0.743073
vt 0.421777 0.738035
vt 0.425532 0.726280
vt 0.423029 0.720403
vt 0.415519 0.714526
vt 0.395494 0.711167
vt 0.155194 0.709488
vt 0.145181 0.712007
vt 0.137672 0.717884
vt 0.135169 0.730479
vt 0.137672 0.735516
vt 0.152691 0.743073
vt 0.239049 0.744752
vt 0.241552 0.746432
vt 0.241552 0.773300
vt 0.245307 0.779177
vt 0.256571 0.785894
vt 0.275344 0.787573
vt 0.284105 0.785055
vt 0.296621 0.774139
vt 0.296621 0.747271
vt 0.300375 0.744752
vt 0.404255 0.745592
vt 0.414268 0.743073
vt 0.421777 0.738035
vt 0.425532 0.726280
vt 0.423029 0.720403
vt 0.415519 0.714526
vt 0.395494 0.711167
vt 0.155194 0.709488
vt 0.145181 0.712007
vt 0.137672 0.717884
vt 0.135169 0.730479
vt 0.881101 0.729639
vt 0.871089 0.720403
vt 0.852315 0.716205
vt 0.697121 0.715365
vt 0.687109 0.717045
vt 0.673342 0.724601
vt 0.668335 0.732158
vt 0.668335 0.768262
vt 0.654568 0.772460
vt 0.645807 0.782536
vt 0.647059 0.790932
vt 0.655820 0.798489
vt 0.683354 0.801008
vt 0.846058 0.802687
vt 0.869837 0.798489
vt 0.881101 0.789253
vt 0.823529 0.774139
vt 0.724656 0.773300
vt 0.720901 0.770781
vt 0.720901 0.746432
vt 0.724656 0.743913
vt 0.823529 0.744752
vt 0.827284 0.747271
vt 0.827284 0.771620
vt 0.881101 0.729639
vt 0.871089 0.720403
vt 0.852315 0.716205
vt 0.697121 0.715365
vt 0.687109 0.717045
vt 0.673342 0.724601
vt 0.668335 0.732158
vt 0.668335 0.768262
vt 0.654568 0.772460
vt 0.645807 0.782536
vt 0.647059 0.790932
vt 0.655820 0.798489
vt 0.683354 0.801008
vt 0.846058 0.802687
vt 0.869837 0.798489
vt 0.881101 0.789253
vt 0.823529 0.774139
vt 0.724656 0.773300
vt 0.720901 0.770781
vt 0.720901 0.746432
vt 0.724656 0.743913
vt 0.823529 0.744752
vt 0.827284 0.747271
vt 0.827284 0.771620
vt 0.406758 0.853904
vt 0.428035 0.858102
vt 0.489362 0.864819
vt 0.536921 0.864819
vt 0.561952 0.862301
vt 0.589487 0.856423
vt 0.607009 0.848866
vt 0.618273 0.840470
vt 0.612015 0.830395
vt 0.614518 0.815281
vt 0.624531 0.807725
vt 0.637046 0.803526
vt 0.637046 0.787573
vt 0.632040 0.764903
vt 0.619524 0.732158
vt 0.614518 0.726280
vt 0.605757 0.722082
vt 0.593242 0.721243
vt 0.575720 0.727960
vt 0.570713 0.735516
vt 0.570713 0.741394
vt 0.578223 0.758186
vt 0.575720 0.764064
vt 0.426783 0.763224
vt 0.414268 0.768262
vt 0.409262 0.774979
vt 0.411765 0.788413
vt 0.419274 0.793451
vt 0.429287 0.795970
vt 0.583229 0.795970
vt 0.586984 0.798489
vt 0.584481 0.811923
vt 0.571965 0.822838
vt 0.548185 0.829555
vt 0.498123 0.831234
vt 0.414268 0.821159
vt 0.405507 0.823678
vt 0.395494 0.832074
vt 0.392991 0.839631
vt 0.396746 0.848027
vt 0.406758 0.853904
vt 0.428035 0.858102
vt 0.489362 0.864819
vt 0.536921 0.864819
vt 0.561952 0.862301
vt 0.589487 0.856423
vt 0.607009 0.848866
vt 0.618273 0.840470
vt 0.612015 0.830395
vt 0.614518 0.815281
vt 0.624531 0.807725
vt 0.637046 0.803526
vt 0.637046 0.787573
vt 0.632040 0.764903
vt 0.619524 0.732158
vt 0.614518 0.726280
vt 0.605757 0.722082
vt 0.593242 0.721243
vt 0.575720 0.727960
vt 0.570713 0.735516
vt 0.570713 0.741394
vt 0.578223 0.758186
vt 0.575720 0.764064
vt 0.426783 0.763224
vt 0.414268 0.768262
vt 0.409262 0.774979
vt 0.411765 0.788413
vt 0.419274 0.793451
vt 0.429287 0.795970
vt 0.583229 0.795970
vt 0.586984 0.798489
vt 0.584481 0.811923
vt 0.571965 0.822838
vt 0.548185 0.829555
vt 0.498123 0.831234
vt 0.414268 0.821159
vt 0.405507 0.823678
vt 0.395494 0.832074
vt 0.392991 0.839631
vt 0.396746 0.848027
vt 0.173967 0.891688
vt 0.234043 0.901763
vt 0.269086 0.904282
vt 0.300375 0.904282
vt 0.327910 0.901763
vt 0.351690 0.896725
vt 0.374218 0.887490
vt 0.389237 0.875735
vt 0.399249 0.858102
vt 0.390488 0.852225
vt 0.384230 0.843829
vt 0.386733 0.830395
vt 0.397997 0.820319
vt 0.399249 0.816121
vt 0.381727 0.769102
vt 0.376721 0.763224
vt 0.367960 0.759026
vt 0.352941 0.758186
vt 0.341677 0.761545
vt 0.334168 0.766583
vt 0.330413 0.777498
vt 0.339174 0.796809
vt 0.336671 0.801008
vt 0.187735 0.798489
vt 0.181477 0.800168
vt 0.172716 0.807725
vt 0.172716 0.822838
vt 0.180225 0.829555
vt 0.187735 0.832074
vt 0.345432 0.833753
vt 0.349186 0.836272
vt 0.347935 0.848866
vt 0.342929 0.855584
vt 0.334168 0.861461
vt 0.307885 0.868178
vt 0.271589 0.869018
vt 0.234043 0.865659
vt 0.185232 0.856423
vt 0.173967 0.856423
vt 0.160200 0.863980
vt 0.156446 0.869857
vt 0.156446 0.879933
vt 0.160200 0.884971
vt 0.173967 0.891688
vt 0.234043 0.901763
vt 0.269086 0.904282
vt 0.300375 0.904282
vt 0.327910 0.901763
vt 0.351690 0.896725
vt 0.374218 0.887490
vt 0.389237 0.875735
vt 0.399249 0.858102
vt 0.390488 0.852225
vt 0.384230 0.843829
vt 0.386733 0.830395
vt 0.397997 0.820319
vt 0.399249 0.816121
vt 0.381727 0.769102
vt 0.376721 0.763224
vt 0.367960 0.759026
vt 0.352941 0.758186
vt 0.341677 0.761545
vt 0.334168 0.766583
vt 0.330413 0.777498
vt 0.339174 0.796809
vt 0.336671 0.801008
vt 0.187735 0.798489
vt 0.181477 0.800168
vt 0.172716 0.807725
vt 0.172716 0.822838
vt 0.180225 0.829555
vt 0.187735 0.832074
vt 0.345432 0.833753
vt 0.349186 0.836272
vt 0.347935 0.848866
vt 0.342929 0.855584
vt 0.334168 0.861461
vt 0.307885 0.868178
vt 0.271589 0.869018
vt 0.234043 0.865659
vt 0.185232 0.856423
vt 0.173967 0.856423
vt 0.160200 0.863980
vt 0.156446 0.869857
vt 0.156446 0.879933
vt 0.160200 0.884971
vt 0.822278 0.905961
vt 0.818523 0.893367
vt 0.808511 0.887490
vt 0.792240 0.886650
vt 0.788486 0.884131
vt 0.788486 0.845508
vt 0.792240 0.842989
vt 0.803504 0.842989
vt 0.813517 0.840470
vt 0.822278 0.832074
vt 0.821026 0.820319
vt 0.813517 0.814442
vt 0.799750 0.811083
vt 0.638298 0.809404
vt 0.624531 0.815281
vt 0.620776 0.821159
vt 0.620776 0.829555
vt 0.624531 0.834593
vt 0.634543 0.839631
vt 0.650814 0.840470
vt 0.654568 0.842989
vt 0.654568 0.881612
vt 0.652065 0.883291
vt 0.633292 0.884131
vt 0.623279 0.890008
vt 0.619524 0.901763
vt 0.628285 0.911839
vt 0.639549 0.915197
vt 0.807259 0.918556
vt 0.817272 0.913518
vt 0.708385 0.882452
vt 0.708385 0.843829
vt 0.712140 0.841310
vt 0.732165 0.841310
vt 0.737171 0.844668
vt 0.737171 0.882452
vt 0.733417 0.884971
vt 0.712140 0.884971
vt 0.822278 0.905961
vt 0.818523 0.893367
vt 0.808511 0.887490
vt 0.792240 0.886650
vt 0.788486 0.884131
vt 0.788486 0.845508
vt 0.792240 0.842989
vt 0.803504 0.842989
vt 0.813517 0.840470
vt 0.822278 0.832074
vt 0.821026 0.820319
vt 0.813517 0.814442
vt 0.799750 0.811083
vt 0.638298 0.809404
vt 0.624531 0.815281
vt 0.620776 0.821159
vt 0.620776 0.829555
vt 0.624531 0.834593
vt 0.634543 0.839631
vt 0.650814 0.840470
vt 0.654568 0.842989
vt 0.654568 0.881612
vt 0.652065 0.883291
vt 0.633292 0.884131
vt 0.623279 0.890008
vt 0.619524 0.901763
vt 0.628285 0.911839
vt 0.639549 0.915197
vt 0.807259 0.918556
vt 0.817272 0.913518
vt 0.708385 0.882452
vt 0.708385 0.843829
vt 0.712140 0.841310
vt 0.732165 0.841310
vt 0.737171 0.844668
vt 0.737171 0.882452
vt 0.733417 0.884971
vt 0.712140 0.884971
vt 0.466834 0.934509
vt 0.469337 0.931990
vt 0.464330 0.926952
vt 0.456821 0.929471
vt 0.456821 0.932830
vt 0.460576 0.935348
vt 0.466834 0.934509
vt 0.469337 0.931990
vt 0.464330 0.926952
vt 0.456821 0.929471
vt 0.456821 0.932830
vt 0.460576 0.935348
vt 0.513141 0.952141
vt 0.516896 0.948783
vt 0.516896 0.943745
vt 0.511890 0.940386
vt 0.504380 0.941226
vt 0.500626 0.944584
vt 0.501877 0.950462
vt 0.508135 0.952981
vt 0.513141 0.952141
vt 0.516896 0.948783
vt 0.516896 0.943745
vt 0.511890 0.940386
vt 0.504380 0.941226
vt 0.500626 0.944584
vt 0.501877 0.950462
vt 0.508135 0.952981
vt 0.389237 0.969773
vt 0.391740 0.967254
vt 0.391740 0.963056
vt 0.386733 0.959698
vt 0.380476 0.960537
vt 0.376721 0.963896
vt 0.377972 0.968934
vt 0.381727 0.970613
vt 0.389237 0.969773
vt 0.391740 0.967254
vt 0.391740 0.963056
vt 0.386733 0.959698
vt 0.380476 0.960537
vt 0.376721 0.963896
vt 0.377972 0.968934
vt 0.381727 0.970613
vt 0.967459 0.957179
vt 0.951189 0.936188
vt 0.937422 0.926952
vt 0.923655 0.921075
vt 0.902378 0.916877
vt 0.884856 0.916877
vt 0.882353 0.915197
vt 0.884856 0.907641
vt 0.884856 0.884131
vt 0.888611 0.881612
vt 0.912390 0.880772
vt 0.918648 0.878254
vt 0.926158 0.869857
vt 0.926158 0.860621
vt 0.922403 0.854744
vt 0.914894 0.850546
vt 0.889862 0.849706
vt 0.886108 0.847187
vt 0.886108 0.821159
vt 0.879850 0.811083
vt 0.867334 0.806045
vt 0.848561 0.806885
vt 0.839800 0.811083
vt 0.833542 0.819479
vt 0.833542 0.915197
vt 0.848561 0.925273
vt 0.866083 0.924433
vt 0.879850 0.917716
vt 0.882353 0.919395
vt 0.883605 0.938707
vt 0.897372 0.957179
vt 0.909887 0.965575
vt 0.929912 0.973132
vt 0.973717 0.981528
vt 0.967459 0.957179
vt 0.951189 0.936188
vt 0.937422 0.926952
vt 0.923655 0.921075
vt 0.902378 0.916877
vt 0.884856 0.916877
vt 0.882353 0.915197
vt 0.884856 0.907641
vt 0.884856 0.884131
vt 0.888611 0.881612
vt 0.912390 0.880772
vt 0.918648 0.878254
vt 0.926158 0.869857
vt 0.926158 0.860621
vt 0.922403 0.854744
vt 0.914894 0.850546
vt 0.889862 0.849706
vt 0.886108 0.847187
vt 0.886108 0.821159
vt 0.879850 0.811083
vt 0.867334 0.806045
vt 0.848561 0.806885
vt 0.839800 0.811083
vt 0.833542 0.819479
vt 0.833542 0.915197
vt 0.848561 0.925273
vt 0.866083 0.924433
vt 0.879850 0.917716
vt 0.882353 0.919395
vt 0.883605 0.938707
vt 0.897372 0.957179
vt 0.909887 0.965575
vt 0.929912 0.973132
vt 0.973717 0.981528
vt 0.367960 0.979849
vt 0.375469 0.982368
vt 0.389237 0.982368
vt 0.400501 0.978170
vt 0.408010 0.981528
vt 0.415519 0.981528
vt 0.425532 0.975651
vt 0.459324 0.973971
vt 0.469337 0.975651
vt 0.474343 0.973132
vt 0.485607 0.973132
vt 0.496871 0.963896
vt 0.513141 0.965575
vt 0.524406 0.962217
vt 0.530663 0.965575
vt 0.539424 0.965575
vt 0.546934 0.962217
vt 0.550688 0.956339
vt 0.549437 0.926113
vt 0.541927 0.921914
vt 0.531915 0.921914
vt 0.520651 0.929471
vt 0.506884 0.927792
vt 0.495620 0.930311
vt 0.488110 0.934509
vt 0.485607 0.924433
vt 0.480601 0.919395
vt 0.469337 0.915197
vt 0.453066 0.916037
vt 0.440551 0.923594
vt 0.438048 0.932830
vt 0.440551 0.937028
vt 0.431790 0.943745
vt 0.433041 0.951301
vt 0.429287 0.952981
vt 0.420526 0.946264
vt 0.416771 0.937028
vt 0.419274 0.927792
vt 0.414268 0.921914
vt 0.403004 0.920235
vt 0.380476 0.922754
vt 0.370463 0.929471
vt 0.370463 0.939547
vt 0.375469 0.947103
vt 0.357947 0.960537
vt 0.359199 0.972292
vt 0.530663 0.958018
vt 0.530663 0.930311
vt 0.536921 0.926952
vt 0.541927 0.930311
vt 0.543179 0.951301
vt 0.541927 0.958018
vt 0.534418 0.960537
vt 0.493116 0.954660
vt 0.489362 0.944584
vt 0.493116 0.938707
vt 0.500626 0.934509
vt 0.515645 0.933669
vt 0.526909 0.940386
vt 0.528160 0.948783
vt 0.519399 0.957179
vt 0.506884 0.960537
vt 0.476846 0.966415
vt 0.475594 0.958018
vt 0.471840 0.958858
vt 0.471840 0.966415
vt 0.468085 0.969773
vt 0.464330 0.969773
vt 0.461827 0.967254
vt 0.459324 0.942065
vt 0.454318 0.941226
vt 0.445557 0.933669
vt 0.448060 0.925273
vt 0.458073 0.920235
vt 0.466834 0.920235
vt 0.478098 0.926113
vt 0.479349 0.932830
vt 0.468085 0.942905
vt 0.470588 0.950462
vt 0.475594 0.951301
vt 0.474343 0.941226
vt 0.480601 0.938707
vt 0.485607 0.942905
vt 0.488110 0.965575
vt 0.483104 0.968934
vt 0.429287 0.967254
vt 0.431790 0.963896
vt 0.446809 0.962217
vt 0.439299 0.949622
vt 0.439299 0.945424
vt 0.444305 0.943745
vt 0.454318 0.952141
vt 0.459324 0.966415
vt 0.449312 0.969773
vt 0.433041 0.970613
vt 0.408010 0.973971
vt 0.406758 0.951301
vt 0.385482 0.952141
vt 0.382979 0.949622
vt 0.386733 0.945424
vt 0.400501 0.943745
vt 0.399249 0.942065
vt 0.384230 0.942065
vt 0.379224 0.939547
vt 0.377972 0.931150
vt 0.385482 0.926952
vt 0.405507 0.925273
vt 0.410513 0.927792
vt 0.409262 0.931990
vt 0.392991 0.932830
vt 0.390488 0.935348
vt 0.406758 0.936188
vt 0.413016 0.944584
vt 0.410513 0.948783
vt 0.415519 0.951301
vt 0.416771 0.956339
vt 0.428035 0.958858
vt 0.426783 0.963056
vt 0.419274 0.964736
vt 0.419274 0.972292
vt 0.413016 0.976490
vt 0.367960 0.972292
vt 0.365457 0.962217
vt 0.375469 0.954660
vt 0.389237 0.952981
vt 0.400501 0.958018
vt 0.403004 0.967254
vt 0.394243 0.974811
vt 0.381727 0.978170
vt 0.367960 0.979849
vt 0.375469 0.982368
vt 0.389237 0.982368
vt 0.400501 0.978170
vt 0.408010 0.981528
vt 0.415519 0.981528
vt 0.425532 0.975651
vt 0.459324 0.973971
vt 0.469337 0.975651
vt 0.474343 0.973132
vt 0.485607 0.973132
vt 0.496871 0.963896
vt 0.513141 0.965575
vt 0.524406 0.962217
vt 0.530663 0.965575
vt 0.539424 0.965575
vt 0.546934 0.962217
vt 0.550688 0.956339
vt 0.549437 0.926113
vt 0.541927 0.921914
vt 0.531915 0.921914
vt 0.520651 0.929471
vt 0.506884 0.927792
vt 0.495620 0.930311
vt 0.488110 0.934509
vt 0.485607 0.924433
vt 0.480601 0.919395
vt 0.469337 0.915197
vt 0.453066 0.916037
vt 0.440551 0.923594
vt 0.438048 0.932830
vt 0.440551 0.937028
vt 0.431790 0.943745
vt 0.433041 0.951301
vt 0.429287 0.952981
vt 0.420526 0.946264
vt 0.416771 0.937028
vt 0.419274 0.927792
vt 0.414268 0.921914
vt 0.403004 0.920235
vt 0.380476 0.922754
vt 0.370463 0.929471
vt 0.370463 0.939547
vt 0.375469 0.947103
vt 0.357947 0.960537
vt 0.359199 0.972292
vt 0.530663 0.958018
vt 0.530663 0.930311
vt 0.536921 0.926952
vt 0.541927 0.930311
vt 0.543179 0.951301
vt 0.541927 0.958018
vt 0.534418 0.960537
vt 0.493116 0.954660
vt 0.489362 0.944584
vt 0.493116 0.938707
vt 0.500626 0.934509
vt 0.515645 0.933669
vt 0.526909 0.940386
vt 0.528160 0.948783
vt 0.519399 0.957179
vt 0.506884 0.960537
vt 0.476846 0.966415
vt 0.475594 0.958018
vt 0.471840 0.958858
vt 0.471840 0.966415
vt 0.468085 0.969773
vt 0.464330 0.969773
vt 0.461827 0.967254
vt 0.459324 0.942065
vt 0.454318 0.941226
vt 0.445557 0.933669
vt 0.448060 0.925273
vt 0.458073 0.920235
vt 0.466834 0.920235
vt 0.478098 0.926113
vt 0.479349 0.932830
vt 0.468085 0.942905
vt 0.470588 0.950462
vt 0.475594 0.951301
vt 0.474343 0.941226
vt 0.480601 0.938707
vt 0.485607 0.942905
vt 0.488110 0.965575
vt 0.483104 0.968934
vt 0.429287 0.967254
vt 0.431790 0.963896
vt 0.446809 0.962217
vt 0.439299 0.949622
vt 0.439299 0.945424
vt 0.444305 0.943745
vt 0.454318 0.952141
vt 0.459324 0.966415
vt 0.449312 0.969773
vt 0.433041 0.970613
vt 0.408010 0.973971
vt 0.406758 0.951301
vt 0.385482 0.952141
vt 0.382979 0.949622
vt 0.386733 0.945424
vt 0.400501 0.943745
vt 0.399249 0.942065
vt 0.384230 0.942065
vt 0.379224 0.939547
vt 0.377972 0.931150
vt 0.385482 0.926952
vt 0.405507 0.925273
vt 0.410513 0.927792
vt 0.409262 0.931990
vt 0.392991 0.932830
vt 0.390488 0.935348
vt 0.406758 0.936188
vt 0.413016 0.944584
vt 0.410513 0.948783
vt 0.415519 0.951301
vt 0.416771 0.956339
vt 0.428035 0.958858
vt 0.426783 0.963056
vt 0.419274 0.964736
vt 0.419274 0.972292
vt 0.413016 0.976490
vt 0.367960 0.972292
vt 0.365457 0.962217
vt 0.375469 0.954660
vt 0.389237 0.952981
vt 0.400501 0.958018
vt 0.403004 0.967254
vt 0.394243 0.974811
vt 0.381727 0.978170
vt 0.345432 0.961377
vt 0.349186 0.955500
vt 0.346683 0.951301
vt 0.337922 0.946264
vt 0.335419 0.939547
vt 0.337922 0.933669
vt 0.335419 0.930311
vt 0.327910 0.926952
vt 0.301627 0.927792
vt 0.291615 0.932830
vt 0.274093 0.927792
vt 0.262829 0.928631
vt 0.250313 0.936188
vt 0.249061 0.945424
vt 0.236546 0.947943
vt 0.235294 0.941226
vt 0.240300 0.936188
vt 0.240300 0.931150
vt 0.235294 0.926952
vt 0.217772 0.922754
vt 0.204005 0.922754
vt 0.195244 0.926952
vt 0.181477 0.916037
vt 0.162703 0.914358
vt 0.150188 0.920235
vt 0.143930 0.928631
vt 0.135169 0.927792
vt 0.125156 0.931990
vt 0.116395 0.952141
vt 0.117647 0.960537
vt 0.126408 0.965575
vt 0.145181 0.968094
vt 0.168961 0.976490
vt 0.183980 0.972292
vt 0.190238 0.975651
vt 0.209011 0.979849
vt 0.219024 0.979849
vt 0.226533 0.976490
vt 0.230288 0.981528
vt 0.239049 0.985726
vt 0.286608 0.986566
vt 0.292866 0.984047
vt 0.297872 0.978170
vt 0.305382 0.983207
vt 0.314143 0.984047
vt 0.336671 0.981528
vt 0.347935 0.974811
vt 0.306633 0.974811
vt 0.309136 0.972292
vt 0.327910 0.969773
vt 0.326658 0.961377
vt 0.300375 0.963056
vt 0.299124 0.958858
vt 0.336671 0.953820
vt 0.340426 0.957179
vt 0.334168 0.959698
vt 0.334168 0.962217
vt 0.340426 0.970613
vt 0.339174 0.973971
vt 0.329161 0.977330
vt 0.309136 0.978170
vt 0.304130 0.949622
vt 0.319149 0.947943
vt 0.319149 0.946264
vt 0.301627 0.945424
vt 0.297872 0.941226
vt 0.299124 0.935348
vt 0.305382 0.932830
vt 0.326658 0.932830
vt 0.329161 0.935348
vt 0.325407 0.937867
vt 0.310388 0.938707
vt 0.310388 0.940386
vt 0.326658 0.941226
vt 0.330413 0.946264
vt 0.329161 0.950462
vt 0.319149 0.953820
vt 0.304130 0.953820
vt 0.279099 0.979849
vt 0.279099 0.969773
vt 0.272841 0.979849
vt 0.269086 0.980688
vt 0.265332 0.978170
vt 0.267835 0.953820
vt 0.257822 0.948783
vt 0.256571 0.940386
vt 0.266583 0.933669
vt 0.280350 0.935348
vt 0.286608 0.940386
vt 0.285357 0.949622
vt 0.276596 0.953820
vt 0.277847 0.963896
vt 0.281602 0.962217
vt 0.281602 0.955500
vt 0.285357 0.952981
vt 0.290363 0.955500
vt 0.289111 0.977330
vt 0.282854 0.981528
vt 0.236546 0.974811
vt 0.239049 0.969773
vt 0.235294 0.965575
vt 0.237797 0.956339
vt 0.244055 0.952981
vt 0.262829 0.954660
vt 0.265332 0.958858
vt 0.261577 0.961377
vt 0.249061 0.959698
vt 0.246558 0.961377
vt 0.249061 0.964736
vt 0.261577 0.966415
vt 0.260325 0.970613
vt 0.247810 0.970613
vt 0.246558 0.972292
vt 0.260325 0.974811
vt 0.261577 0.979849
vt 0.239049 0.979849
vt 0.198999 0.946264
vt 0.198999 0.943745
vt 0.202753 0.942065
vt 0.217772 0.944584
vt 0.215269 0.942065
vt 0.205257 0.940386
vt 0.200250 0.936188
vt 0.201502 0.931150
vt 0.207760 0.927792
vt 0.226533 0.930311
vt 0.232791 0.934509
vt 0.227785 0.937028
vt 0.212766 0.934509
vt 0.214018 0.937028
vt 0.224030 0.938707
vt 0.227785 0.942065
vt 0.227785 0.947103
vt 0.221527 0.951301
vt 0.210263 0.974811
vt 0.188986 0.968934
vt 0.188986 0.965575
vt 0.192741 0.963896
vt 0.211514 0.968094
vt 0.214018 0.959698
vt 0.210263 0.957179
vt 0.191489 0.953820
vt 0.188986 0.952141
vt 0.190238 0.948783
vt 0.193992 0.947943
vt 0.219024 0.952981
vt 0.230288 0.957179
vt 0.229036 0.959698
vt 0.221527 0.961377
vt 0.221527 0.971453
vt 0.219024 0.973971
vt 0.165207 0.967254
vt 0.170213 0.959698
vt 0.167710 0.957179
vt 0.158949 0.966415
vt 0.155194 0.966415
vt 0.152691 0.963896
vt 0.161452 0.942065
vt 0.165207 0.939547
vt 0.157697 0.935348
vt 0.153942 0.926952
vt 0.165207 0.919395
vt 0.177722 0.921075
vt 0.185232 0.926952
vt 0.182728 0.936188
vt 0.176471 0.939547
vt 0.168961 0.940386
vt 0.168961 0.949622
vt 0.171464 0.951301
vt 0.180225 0.940386
vt 0.185232 0.942905
vt 0.177722 0.964736
vt 0.170213 0.970613
vt 0.128911 0.960537
vt 0.123905 0.956339
vt 0.128911 0.950462
vt 0.127660 0.939547
vt 0.136421 0.932830
vt 0.143930 0.933669
vt 0.160200 0.940386
vt 0.160200 0.942905
vt 0.156446 0.944584
vt 0.145181 0.941226
vt 0.138924 0.942905
vt 0.140175 0.945424
vt 0.152691 0.949622
vt 0.148936 0.953820
vt 0.136421 0.952141
vt 0.137672 0.954660
vt 0.150188 0.958018
vt 0.151439 0.961377
vt 0.146433 0.963896
vt 0.345432 0.961377
vt 0.349186 0.955500
vt 0.346683 0.951301
vt 0.337922 0.946264
vt 0.335419 0.939547
vt 0.337922 0.933669
vt 0.335419 0.930311
vt 0.327910 0.926952
vt 0.301627 0.927792
vt 0.291615 0.932830
vt 0.274093 0.927792
vt 0.262829 0.928631
vt 0.250313 0.936188
vt 0.249061 0.945424
vt 0.236546 0.947943
vt 0.235294 0.941226
vt 0.240300 0.936188
vt 0.240300 0.931150
vt 0.235294 0.926952
vt 0.217772 0.922754
vt 0.204005 0.922754
vt 0.195244 0.926952
vt 0.181477 0.916037
vt 0.162703 0.914358
vt 0.150188 0.920235
vt 0.143930 0.928631
vt 0.135169 0.927792
vt 0.125156 0.931990
vt 0.116395 0.952141
vt 0.117647 0.960537
vt 0.126408 0.965575
vt 0.145181 0.968094
vt 0.168961 0.976490
vt 0.183980 0.972292
vt 0.190238 0.975651
vt 0.209011 0.979849
vt 0.219024 0.979849
vt 0.226533 0.976490
vt 0.230288 0.981528
vt 0.239049 0.985726
vt 0.286608 0.986566
vt 0.292866 0.984047
vt 0.297872 0.978170
vt 0.305382 0.983207
vt 0.314143 0.984047
vt 0.336671 0.981528
vt 0.347935 0.974811
vt 0.306633 0.974811
vt 0.309136 0.972292
vt 0.327910 0.969773
vt 0.326658 0.961377
vt 0.300375 0.963056
vt 0.299124 0.958858
vt 0.336671 0.953820
vt 0.340426 0.957179
vt 0.334168 0.959698
vt 0.334168 0.962217
vt 0.340426 0.970613
vt 0.339174 0.973971
vt 0.329161 0.977330
vt 0.309136 0.978170
vt 0.304130 0.949622
vt 0.319149 0.947943
vt 0.319149 0.946264
vt 0.301627 0.945424
vt 0.297872 0.941226
vt 0.299124 0.935348
vt 0.305382 0.932830
vt 0.326658 0.932830
vt 0.329161 0.935348
vt 0.325407 0.937867
vt 0.310388 0.938707
vt 0.310388 0.940386
vt 0.326658 0.941226
vt 0.330413 0.946264
vt 0.329161 0.950462
vt 0.319149 0.953820
vt 0.304130 0.953820
vt 0.279099 0.979849
vt 0.279099 0.969773
vt 0.272841 0.979849
vt 0.269086 0.980688
vt 0.265332 0.978170
vt 0.267835 0.953820
vt 0.257822 0.948783
vt 0.256571 0.940386
vt 0.266583 0.933669
vt 0.280350 0.935348
vt 0.286608 0.940386
vt 0.285357 0.949622
vt 0.276596 0.953820
vt 0.277847 0.963896
vt 0.281602 0.962217
vt 0.281602 0.955500
vt 0.285357 0.952981
vt 0.290363 0.955500
vt 0.289111 0.977330
vt 0.282854 0.981528
vt 0.236546 0.974811
vt 0.239049 0.969773
vt 0.235294 0.965575
vt 0.237797 0.956339
vt 0.244055 0.952981
vt 0.262829 0.954660
vt 0.265332 0.958858
vt 0.261577 0.961377
vt 0.249061 0.959698
vt 0.246558 0.961377
vt 0.249061 0.964736
vt 0.261577 0.966415
vt 0.260325 0.970613
vt 0.247810 0.970613
vt 0.246558 0.972292
vt 0.260325 0.974811
vt 0.261577 0.979849
vt 0.239049 0.979849
vt 0.198999 0.946264
vt 0.198999 0.943745
vt 0.202753 0.942065
vt 0.217772 0.944584
vt 0.215269 0.942065
vt 0.205257 0.940386
vt 0.200250 0.936188
vt 0.201502 0.931150
vt 0.207760 0.927792
vt 0.226533 0.930311
vt 0.232791 0.934509
vt 0.227785 0.937028
vt 0.212766 0.934509
vt 0.214018 0.937028
vt 0.224030 0.938707
vt 0.227785 0.942065
vt 0.227785 0.947103
vt 0.221527 0.951301
vt 0.210263 0.974811
vt 0.188986 0.968934
vt 0.188986 0.965575
vt 0.192741 0.963896
vt 0.211514 0.968094
vt 0.214018 0.959698
vt 0.210263 0.957179
vt 0.191489 0.953820
vt 0.188986 0.952141
vt 0.190238 0.948783
vt 0.193992 0.947943
vt 0.219024 0.952981
vt 0.230288 0.957179
vt 0.229036 0.959698
vt 0.221527 0.961377
vt 0.221527 0.971453
vt 0.219024 0.973971
vt 0.165207 0.967254
vt 0.170213 0.959698
vt 0.167710 0.957179
vt 0.158949 0.966415
vt 0.155194 0.966415
vt 0.152691 0.963896
vt 0.161452 0.942065
vt 0.165207 0.939547
vt 0.157697 0.935348
vt 0.153942 0.926952
vt 0.165207 0.919395
vt 0.177722 0.921075
vt 0.185232 0.926952
vt 0.182728 0.936188
vt 0.176471 0.939547
vt 0.168961 0.940386
vt 0.168961 0.949622
vt 0.171464 0.951301
vt 0.180225 0.940386
vt 0.185232 0.942905
vt 0.177722 0.964736
vt 0.170213 0.970613
vt 0.128911 0.960537
vt 0.123905 0.956339
vt 0.128911 0.950462
vt 0.127660 0.939547
vt 0.136421 0.932830
vt 0.143930 0.933669
vt 0.160200 0.940386
vt 0.160200 0.942905
vt 0.156446 0.944584
vt 0.145181 0.941226
vt 0.138924 0.942905
vt 0.140175 0.945424
vt 0.152691 0.949622
vt 0.148936 0.953820
vt 0.136421 0.952141
vt 0.137672 0.954660
vt 0.150188 0.958018
vt 0.151439 0.961377
vt 0.146433 0.963896
vt 1.000000 0.978170
vt 0.994994 0.959698
vt 0.977472 0.931990
vt 0.967459 0.922754
vt 0.949937 0.911839
vt 0.913642 0.900084
vt 0.931164 0.893367
vt 0.944931 0.883291
vt 0.951189 0.870697
vt 0.951189 0.859782
vt 0.942428 0.844668
vt 0.931164 0.837112
vt 0.909887 0.830395
vt 0.909887 0.816121
vt 0.899875 0.801847
vt 0.907384 0.789253
vt 0.907384 0.728799
vt 0.897372 0.713686
vt 0.883605 0.705290
vt 0.873592 0.701931
vt 0.838548 0.698573
vt 0.689612 0.698573
vt 0.687109 0.696893
vt 0.685857 0.683459
vt 0.679599 0.673384
vt 0.665832 0.664148
vt 0.647059 0.659110
vt 0.396746 0.657431
vt 0.374218 0.662469
vt 0.362954 0.670025
vt 0.355444 0.680940
vt 0.354193 0.691856
vt 0.350438 0.694374
vt 0.148936 0.692695
vt 0.130163 0.697733
vt 0.112641 0.712007
vt 0.108886 0.721243
vt 0.110138 0.735516
vt 0.116395 0.745592
vt 0.127660 0.753988
vt 0.151439 0.760705
vt 0.205257 0.761545
vt 0.202753 0.758186
vt 0.196496 0.756507
vt 0.148936 0.755668
vt 0.136421 0.752309
vt 0.123905 0.744752
vt 0.116395 0.732997
vt 0.116395 0.719563
vt 0.121402 0.710327
vt 0.131414 0.702771
vt 0.153942 0.696893
vt 0.361702 0.698573
vt 0.360451 0.687657
vt 0.366708 0.675063
vt 0.376721 0.667506
vt 0.392991 0.662469
vt 0.647059 0.664148
vt 0.662078 0.668346
vt 0.677096 0.680940
vt 0.679599 0.697733
vt 0.677096 0.704450
vt 0.688360 0.702771
vt 0.853567 0.703610
vt 0.873592 0.706969
vt 0.891114 0.716205
vt 0.897372 0.722922
vt 0.901126 0.732158
vt 0.901126 0.785894
vt 0.891114 0.802687
vt 0.898623 0.808564
vt 0.903630 0.817800
vt 0.903630 0.836272
vt 0.927409 0.841310
vt 0.939925 0.850546
vt 0.943680 0.858102
vt 0.943680 0.872376
vt 0.937422 0.882452
vt 0.926158 0.890008
vt 0.903630 0.894207
vt 0.902378 0.903442
vt 0.929912 0.909320
vt 0.944931 0.915197
vt 0.958698 0.923594
vt 0.973717 0.937028
vt 0.986233 0.956339
vt 0.992491 0.975651
vt 0.991239 0.987406
vt 0.979975 0.994962
vt 0.972466 0.995802
vt 0.961202 0.991604
vt 0.932416 0.988245
vt 0.907384 0.980688
vt 0.881101 0.964736
vt 0.872340 0.955500
vt 0.863579 0.938707
vt 0.841051 0.937867
vt 0.822278 0.927792
vt 0.807259 0.931990
vt 0.637046 0.927792
vt 0.619524 0.923594
vt 0.603254 0.910160
vt 0.600751 0.895046
vt 0.608260 0.882452
vt 0.619524 0.874895
vt 0.635795 0.870697
vt 0.635795 0.853065
vt 0.628285 0.851385
vt 0.612015 0.861461
vt 0.589487 0.869857
vt 0.550688 0.876574
vt 0.486859 0.877414
vt 0.414268 0.869018
vt 0.397997 0.889169
vt 0.375469 0.902603
vt 0.350438 0.910999
vt 0.319149 0.916037
vt 0.294118 0.917716
vt 0.252816 0.916877
vt 0.204005 0.910999
vt 0.163955 0.902603
vt 0.147685 0.895046
vt 0.140175 0.887490
vt 0.136421 0.878254
vt 0.137672 0.866499
vt 0.146433 0.854744
vt 0.160200 0.846348
vt 0.175219 0.842989
vt 0.158949 0.832914
vt 0.153942 0.826196
vt 0.151439 0.818640
vt 0.152691 0.806885
vt 0.160200 0.795970
vt 0.176471 0.787573
vt 0.183980 0.785894
vt 0.226533 0.785894
vt 0.221527 0.769941
vt 0.217772 0.766583
vt 0.215269 0.766583
vt 0.216521 0.779177
vt 0.214018 0.780856
vt 0.175219 0.782536
vt 0.157697 0.790932
vt 0.148936 0.800168
vt 0.145181 0.820319
vt 0.148936 0.830395
vt 0.158949 0.841310
vt 0.140175 0.852225
vt 0.130163 0.867338
vt 0.131414 0.884971
vt 0.145181 0.900084
vt 0.163955 0.907641
vt 0.178974 0.910999
vt 0.247810 0.921075
vt 0.301627 0.921914
vt 0.341677 0.917716
vt 0.372966 0.909320
vt 0.387985 0.902603
vt 0.403004 0.892527
vt 0.419274 0.874895
vt 0.480601 0.881612
vt 0.544431 0.881612
vt 0.591990 0.874055
vt 0.613267 0.866499
vt 0.627034 0.858942
vt 0.629537 0.860621
vt 0.629537 0.866499
vt 0.613267 0.872376
vt 0.603254 0.879093
vt 0.594493 0.893367
vt 0.596996 0.911839
vt 0.602003 0.918556
vt 0.614518 0.926952
vt 0.632040 0.931990
vt 0.649562 0.932830
vt 0.809762 0.936188
vt 0.819775 0.933669
vt 0.838548 0.942065
vt 0.858573 0.944584
vt 0.864831 0.956339
vt 0.878598 0.970613
vt 0.891114 0.979009
vt 0.914894 0.989085
vt 0.957447 0.995802
vt 0.969962 1.000000
vt 0.977472 1.000000
vt 0.988736 0.996641
vt 0.997497 0.989085
vt 1.000000 0.978170
vt 0.994994 0.959698
vt 0.977472 0.931990
vt 0.967459 0.922754
vt 0.949937 0.911839
vt 0.913642 0.900084
vt 0.931164 0.893367
vt 0.944931 0.883291
vt 0.951189 0.870697
vt 0.951189 0.859782
vt 0.942428 0.844668
vt 0.931164 0.837112
vt 0.909887 0.830395
vt 0.909887 0.816121
vt 0.899875 0.801847
vt 0.907384 0.789253
vt 0.907384 0.728799
vt 0.897372 0.713686
vt 0.883605 0.705290
vt 0.873592 0.701931
vt 0.838548 0.698573
vt 0.689612 0.698573
vt 0.687109 0.696893
vt 0.685857 0.683459
vt 0.679599 0.673384
vt 0.665832 0.664148
vt 0.647059 0.659110
vt 0.396746 0.657431
vt 0.374218 0.662469
vt 0.362954 0.670025
vt 0.355444 0.680940
vt 0.354193 0.691856
vt 0.350438 0.694374
vt 0.148936 0.692695
vt 0.130163 0.697733
vt 0.112641 0.712007
vt 0.108886 0.721243
vt 0.110138 0.735516
vt 0.116395 0.745592
vt 0.127660 0.753988
vt 0.151439 0.760705
vt 0.205257 0.761545
vt 0.202753 0.758186
vt 0.196496 0.756507
vt 0.148936 0.755668
vt 0.136421 0.752309
vt 0.123905 0.744752
vt 0.116395 0.732997
vt 0.116395 0.719563
vt 0.121402 0.710327
vt 0.131414 0.702771
vt 0.153942 0.696893
vt 0.361702 0.698573
vt 0.360451 0.687657
vt 0.366708 0.675063
vt 0.376721 0.667506
vt 0.392991 0.662469
vt 0.647059 0.664148
vt 0.662078 0.668346
vt 0.677096 0.680940
vt 0.679599 0.697733
vt 0.677096 0.704450
vt 0.688360 0.702771
vt 0.853567 0.703610
vt 0.873592 0.706969
vt 0.891114 0.716205
vt 0.897372 0.722922
vt 0.901126 0.732158
vt 0.901126 0.785894
vt 0.891114 0.802687
vt 0.898623 0.808564
vt 0.903630 0.817800
vt 0.903630 0.836272
vt 0.927409 0.841310
vt 0.939925 0.850546
vt 0.943680 0.858102
vt 0.943680 0.872376
vt 0.937422 0.882452
vt 0.926158 0.890008
vt 0.903630 0.894207
vt 0.902378 0.903442
vt 0.929912 0.909320
vt 0.944931 0.915197
vt 0.958698 0.923594
vt 0.973717 0.937028
vt 0.986233 0.956339
vt 0.992491 0.975651
vt 0.991239 0.987406
vt 0.979975 0.994962
vt 0.972466 0.995802
vt 0.961202 0.991604
vt 0.932416 0.988245
vt 0.907384 0.980688
vt 0.881101 0.964736
vt 0.872340 0.955500
vt 0.863579 0.938707
vt 0.841051 0.937867
vt 0.822278 0.927792
vt 0.807259 0.931990
vt 0.637046 0.927792
vt 0.619524 0.923594
vt 0.603254 0.910160
vt 0.600751 0.895046
vt 0.608260 0.882452
vt 0.619524 0.874895
vt 0.635795 0.870697
vt 0.635795 0.853065
vt 0.628285 0.851385
vt 0.612015 0.861461
vt 0.589487 0.869857
vt 0.550688 0.876574
vt 0.486859 0.877414
vt 0.414268 0.869018
vt 0.397997 0.889169
vt 0.375469 0.902603
vt 0.350438 0.910999
vt 0.319149 0.916037
vt 0.294118 0.917716
vt 0.252816 0.916877
vt 0.204005 0.910999
vt 0.163955 0.902603
vt 0.147685 0.895046
vt 0.140175 0.887490
vt 0.136421 0.878254
vt 0.137672 0.866499
vt 0.146433 0.854744
vt 0.160200 0.846348
vt 0.175219 0.842989
vt 0.158949 0.832914
vt 0.153942 0.826196
vt 0.151439 0.818640
vt 0.152691 0.806885
vt 0.160200 0.795970
vt 0.176471 0.787573
vt 0.183980 0.785894
vt 0.226533 0.785894
vt 0.221527 0.769941
vt 0.217772 0.766583
vt 0.215269 0.766583
vt 0.216521 0.779177
vt 0.214018 0.780856
vt 0.175219 0.782536
vt 0.157697 0.790932
vt 0.148936 0.800168
vt 0.145181 0.820319
vt 0.148936 0.830395
vt 0.158949 0.841310
vt 0.140175 0.852225
vt 0.130163 0.867338
vt 0.131414 0.884971
vt 0.145181 0.900084
vt 0.163955 0.907641
vt 0.178974 0.910999
vt 0.247810 0.921075
vt 0.301627 0.921914
vt 0.341677 0.917716
vt 0.372966 0.909320
vt 0.387985 0.902603
vt 0.403004 0.892527
vt 0.419274 0.874895
vt 0.480601 0.881612
vt 0.544431 0.881612
vt 0.591990 0.874055
vt 0.613267 0.866499
vt 0.627034 0.858942
vt 0.629537 0.860621
vt 0.629537 0.866499
vt 0.613267 0.872376
vt 0.603254 0.879093
vt 0.594493 0.893367
vt 0.596996 0.911839
vt 0.602003 0.918556
vt 0.614518 0.926952
vt 0.632040 0.931990
vt 0.649562 0.932830
vt 0.809762 0.936188
vt 0.819775 0.933669
vt 0.838548 0.942065
vt 0.858573 0.944584
vt 0.864831 0.956339
vt 0.878598 0.970613
vt 0.891114 0.979009
vt 0.914894 0.989085
vt 0.957447 0.995802
vt 0.969962 1.000000
vt 0.977472 1.000000
vt 0.988736 0.996641
vt 0.997497 0.989085
vn -0.9979 0.0000 -0.0640
vn -0.9979 -0.0000 -0.0640
vn -0.9979 -0.0000 -0.0640
vn -0.9979 -0.0000 -0.0640
vn -0.9979 0.0000 -0.0640
vn -0.9979 -0.0000 -0.0640
vn -0.9979 0.0000 -0.0640
vn -0.9979 0.0000 -0.0640
vn 0.9979 0.0000 0.0640
vn 0.9979 0.0000 0.0640
vn 0.9979 0.0000 0.0640
vn 0.9979 0.0000 0.0640
vn 0.9979 -0.0000 0.0640
vn 0.9979 0.0000 0.0640
vn 0.9979 -0.0000 0.0640
vn 0.9979 -0.0000 0.0640
vn 0.0000 0.9487 0.3162
vn 0.0000 0.9487 0.3162
vn 0.0000 0.9412 -0.3379
vn 0.0000 0.9412 -0.3379
vn 0.0000 0.4472 -0.8944
vn 0.0000 0.4472 -0.8944
vn 0.0000 -0.3162 -0.9487
vn -0.0000 -0.3162 -0.9487
vn 0.0000 -0.7071 -0.7071
vn -0.0000 -0.7071 -0.7071
vn 0.0000 -0.8321 -0.5547
vn -0.0000 -0.8321 -0.5547
vn -0.0000 -1.0000 0.0000
vn 0.0000 -1.0000 0.0000
vn 0.0000 -0.6296 0.7769
vn 0.0000 -0.6296 0.7769
vn 0.0000 0.6616 0.7498
vn 0.0000 0.6616 0.7498
vn 0.0000 -0.0000 1.0000
vn 0.0000 -0.0000 1.0000
vn -0.9979 0.0000 -0.0640
vn -0.9979 0.0000 -0.0640
vn -0.9979 -0.0000 -0.0640
vn -0.9979 -0.0000 -0.0640
vn -0.9979 -0.0000 -0.0640
vn -0.9979 0.0000 -0.0640
vn -0.9979 -0.0000 -0.0640
vn 0.9979 -0.0000 0.0640
vn 0.9979 -0.0000 0.0640
vn 0.9979 0.0000 0.0640
vn 0.9979 0.0000 0.0640
vn 0.9979 0.0000 0.0640
vn 0.9979 -0.0000 0.0640
vn 0.9979 0.0000 0.0640
vn 0.0000 0.0712 -0.9975
vn 0.0000 0.0712 -0.9975
vn 0.0000 -0.7788 -0.6273
vn -0.0000 -0.7788 -0.6273
vn 0.0000 -0.9545 -0.2983
vn -0.0000 -0.9545 -0.2983
vn 0.0000 -0.7894 0.6139
vn 0.0000 -0.7894 0.6139
vn 0.0000 -0.5145 0.8575
vn 0.0000 -0.5145 0.8575
vn 0.0000 -0.0830 0.9965
vn 0.0000 -0.0830 0.9965
vn 0.0000 0.7452 0.6668
vn 0.0000 0.7452 0.6668
vn 0.0000 0.5283 -0.8491
vn 0.0000 0.5283 -0.8491
vn 0.0000 0.9128 0.4084
vn 0.0000 0.9128 0.4084
vn -0.9979 -0.0000 -0.0640
vn -0.9979 0.0000 -0.0640
vn -0.9979 0.0000 -0.0640
vn -0.9979 0.0000 -0.0640
vn -0.9979 -0.0000 -0.0640
vn -0.9979 -0.0000 -0.0640
vn -0.9979 0.0000 -0.0640
vn -0.9979 0.0000 -0.0640
vn -0.9979 0.0000 -0.0640
vn -0.9979 -0.0000 -0.0640
vn -0.9979 -0.0000 -0.0640
vn -0.9979 -0.0000 -0.0640
vn -0.9979 -0.0000 -0.0640
vn -0.9979 -0.0000 -0.0640
vn -0.9979 0.0000 -0.0640
vn -0.9979 0.0000 -0.0640
vn -0.9979 0.0000 -0.0640
vn -0.9979 -0.0000 -0.0640
vn -0.9979 0.0000 -0.0640
vn -0.9979 0.0000 -0.0640
vn -0.9979 0.0000 -0.0640
vn -0.9979 -0.0000 -0.0640
vn -0.9979 0.0000 -0.0640
vn -0.9979 -0.0000 -0.0640
vn -0.9979 0.0000 -0.0640
vn -0.9979 0.0000 -0.0640
vn -0.9979 -0.0000 -0.0640
vn -0.9979 0.0000 -0.0640
vn -0.9979 0.0000 -0.0640
vn -0.9979 -0.0000 -0.0640
vn -0.9979 -0.0000 -0.0640
vn -0.9979 0.0000 -0.0640
vn -0.9979 0.0000 -0.0640
vn -0.9979 0.0000 -0.0640
vn -0.9979 -0.0000 -0.0640
vn -0.9979 0.0000 -0.0640
vn -0.9979 -0.0000 -0.0640
vn -0.9979 0.0000 -0.0640
vn -0.9979 -0.0000 -0.0640
vn -0.9979 0.0000 -0.0640
vn -0.9979 -0.0000 -0.0640
vn -0.9979 0.0000 -0.0640
vn -0.9979 -0.0000 -0.0640
vn -0.9979 -0.0000 -0.0640
vn -0.9979 0.0000 -0.0640
vn -0.9979 0.0000 -0.0640
vn -0.9979 -0.0000 -0.0640
vn -0.9979 -0.0000 -0.0640
vn -0.9979 -0.0000 -0.0640
vn -0.9979 -0.0000 -0.0640
vn -0.9979 -0.0000 -0.0640
vn -0.9979 0.0000 -0.0640
vn -0.9979 -0.0000 -0.0640
vn -0.9979 -0.0000 -0.0640
vn -0.9979 0.0000 -0.0640
vn -0.9979 -0.0000 -0.0640
vn -0.9979 -0.0000 -0.0640
vn -0.9979 -0.0000 -0.0640
vn -0.9979 -0.0000 -0.0640
vn -0.9979 0.0000 -0.0640
vn -0.9979 0.0000 -0.0640
vn -0.9979 -0.0000 -0.0640
vn -0.9979 0.0000 -0.0640
vn -0.9979 -0.0000 -0.0640
vn -0.9979 0.0000 -0.0640
vn -0.9979 0.0000 -0.0640
vn -0.9979 -0.0000 -0.0640
vn -0.9979 0.0000 -0.0640
vn -0.9979 -0.0000 -0.0640
vn -0.9979 -0.0000 -0.0640
vn -0.9979 -0.0000 -0.0640
vn -0.9979 -0.0000 -0.0640
vn -0.9979 -0.0000 -0.0640
vn -0.9979 0.0000 -0.0640
vn -0.9979 0.0000 -0.0640
vn -0.9979 -0.0000 -0.0640
vn -0.9979 0.0000 -0.0640
vn -0.9979 -0.0000 -0.0640
vn -0.9979 -0.0000 -0.0640
vn -0.9979 -0.0000 -0.0640
vn -0.9979 0.0000 -0.0640
vn -0.9979 0.0000 -0.0640
vn -0.9979 0.0000 -0.0640
vn -0.9979 0.0000 -0.0640
vn -0.9979 0.0000 -0.0640
vn -0.9979 -0.0000 -0.0640
vn -0.9979 -0.0000 -0.0640
vn -0.9979 0.0000 -0.0640
vn -0.9979 0.0000 -0.0640
vn -0.9979 0.0000 -0.0640
vn -0.9979 -0.0000 -0.0640
vn -0.9979 -0.0000 -0.0640
vn -0.9979 -0.0000 -0.0640
vn -0.9979 0.0000 -0.0640
vn -0.9979 0.0000 -0.0640
vn -0.9979 -0.0000 -0.0640
vn -0.9979 0.0000 -0.0640
vn -0.9979 0.0000 -0.0640
vn -0.9979 0.0000 -0.0640
vn -0.9979 -0.0000 -0.0640
vn -0.9979 -0.0000 -0.0640
vn -0.9979 -0.0000 -0.0640
vn -0.9979 0.0000 -0.0640
vn -0.9979 0.0000 -0.0640
vn -0.9979 -0.0000 -0.0640
vn -0.9979 0.0000 -0.0640
vn -0.9979 -0.0000 -0.0640
vn -0.9979 -0.0000 -0.0640
vn -0.9979 -0.0000 -0.0640
vn -0.9979 0.0000 -0.0640
vn -0.9979 -0.0000 -0.0640
vn -0.9979 0.0000 -0.0640
vn -0.9979 0.0000 -0.0640
vn -0.9979 0.0000 -0.0640
vn -0.9979 0.0000 -0.0640
vn -0.9979 0.0000 -0.0640
vn -0.9979 0.0000 -0.0640
vn -0.9979 0.0000 -0.0640
vn -0.9979 -0.0000 -0.0640
vn -0.9979 -0.0000 -0.0640
vn -0.9979 -0.0000 -0.0640
vn -0.9979 0.0000 -0.0640
vn -0.9979 -0.0000 -0.0640
vn -0.9979 -0.0000 -0.0640
vn -0.9979 -0.0000 -0.0640
vn -0.9979 -0.0000 -0.0640
vn -0.9979 -0.0000 -0.0640
vn -0.9979 0.0000 -0.0640
vn -0.9979 0.0000 -0.0640
vn -0.9979 0.0000 -0.0640
vn -0.9979 0.0000 -0.0640
vn -0.9979 -0.0000 -0.0640
vn -0.9979 -0.0000 -0.0640
vn -0.9979 0.0000 -0.0640
vn -0.9979 0.0000 -0.0640
vn -0.9979 0.0000 -0.0640
vn -0.9979 -0.0000 -0.0640
vn -0.9979 0.0000 -0.0640
vn -0.9979 -0.0000 -0.0640
vn -0.9979 0.0000 -0.0640
vn -0.9979 0.0000 -0.0640
vn -0.9979 -0.0000 -0.0640
vn -0.9979 0.0000 -0.0640
vn -0.9979 -0.0000 -0.0640
vn -0.9979 -0.0000 -0.0640
vn -0.9979 -0.0000 -0.0640
vn -0.9979 -0.0000 -0.0640
vn -0.9979 -0.0000 -0.0640
vn -0.9979 0.0000 -0.0640
vn -0.9979 -0.0000 -0.0640
vn -0.9979 0.0000 -0.0640
vn -0.9979 -0.0000 -0.0640
vn -0.9979 -0.0000 -0.0640
vn -0.9979 -0.0000 -0.0640
vn -0.9979 0.0000 -0.0640
vn -0.9979 -0.0000 -0.0640
vn -0.9979 -0.0000 -0.0640
vn -0.9979 0.0000 -0.0640
vn -0.9979 -0.0000 -0.0640
vn -0.9979 0.0000 -0.0640
vn -0.9979 0.0000 -0.0640
vn -0.9979 0.0000 -0.0640
vn -0.9979 -0.0000 -0.0640
vn -0.9979 -0.0000 -0.0640
vn -0.9979 -0.0000 -0.0640
vn -0.9979 0.0000 -0.0640
vn -0.9979 0.0000 -0.0640
vn -0.9979 0.0000 -0.0640
vn -0.9979 -0.0000 -0.0640
vn 0.9979 0.0000 0.0640
vn 0.9979 -0.0000 0.0640
vn 0.9979 -0.0000 0.0640
vn 0.9979 -0.0000 0.0640
vn 0.9979 0.0000 0.0640
vn 0.9979 0.0000 0.0640
vn 0.9979 -0.0000 0.0640
vn 0.9979 -0.0000 0.0640
vn 0.9979 -0.0000 0.0640
vn 0.9979 0.0000 0.0640
vn 0.9979 0.0000 0.0640
vn 0.9979 0.0000 0.0640
vn 0.9979 0.0000 0.0640
vn 0.9979 0.0000 0.0640
vn 0.9979 -0.0000 0.0640
vn 0.9979 -0.0000 0.0640
vn 0.9979 -0.0000 0.0640
vn 0.9979 0.0000 0.0640
vn 0.9979 -0.0000 0.0640
vn 0.9979 -0.0000 0.0640
vn 0.9979 -0.0000 0.0640
vn 0.9979 0.0000 0.0640
vn 0.9979 -0.0000 0.0640
vn 0.9979 0.0000 0.0640
vn 0.9979 -0.0000 0.0640
vn 0.9979 -0.0000 0.0640
vn 0.9979 0.0000 0.0640
vn 0.9979 -0.0000 0.0640
vn 0.9979 -0.0000 0.0640
vn 0.9979 0.0000 0.0640
vn 0.9979 0.0000 0.0640
vn 0.9979 -0.0000 0.0640
vn 0.9979 0.0000 0.0640
vn 0.9979 -0.0000 0.0640
vn 0.9979 0.0000 0.0640
vn 0.9979 -0.0000 0.0640
vn 0.9979 0.0000 0.0640
vn 0.9979 0.0000 0.0640
vn 0.9979 0.0000 0.0640
vn 0.9979 -0.0000 0.0640
vn 0.9979 0.0000 0.0640
vn 0.9979 0.0000 0.0640
vn 0.9979 0.0000 0.0640
vn 0.9979 0.0000 0.0640
vn 0.9979 -0.0000 0.0640
vn 0.9979 -0.0000 0.0640
vn 0.9979 0.0000 0.0640
vn 0.9979 0.0000 0.0640
vn 0.9979 0.0000 0.0640
vn 0.9979 0.0000 0.0640
vn 0.9979 0.0000 0.0640
vn 0.9979 -0.0000 0.0640
vn 0.9979 0.0000 0.0640
vn 0.9979 0.0000 0.0640
vn 0.9979 -0.0000 0.0640
vn 0.9979 0.0000 0.0640
vn 0.9979 0.0000 0.0640
vn 0.9979 0.0000 0.0640
vn 0.9979 0.0000 0.0640
vn 0.9979 -0.0000 0.0640
vn 0.9979 -0.0000 0.0640
vn 0.9979 0.0000 0.0640
vn 0.9979 -0.0000 0.0640
vn 0.9979 0.0000 0.0640
vn 0.9979 -0.0000 0.0640
vn 0.9979 -0.0000 0.0640
vn 0.9979 0.0000 0.0640
vn 0.9979 -0.0000 0.0640
vn 0.9979 0.0000 0.0640
vn 0.9979 0.0000 0.0640
vn 0.9979 0.0000 0.0640
vn 0.9979 0.0000 0.0640
vn 0.9979 0.0000 0.0640
vn 0.9979 -0.0000 0.0640
vn 0.9979 -0.0000 0.0640
vn 0.9979 0.0000 0.0640
vn 0.9979 -0.0000 0.0640
vn 0.9979 0.0000 0.0640
vn 0.9979 0.0000 0.0640
vn 0.9979 0.0000 0.0640
vn 0.9979 -0.0000 0.0640
vn 0.9979 -0.0000 0.0640
vn 0.9979 0.0000 0.0640
vn 0.9979 0.0000 0.0640
vn 0.9979 -0.0000 0.0640
vn 0.9979 0.0000 0.0640
vn 0.9979 0.0000 0.0640
vn 0.9979 -0.0000 0.0640
vn 0.9979 -0.0000 0.0640
vn 0.9979 -0.0000 0.0640
vn 0.9979 0.0000 0.0640
vn 0.9979 0.0000 0.0640
vn 0.9979 0.0000 0.0640
vn 0.9979 -0.0000 0.0640
vn 0.9979 -0.0000 0.0640
vn 0.9979 0.0000 0.0640
vn 0.9979 -0.0000 0.0640
vn 0.9979 -0.0000 0.0640
vn 0.9979 -0.0000 0.0640
vn 0.9979 0.0000 0.0640
vn 0.9979 0.0000 0.0640
vn 0.9979 0.0000 0.0640
vn 0.9979 -0.0000 0.0640
vn 0.9979 0.0000 0.0640
vn 0.9979 0.0000 0.0640
vn 0.9979 -0.0000 0.0640
vn 0.9979 0.0000 0.0640
vn 0.9979 0.0000 0.0640
vn 0.9979 0.0000 0.0640
vn 0.9979 -0.0000 0.0640
vn 0.9979 0.0000 0.0640
vn 0.9979 -0.0000 0.0640
vn 0.9979 -0.0000 0.0640
vn 0.9979 -0.0000 0.0640
vn 0.9979 -0.0000 0.0640
vn 0.9979 -0.0000 0.0640
vn 0.9979 -0.0000 0.0640
vn 0.9979 -0.0000 0.0640
vn 0.9979 0.0000 0.0640
vn 0.9979 0.0000 0.0640
vn 0.9979 0.0000 0.0640
vn 0.9979 -0.0000 0.0640
vn 0.9979 0.0000 0.0640
vn 0.9979 0.0000 0.0640
vn 0.9979 0.0000 0.0640
vn 0.9979 0.0000 0.0640
vn 0.9979 0.0000 0.0640
vn 0.9979 0.0000 0.0640
vn 0.9979 0.0000 0.0640
vn 0.9979 0.0000 0.0640
vn 0.9979 -0.0000 0.0640
vn 0.9979 0.0000 0.0640
vn 0.9979 0.0000 0.0640
vn 0.9979 -0.0000 0.0640
vn 0.9979 -0.0000 0.0640
vn 0.9979 -0.0000 0.0640
vn 0.9979 0.0000 0.0640
vn 0.9979 -0.0000 0.0640
vn 0.9979 0.0000 0.0640
vn 0.9979 -0.0000 0.0640
vn 0.9979 -0.0000 0.0640
vn 0.9979 0.0000 0.0640
vn 0.9979 -0.0000 0.0640
vn 0.9979 0.0000 0.0640
vn 0.9979 0.0000 0.0640
vn 0.9979 0.0000 0.0640
vn 0.9979 0.0000 0.0640
vn 0.9979 0.0000 0.0640
vn 0.9979 -0.0000 0.0640
vn 0.9979 0.0000 0.0640
vn 0.9979 -0.0000 0.0640
vn 0.9979 0.0000 0.0640
vn 0.9979 0.0000 0.0640
vn 0.9979 0.0000 0.0640
vn 0.9979 -0.0000 0.0640
vn 0.9979 0.0000 0.0640
vn 0.9979 0.0000 0.0640
vn 0.9979 -0.0000 0.0640
vn 0.9979 0.0000 0.0640
vn 0.9979 -0.0000 0.0640
vn 0.9979 -0.0000 0.0640
vn 0.9979 -0.0000 0.0640
vn 0.9979 0.0000 0.0640
vn 0.9979 0.0000 0.0640
vn 0.9979 0.0000 0.0640
vn 0.9979 -0.0000 0.0640
vn 0.9979 -0.0000 0.0640
vn 0.9979 -0.0000 0.0640
vn 0.9979 0.0000 0.0640
vn 0.0000 0.9398 -0.3417
vn 0.0000 0.9398 -0.3417
vn 0.0000 0.2060 0.9785
vn 0.0000 0.2060 0.9785
vn 0.0000 0.5070 0.8619
vn 0.0000 0.5070 0.8619
vn 0.0000 0.7863 0.6178
vn 0.0000 0.7863 0.6178
vn 0.0000 0.9848 0.1738
vn 0.0000 0.9848 0.1738
vn 0.0000 0.7071 -0.7071
vn 0.0000 0.7071 -0.7071
vn 0.0000 -0.7433 -0.6690
vn -0.0000 -0.7433 -0.6690
vn 0.0000 0.3162 -0.9487
vn 0.0000 0.3162 -0.9487
vn 0.0000 0.9934 0.1146
vn 0.0000 0.9934 0.1146
vn 0.0000 0.9487 -0.3162
vn 0.0000 0.9487 -0.3162
vn 0.0000 -0.9062 -0.4229
vn -0.0000 -0.9062 -0.4229
vn 0.0000 0.1240 -0.9923
vn 0.0000 0.1240 -0.9923
vn 0.0000 0.9968 -0.0797
vn 0.0000 0.9968 -0.0797
vn 0.0000 0.8042 -0.5944
vn 0.0000 0.8042 -0.5944
vn 0.0000 0.9701 -0.2425
vn 0.0000 0.9701 -0.2425
vn 0.0000 0.8682 0.4961
vn 0.0000 0.8682 0.4961
vn 0.0000 0.8240 -0.5665
vn 0.0000 0.8240 -0.5665
vn 0.0000 0.9785 0.2060
vn 0.0000 0.9785 0.2060
vn 0.0000 0.7071 -0.7071
vn 0.0000 0.7071 -0.7071
vn 0.0000 0.9430 0.3328
vn 0.0000 0.9430 0.3328
vn 0.0000 0.3786 -0.9255
vn 0.0000 0.3786 -0.9255
vn 0.0000 0.9487 -0.3162
vn 0.0000 0.9487 -0.3162
vn 0.0000 0.6905 0.7234
vn 0.0000 0.6905 0.7234
vn 0.0000 -0.5145 0.8575
vn 0.0000 -0.5145 0.8575
vn 0.0000 -0.8716 0.4903
vn 0.0000 -0.8716 0.4903
vn 0.0000 0.1544 0.9880
vn 0.0000 0.1544 0.9880
vn 0.0000 0.7071 0.7071
vn 0.0000 0.7071 0.7071
vn 0.0000 0.9985 -0.0555
vn 0.0000 0.9985 -0.0555
vn 0.0000 0.9285 -0.3714
vn 0.0000 0.9285 -0.3714
vn 0.0000 0.0526 -0.9986
vn 0.0000 0.0526 -0.9986
vn 0.0000 -0.2425 -0.9701
vn -0.0000 -0.2425 -0.9701
vn 0.0000 -0.9048 -0.4258
vn -0.0000 -0.9048 -0.4258
vn 0.0000 0.2600 -0.9656
vn 0.0000 0.2600 -0.9656
vn 0.0000 0.7474 -0.6644
vn 0.0000 0.7474 -0.6644
vn 0.0000 0.9932 -0.1168
vn 0.0000 0.9932 -0.1168
vn 0.0000 0.9487 0.3162
vn 0.0000 0.9487 0.3162
vn 0.0000 0.3162 0.9487
vn 0.0000 0.3162 0.9487
vn 0.0000 0.9899 0.1414
vn 0.0000 0.9899 0.1414
vn 0.0000 0.5692 0.8222
vn 0.0000 0.5692 0.8222
vn 0.0000 0.9578 -0.2873
vn 0.0000 0.9578 -0.2873
vn 0.0000 0.7071 0.7071
vn 0.0000 0.7071 0.7071
vn 0.0000 0.9806 0.1961
vn 0.0000 0.9806 0.1961
vn 0.0000 0.7944 0.6075
vn 0.0000 0.7944 0.6075
vn 0.0000 0.8575 -0.5145
vn 0.0000 0.8575 -0.5145
vn 0.0000 0.9285 0.3714
vn 0.0000 0.9285 0.3714
vn 0.0000 0.9839 -0.1789
vn 0.0000 0.9839 -0.1789
vn 0.0000 0.7894 0.6139
vn 0.0000 0.7894 0.6139
vn 0.0000 0.9959 -0.0905
vn 0.0000 0.9959 -0.0905
vn 0.0000 0.9417 0.3363
vn 0.0000 0.9417 0.3363
vn 0.0000 -0.1560 -0.9878
vn -0.0000 -0.1560 -0.9878
vn 0.0000 0.7071 -0.7071
vn 0.0000 0.7071 -0.7071
vn 0.0000 -0.2169 -0.9762
vn -0.0000 -0.2169 -0.9762
vn 0.0000 0.8321 -0.5547
vn 0.0000 0.8321 -0.5547
vn 0.0000 -0.2169 -0.9762
vn -0.0000 -0.2169 -0.9762
vn 0.0000 0.8944 -0.4472
vn 0.0000 0.8944 -0.4472
vn 0.0000 -0.1961 -0.9806
vn -0.0000 -0.1961 -0.9806
vn 0.0000 0.8682 -0.4961
vn 0.0000 0.8682 -0.4961
vn 0.0000 -0.1483 -0.9889
vn -0.0000 -0.1483 -0.9889
vn 0.0000 0.8137 -0.5812
vn 0.0000 0.8137 -0.5812
vn 0.0000 0.2631 -0.9648
vn 0.0000 0.2631 -0.9648
vn 0.0000 0.9398 -0.3417
vn 0.0000 0.9398 -0.3417
vn 0.0000 0.7474 -0.6644
vn 0.0000 0.7474 -0.6644
vn 0.0000 -0.4961 -0.8682
vn -0.0000 -0.4961 -0.8682
vn 0.0000 -0.2524 -0.9676
vn -0.0000 -0.2524 -0.9676
vn 0.0000 0.9240 -0.3824
vn 0.0000 0.9240 -0.3824
vn 0.0000 -0.6585 -0.7526
vn -0.0000 -0.6585 -0.7526
vn 0.0000 -0.0905 -0.9959
vn -0.0000 -0.0905 -0.9959
vn 0.0000 0.8000 -0.6000
vn 0.0000 0.8000 -0.6000
vn 0.0000 0.9806 0.1961
vn 0.0000 0.9806 0.1961
vn 0.0000 0.1414 -0.9899
vn 0.0000 0.1414 -0.9899
vn 0.0000 0.6178 -0.7863
vn 0.0000 0.6178 -0.7863
vn 0.0000 0.4921 -0.8706
vn 0.0000 0.4921 -0.8706
vn 0.0000 0.0712 -0.9975
vn 0.0000 0.0712 -0.9975
vn 0.0000 0.3786 -0.9255
vn 0.0000 0.3786 -0.9255
vn 0.0000 0.0333 -0.9994
vn 0.0000 0.0333 -0.9994
vn 0.0000 0.5855 -0.8107
vn 0.0000 0.5855 -0.8107
vn 0.0000 0.2822 -0.9594
vn 0.0000 0.2822 -0.9594
vn 0.0000 -0.1047 -0.9945
vn -0.0000 -0.1047 -0.9945
vn 0.0000 -0.4594 -0.8882
vn -0.0000 -0.4594 -0.8882
vn 0.0000 -0.7359 -0.6771
vn -0.0000 -0.7359 -0.6771
vn 0.0000 -0.8944 -0.4472
vn -0.0000 -0.8944 -0.4472
vn 0.0000 -0.9751 -0.2216
vn -0.0000 -0.9751 -0.2216
vn 0.0000 -0.5665 -0.8240
vn -0.0000 -0.5665 -0.8240
vn 0.0000 0.0286 -0.9996
vn 0.0000 0.0286 -0.9996
vn 0.0000 -0.4258 -0.9048
vn -0.0000 -0.4258 -0.9048
vn 0.0000 -0.9899 -0.1414
vn -0.0000 -0.9899 -0.1414
vn 0.0000 -0.8480 0.5300
vn 0.0000 -0.8480 0.5300
vn -0.0000 -1.0000 0.0000
vn 0.0000 -1.0000 0.0000
vn 0.0000 -0.7582 -0.6520
vn -0.0000 -0.7582 -0.6520
vn 0.0000 -0.5145 0.8575
vn 0.0000 -0.5145 0.8575
vn -0.0000 -1.0000 0.0000
vn 0.0000 -1.0000 0.0000
vn 0.0000 -0.8838 -0.4679
vn -0.0000 -0.8838 -0.4679
vn 0.0000 -0.9585 -0.2850
vn -0.0000 -0.9585 -0.2850
vn 0.0000 -0.9941 -0.1084
vn -0.0000 -0.9941 -0.1084
vn 0.0000 -0.9983 0.0587
vn 0.0000 -0.9983 0.0587
vn 0.0000 -0.9624 0.2715
vn 0.0000 -0.9624 0.2715
vn 0.0000 -0.9778 -0.2095
vn -0.0000 -0.9778 -0.2095
vn 0.0000 -0.7682 0.6402
vn 0.0000 -0.7682 0.6402
vn -0.0000 -1.0000 0.0000
vn 0.0000 -1.0000 0.0000
vn 0.0000 -0.7071 0.7071
vn 0.0000 -0.7071 0.7071
vn 0.0000 0.1104 0.9939
vn 0.0000 0.1104 0.9939
vn 0.0000 -0.8732 0.4874
vn 0.0000 -0.8732 0.4874
vn -0.0000 -1.0000 0.0000
vn 0.0000 -1.0000 0.0000
vn 0.0000 -0.8480 -0.5300
vn -0.0000 -0.8480 -0.5300
vn -0.0000 -1.0000 0.0000
vn 0.0000 -1.0000 0.0000
vn 0.0000 -0.7526 0.6585
vn 0.0000 -0.7526 0.6585
vn 0.0000 -0.2040 0.9790
vn 0.0000 -0.2040 0.9790
vn 0.0000 0.0712 0.9975
vn 0.0000 0.0712 0.9975
vn 0.0000 0.5241 0.8517
vn 0.0000 0.5241 0.8517
vn 0.0000 -0.0000 1.0000
vn 0.0000 -0.0000 1.0000
vn 0.0000 -0.6422 0.7665
vn 0.0000 -0.6422 0.7665
vn 0.0000 -0.9363 -0.3511
vn -0.0000 -0.9363 -0.3511
vn 0.0000 0.5300 0.8480
vn 0.0000 0.5300 0.8480
vn 0.0000 -0.0000 1.0000
vn 0.0000 -0.0000 1.0000
vn 0.0000 -0.8321 0.5547
vn 0.0000 -0.8321 0.5547
vn 0.0000 -0.0000 1.0000
vn 0.0000 -0.0000 1.0000
vn 0.0000 -0.4626 0.8866
vn 0.0000 -0.4626 0.8866
vn 0.0000 -0.8480 0.5300
vn 0.0000 -0.8480 0.5300
vn 0.0000 0.2095 0.9778
vn 0.0000 0.2095 0.9778
vn 0.0000 -0.7071 0.7071
vn 0.0000 -0.7071 0.7071
vn 0.0000 -0.0767 0.9971
vn 0.0000 -0.0767 0.9971
vn 0.0000 -0.8321 0.5547
vn 0.0000 -0.8321 0.5547
vn 0.0000 0.2249 0.9744
vn 0.0000 0.2249 0.9744
vn 0.0000 -0.4961 0.8682
vn 0.0000 -0.4961 0.8682
vn 0.0000 0.0587 0.9983
vn 0.0000 0.0587 0.9983
vn 0.0000 -0.8944 0.4472
vn 0.0000 -0.8944 0.4472
vn 0.0000 0.5812 0.8137
vn 0.0000 0.5812 0.8137
vn 0.0000 -0.0712 0.9975
vn 0.0000 -0.0712 0.9975
vn 0.0000 0.7071 0.7071
vn 0.0000 0.7071 0.7071
vn 0.0000 0.2747 0.9615
vn 0.0000 0.2747 0.9615
vn 0.0000 0.6139 0.7894
vn 0.0000 0.6139 0.7894
vn 0.0000 -0.0000 1.0000
vn 0.0000 -0.0000 1.0000
vn 0.0000 -0.7634 0.6459
vn 0.0000 -0.7634 0.6459
vn 0.0000 -0.5547 0.8321
vn 0.0000 -0.5547 0.8321
vn 0.0000 -0.0665 0.9978
vn 0.0000 -0.0665 0.9978
vn 0.0000 0.3939 0.9191
vn 0.0000 0.3939 0.9191
vn 0.0000 0.6823 0.7311
vn 0.0000 0.6823 0.7311
vn 0.0000 0.9048 0.4258
vn 0.0000 0.9048 0.4258
vn 0.0000 0.9899 0.1414
vn 0.0000 0.9899 0.1414
vn 0.0000 -0.1322 0.9912
vn 0.0000 -0.1322 0.9912
vn 0.0000 -0.6887 0.7250
vn 0.0000 -0.6887 0.7250
vn 0.0000 -0.9487 -0.3162
vn -0.0000 -0.9487 -0.3162
vn 0.0000 -0.3417 -0.9398
vn -0.0000 -0.3417 -0.9398
vn 0.0000 0.1961 -0.9806
vn 0.0000 0.1961 -0.9806
vn 0.0000 -0.6332 0.7740
vn 0.0000 -0.6332 0.7740
vn 0.0000 -0.2873 0.9578
vn 0.0000 -0.2873 0.9578
vn 0.0000 -0.9487 0.3162
vn 0.0000 -0.9487 0.3162
vn 0.0000 -0.7071 -0.7071
vn -0.0000 -0.7071 -0.7071
vn 0.0000 -0.4008 -0.9162
vn -0.0000 -0.4008 -0.9162
vn 0.0000 -0.6000 0.8000
vn 0.0000 -0.6000 0.8000
vn 0.0000 0.0370 0.9993
vn 0.0000 0.0370 0.9993
vn 0.0000 -0.8321 0.5547
vn 0.0000 -0.8321 0.5547
vn 0.0000 0.5070 0.8619
vn 0.0000 0.5070 0.8619
vn 0.0000 0.8742 0.4856
vn 0.0000 0.8742 0.4856
vn 0.0000 -0.0905 0.9959
vn 0.0000 -0.0905 0.9959
vn 0.0000 -0.8944 -0.4472
vn -0.0000 -0.8944 -0.4472
vn 0.0000 -0.5039 -0.8638
vn -0.0000 -0.5039 -0.8638
vn 0.0000 -0.0866 0.9962
vn 0.0000 -0.0866 0.9962
vn 0.0000 0.2026 0.9793
vn 0.0000 0.2026 0.9793
vn 0.0000 0.5547 0.8321
vn 0.0000 0.5547 0.8321
vn 0.0000 0.8209 0.5711
vn 0.0000 0.8209 0.5711
vn 0.0000 0.3162 0.9487
vn 0.0000 0.3162 0.9487
vn 0.0000 -0.9932 0.1168
vn 0.0000 -0.9932 0.1168
vn 0.0000 -0.9615 -0.2747
vn -0.0000 -0.9615 -0.2747
vn 0.0000 -0.7071 0.7071
vn 0.0000 -0.7071 0.7071
vn 0.0000 0.7071 0.7071
vn 0.0000 0.7071 0.7071
vn 0.0000 0.9326 0.3610
vn 0.0000 0.9326 0.3610
vn 0.0000 -0.3939 0.9191
vn 0.0000 -0.3939 0.9191
vn 0.0000 -0.9839 0.1789
vn 0.0000 -0.9839 0.1789
vn 0.0000 0.9887 0.1498
vn 0.0000 0.9887 0.1498
vn 0.0000 -0.3162 0.9487
vn 0.0000 -0.3162 0.9487
vn -0.9979 0.0000 -0.0640
vn -0.9979 0.0000 -0.0640
vn -0.9979 -0.0000 -0.0640
vn -0.9979 0.0000 -0.0640
vn -0.9979 -0.0000 -0.0640
vn -0.9979 0.0000 -0.0640
vn -0.9979 -0.0000 -0.0640
vn 0.9979 -0.0000 0.0640
vn 0.9979 -0.0000 0.0640
vn 0.9979 0.0000 0.0640
vn 0.9979 -0.0000 0.0640
vn 0.9979 0.0000 0.0640
vn 0.9979 0.0000 0.0640
vn 0.9979 -0.0000 0.0640
vn 0.0000 0.9062 -0.4229
vn 0.0000 0.9062 -0.4229
vn -0.0000 -0.0000 -1.0000
vn -0.0000 -0.0000 -1.0000
vn 0.0000 -0.4657 -0.8849
vn -0.0000 -0.4657 -0.8849
vn 0.0000 -0.9965 -0.0830
vn -0.0000 -0.9965 -0.0830
vn 0.0000 -0.9772 0.2124
vn 0.0000 -0.9772 0.2124
vn 0.0000 -0.8480 0.5300
vn 0.0000 -0.8480 0.5300
vn 0.0000 0.0370 0.9993
vn 0.0000 0.0370 0.9993
vn 0.0000 0.9971 -0.0767
vn 0.0000 0.9971 -0.0767
vn 0.0000 0.5215 0.8533
vn 0.0000 0.5215 0.8533
vn -0.9979 0.0000 -0.0640
vn -0.9979 0.0000 -0.0640
vn -0.9979 -0.0000 -0.0640
vn -0.9979 0.0000 -0.0640
vn -0.9979 0.0000 -0.0640
vn 0.9979 -0.0000 0.0640
vn 0.9979 -0.0000 0.0640
vn 0.9979 0.0000 0.0640
vn 0.9979 -0.0000 0.0640
vn 0.9979 -0.0000 0.0640
vn 0.0000 -0.3786 -0.9255
vn -0.0000 -0.3786 -0.9255
vn 0.0000 -0.6709 -0.7415
vn -0.0000 -0.6709 -0.7415
vn 0.0000 -0.9261 0.3773
vn 0.0000 -0.9261 0.3773
vn 0.0000 -0.8051 0.5932
vn 0.0000 -0.8051 0.5932
vn 0.0000 0.3547 0.9350
vn 0.0000 0.3547 0.9350
vn 0.0000 0.7913 -0.6114
vn 0.0000 0.7913 -0.6114
vn 0.0000 0.6369 0.7710
vn 0.0000 0.6369 0.7710
vn -0.9979 -0.0000 -0.0640
vn -0.9979 0.0000 -0.0640
vn -0.9979 0.0000 -0.0640
vn -0.9979 -0.0000 -0.0640
vn -0.9979 0.0000 -0.0640
vn -0.9979 0.0000 -0.0640
vn -0.9979 0.0000 -0.0640
vn -0.9979 -0.0000 -0.0640
vn -0.9979 -0.0000 -0.0640
vn 0.9979 0.0000 0.0640
vn 0.9979 -0.0000 0.0640
vn 0.9979 -0.0000 0.0640
vn 0.9979 0.0000 0.0640
vn 0.9979 -0.0000 0.0640
vn 0.9979 0.0000 0.0640
vn 0.9979 -0.0000 0.0640
vn 0.9979 0.0000 0.0640
vn 0.9979 0.0000 0.0640
vn 0.0000 0.5677 -0.8232
vn 0.0000 0.5677 -0.8232
vn 0.0000 0.2425 -0.9701
vn 0.0000 0.2425 -0.9701
vn 0.0000 -0.6897 -0.7241
vn -0.0000 -0.6897 -0.7241
vn 0.0000 -0.8575 -0.5145
vn -0.0000 -0.8575 -0.5145
vn -0.0000 -1.0000 0.0000
vn 0.0000 -1.0000 0.0000
vn 0.0000 -0.6369 0.7710
vn 0.0000 -0.6369 0.7710
vn 0.0000 -0.3939 0.9191
vn 0.0000 -0.3939 0.9191
vn 0.0000 0.3939 0.9191
vn 0.0000 0.3939 0.9191
vn 0.0000 0.7071 0.7071
vn 0.0000 0.7071 0.7071
vn 0.0000 0.8222 -0.5692
vn 0.0000 0.8222 -0.5692
vn 0.0000 0.9162 0.4008
vn 0.0000 0.9162 0.4008
vn -0.9979 -0.0000 -0.0640
vn -0.9979 0.0000 -0.0640
vn -0.9979 -0.0000 -0.0640
vn -0.9979 0.0000 -0.0640
vn -0.9979 0.0000 -0.0640
vn 0.9979 0.0000 0.0640
vn 0.9979 0.0000 0.0640
vn 0.9979 0.0000 0.0640
vn 0.9979 -0.0000 0.0640
vn 0.9979 -0.0000 0.0640
vn 0.0000 -0.4396 -0.8982
vn -0.0000 -0.4396 -0.8982
vn 0.0000 -0.6854 -0.7282
vn -0.0000 -0.6854 -0.7282
vn -0.0000 -1.0000 0.0000
vn 0.0000 -1.0000 0.0000
vn 0.0000 -0.8412 0.5408
vn 0.0000 -0.8412 0.5408
vn 0.0000 -0.0000 1.0000
vn 0.0000 -0.0000 1.0000
vn 0.0000 0.9487 -0.3162
vn 0.0000 0.9487 -0.3162
vn 0.0000 0.5026 0.8645
vn 0.0000 0.5026 0.8645
vn -0.9979 0.0000 -0.0640
vn -0.9979 -0.0000 -0.0640
vn -0.9979 0.0000 -0.0640
vn -0.9979 0.0000 -0.0640
vn -0.9979 0.0000 -0.0640
vn -0.9979 0.0000 -0.0640
vn 0.9979 -0.0000 0.0640
vn 0.9979 0.0000 0.0640
vn 0.9979 -0.0000 0.0640
vn 0.9979 -0.0000 0.0640
vn 0.9979 -0.0000 0.0640
vn 0.9979 -0.0000 0.0640
vn 0.0000 0.4472 -0.8944
vn 0.0000 0.4472 -0.8944
vn 0.0000 -0.2631 -0.9648
vn -0.0000 -0.2631 -0.9648
vn 0.0000 -0.8321 -0.5547
vn -0.0000 -0.8321 -0.5547
vn 0.0000 -0.9839 0.1789
vn 0.0000 -0.9839 0.1789
vn 0.0000 -0.5735 0.8192
vn 0.0000 -0.5735 0.8192
vn 0.0000 0.1644 0.9864
vn 0.0000 0.1644 0.9864
vn 0.0000 0.9487 -0.3162
vn 0.0000 0.9487 -0.3162
vn 0.0000 0.8437 0.5369
vn 0.0000 0.8437 0.5369
vn -0.9979 -0.0000 -0.0640
vn -0.9979 -0.0000 -0.0640
vn -0.9979 0.0000 -0.0640
vn -0.9979 0.0000 -0.0640
vn -0.9979 -0.0000 -0.0640
vn -0.9979 0.0000 -0.0640
vn -0.9979 0.0000 -0.0640
vn -0.9979 0.0000 -0.0640
vn -0.9979 0.0000 -0.0640
vn -0.9979 0.0000 -0.0640
vn -0.9979 -0.0000 -0.0640
vn -0.9979 0.0000 -0.0640
vn -0.9979 0.0000 -0.0640
vn -0.9979 0.0000 -0.0640
vn -0.9979 0.0000 -0.0640
vn -0.9979 -0.0000 -0.0640
vn -0.9979 -0.0000 -0.0640
vn -0.9979 -0.0000 -0.0640
vn -0.9979 -0.0000 -0.0640
vn -0.9979 -0.0000 -0.0640
vn -0.9979 0.0000 -0.0640
vn -0.9979 0.0000 -0.0640
vn -0.9979 0.0000 -0.0640
vn -0.9979 0.0000 -0.0640
vn -0.9979 -0.0000 -0.0640
vn -0.9979 0.0000 -0.0640
vn -0.9979 0.0000 -0.0640
vn -0.9979 0.0000 -0.0640
vn -0.9979 0.0000 -0.0640
vn -0.9979 0.0000 -0.0640
vn -0.9979 -0.0000 -0.0640
vn -0.9979 -0.0000 -0.0640
vn -0.9979 -0.0000 -0.0640
vn -0.9979 -0.0000 -0.0640
vn -0.9979 0.0000 -0.0640
vn -0.9979 -0.0000 -0.0640
vn -0.9979 0.0000 -0.0640
vn -0.9979 -0.0000 -0.0640
vn -0.9979 0.0000 -0.0640
vn -0.9979 0.0000 -0.0640
vn -0.9979 0.0000 -0.0640
vn -0.9979 -0.0000 -0.0640
vn -0.9979 -0.0000 -0.0640
vn -0.9979 -0.0000 -0.0640
vn -0.9979 0.0000 -0.0640
vn -0.9979 -0.0000 -0.0640
vn -0.9979 0.0000 -0.0640
vn -0.9979 0.0000 -0.0640
vn -0.9979 -0.0000 -0.0640
vn -0.9979 -0.0000 -0.0640
vn -0.9979 0.0000 -0.0640
vn -0.9979 -0.0000 -0.0640
vn -0.9979 -0.0000 -0.0640
vn -0.9979 0.0000 -0.0640
vn -0.9979 -0.0000 -0.0640
vn -0.9979 0.0000 -0.0640
vn -0.9979 0.0000 -0.0640
vn -0.9979 0.0000 -0.0640
vn -0.9979 0.0000 -0.0640
vn -0.9979 0.0000 -0.0640
vn -0.9979 -0.0000 -0.0640
vn -0.9979 -0.0000 -0.0640
vn -0.9979 0.0000 -0.0640
vn -0.9979 -0.0000 -0.0640
vn -0.9979 0.0000 -0.0640
vn -0.9979 -0.0000 -0.0640
vn -0.9979 -0.0000 -0.0640
vn -0.9979 0.0000 -0.0640
vn -0.9979 -0.0000 -0.0640
vn -0.9979 0.0000 -0.0640
vn -0.9979 0.0000 -0.0640
vn -0.9979 0.0000 -0.0640
vn -0.9979 0.0000 -0.0640
vn -0.9979 0.0000 -0.0640
vn -0.9979 0.0000 -0.0640
vn -0.9979 0.0000 -0.0640
vn -0.9979 -0.0000 -0.0640
vn -0.9979 0.0000 -0.0640
vn -0.9979 0.0000 -0.0640
vn -0.9979 -0.0000 -0.0640
vn -0.9979 -0.0000 -0.0640
vn -0.9979 0.0000 -0.0640
vn -0.9979 -0.0000 -0.0640
vn -0.9979 0.0000 -0.0640
vn -0.9979 0.0000 -0.0640
vn -0.9979 -0.0000 -0.0640
vn -0.9979 -0.0000 -0.0640
vn -0.9979 -0.0000 -0.0640
vn -0.9979 -0.0000 -0.0640
vn -0.9979 -0.0000 -0.0640
vn -0.9979 0.0000 -0.0640
vn -0.9979 0.0000 -0.0640
vn -0.9979 0.0000 -0.0640
vn -0.9979 0.0000 -0.0640
vn -0.9979 -0.0000 -0.0640
vn -0.9979 -0.0000 -0.0640
vn -0.9979 0.0000 -0.0640
vn -0.9979 0.0000 -0.0640
vn -0.9979 0.0000 -0.0640
vn -0.9979 -0.0000 -0.0640
vn -0.9979 0.0000 -0.0640
vn -0.9979 0.0000 -0.0640
vn -0.9979 -0.0000 -0.0640
vn -0.9979 0.0000 -0.0640
vn -0.9979 -0.0000 -0.0640
vn -0.9979 -0.0000 -0.0640
vn -0.9979 -0.0000 -0.0640
vn -0.9979 -0.0000 -0.0640
vn -0.9979 -0.0000 -0.0640
vn -0.9979 0.0000 -0.0640
vn -0.9979 -0.0000 -0.0640
vn -0.9979 -0.0000 -0.0640
vn -0.9979 0.0000 -0.0640
vn -0.9979 0.0000 -0.0640
vn -0.9979 -0.0000 -0.0640
vn 0.9979 -0.0000 0.0640
vn 0.9979 0.0000 0.0640
vn 0.9979 -0.0000 0.0640
vn 0.9979 -0.0000 0.0640
vn 0.9979 0.0000 0.0640
vn 0.9979 -0.0000 0.0640
vn 0.9979 -0.0000 0.0640
vn 0.9979 -0.0000 0.0640
vn 0.9979 -0.0000 0.0640
vn 0.9979 -0.0000 0.0640
vn 0.9979 0.0000 0.0640
vn 0.9979 -0.0000 0.0640
vn 0.9979 -0.0000 0.0640
vn 0.9979 -0.0000 0.0640
vn 0.9979 -0.0000 0.0640
vn 0.9979 0.0000 0.0640
vn 0.9979 0.0000 0.0640
vn 0.9979 0.0000 0.0640
vn 0.9979 0.0000 0.0640
vn 0.9979 0.0000 0.0640
vn 0.9979 -0.0000 0.0640
vn 0.9979 -0.0000 0.0640
vn 0.9979 -0.0000 0.0640
vn 0.9979 -0.0000 0.0640
vn 0.9979 0.0000 0.0640
vn 0.9979 -0.0000 0.0640
vn 0.9979 -0.0000 0.0640
vn 0.9979 -0.0000 0.0640
vn 0.9979 -0.0000 0.0640
vn 0.9979 -0.0000 0.0640
vn 0.9979 -0.0000 0.0640
vn 0.9979 0.0000 0.0640
vn 0.9979 0.0000 0.0640
vn 0.9979 0.0000 0.0640
vn 0.9979 0.0000 0.0640
vn 0.9979 0.0000 0.0640
vn 0.9979 -0.0000 0.0640
vn 0.9979 0.0000 0.0640
vn 0.9979 -0.0000 0.0640
vn 0.9979 -0.0000 0.0640
vn 0.9979 -0.0000 0.0640
vn 0.9979 0.0000 0.0640
vn 0.9979 0.0000 0.0640
vn 0.9979 0.0000 0.0640
vn 0.9979 -0.0000 0.0640
vn 0.9979 0.0000 0.0640
vn 0.9979 -0.0000 0.0640
vn 0.9979 -0.0000 0.0640
vn 0.9979 0.0000 0.0640
vn 0.9979 0.0000 0.0640
vn 0.9979 -0.0000 0.0640
vn 0.9979 0.0000 0.0640
vn 0.9979 0.0000 0.0640
vn 0.9979 0.0000 0.0640
vn 0.9979 0.0000 0.0640
vn 0.9979 -0.0000 0.0640
vn 0.9979 -0.0000 0.0640
vn 0.9979 0.0000 0.0640
vn 0.9979 -0.0000 0.0640
vn 0.9979 -0.0000 0.0640
vn 0.9979 0.0000 0.0640
vn 0.9979 0.0000 0.0640
vn 0.9979 -0.0000 0.0640
vn 0.9979 0.0000 0.0640
vn 0.9979 -0.0000 0.0640
vn 0.9979 0.0000 0.0640
vn 0.9979 0.0000 0.0640
vn 0.9979 -0.0000 0.0640
vn 0.9979 0.0000 0.0640
vn 0.9979 -0.0000 0.0640
vn 0.9979 -0.0000 0.0640
vn 0.9979 -0.0000 0.0640
vn 0.9979 -0.0000 0.0640
vn 0.9979 -0.0000 0.0640
vn 0.9979 -0.0000 0.0640
vn 0.9979 -0.0000 0.0640
vn 0.9979 0.0000 0.0640
vn 0.9979 -0.0000 0.0640
vn 0.9979 -0.0000 0.0640
vn 0.9979 -0.0000 0.0640
vn 0.9979 0.0000 0.0640
vn 0.9979 -0.0000 0.0640
vn 0.9979 -0.0000 0.0640
vn 0.9979 -0.0000 0.0640
vn 0.9979 -0.0000 0.0640
vn 0.9979 0.0000 0.0640
vn 0.9979 0.0000 0.0640
vn 0.9979 0.0000 0.0640
vn 0.9979 -0.0000 0.0640
vn 0.9979 0.0000 0.0640
vn 0.9979 -0.0000 0.0640
vn 0.9979 -0.0000 0.0640
vn 0.9979 -0.0000 0.0640
vn 0.9979 -0.0000 0.0640
vn 0.9979 0.0000 0.0640
vn 0.9979 0.0000 0.0640
vn 0.9979 -0.0000 0.0640
vn 0.9979 -0.0000 0.0640
vn 0.9979 -0.0000 0.0640
vn 0.9979 0.0000 0.0640
vn 0.9979 -0.0000 0.0640
vn 0.9979 -0.0000 0.0640
vn 0.9979 0.0000 0.0640
vn 0.9979 -0.0000 0.0640
vn 0.9979 0.0000 0.0640
vn 0.9979 0.0000 0.0640
vn 0.9979 0.0000 0.0640
vn 0.9979 0.0000 0.0640
vn 0.9979 0.0000 0.0640
vn 0.9979 -0.0000 0.0640
vn 0.9979 0.0000 0.0640
vn 0.9979 -0.0000 0.0640
vn 0.9979 -0.0000 0.0640
vn 0.9979 -0.0000 0.0640
vn 0.9979 0.0000 0.0640
vn 0.0000 -0.3396 -0.9406
vn -0.0000 -0.3396 -0.9406
vn 0.0000 -0.6207 -0.7840
vn -0.0000 -0.6207 -0.7840
vn 0.0000 -0.8462 -0.5328
vn -0.0000 -0.8462 -0.5328
vn -0.0000 -0.0000 -1.0000
vn -0.0000 -0.0000 -1.0000
vn 0.0000 0.7593 -0.6508
vn 0.0000 0.7593 -0.6508
vn 0.0000 0.5145 -0.8575
vn 0.0000 0.5145 -0.8575
vn 0.0000 0.0767 -0.9971
vn 0.0000 0.0767 -0.9971
vn 0.0000 -0.3590 -0.9333
vn -0.0000 -0.3590 -0.9333
vn 0.0000 -0.6727 -0.7399
vn -0.0000 -0.6727 -0.7399
vn 0.0000 -0.9247 -0.3807
vn -0.0000 -0.9247 -0.3807
vn -0.0000 -0.0000 -1.0000
vn -0.0000 -0.0000 -1.0000
vn 0.0000 -0.4008 -0.9162
vn -0.0000 -0.4008 -0.9162
vn 0.0000 0.2676 -0.9635
vn 0.0000 0.2676 -0.9635
vn -0.0000 -0.0000 -1.0000
vn -0.0000 -0.0000 -1.0000
vn 0.0000 -0.4472 -0.8944
vn -0.0000 -0.4472 -0.8944
vn 0.0000 -0.8253 -0.5647
vn -0.0000 -0.8253 -0.5647
vn 0.0000 -0.9744 -0.2249
vn -0.0000 -0.9744 -0.2249
vn 0.0000 -1.0000 -0.0075
vn -0.0000 -1.0000 -0.0075
vn 0.0000 -0.1560 -0.9878
vn -0.0000 -0.1560 -0.9878
vn 0.0000 -0.4472 -0.8944
vn -0.0000 -0.4472 -0.8944
vn 0.0000 -0.7399 -0.6727
vn -0.0000 -0.7399 -0.6727
vn 0.0000 -0.9487 -0.3162
vn -0.0000 -0.9487 -0.3162
vn 0.0000 -1.0000 -0.0050
vn -0.0000 -1.0000 -0.0050
vn 0.0000 -0.9231 0.3846
vn 0.0000 -0.9231 0.3846
vn 0.0000 -0.7433 0.6690
vn 0.0000 -0.7433 0.6690
vn 0.0000 -0.3260 0.9454
vn 0.0000 -0.3260 0.9454
vn 0.0000 -0.9999 -0.0127
vn -0.0000 -0.9999 -0.0127
vn 0.0000 -0.9285 0.3714
vn 0.0000 -0.9285 0.3714
vn 0.0000 -0.6075 0.7944
vn 0.0000 -0.6075 0.7944
vn 0.0000 -0.0767 0.9971
vn 0.0000 -0.0767 0.9971
vn 0.0000 0.4258 0.9048
vn 0.0000 0.4258 0.9048
vn 0.0000 0.7433 0.6690
vn 0.0000 0.7433 0.6690
vn 0.0000 0.9487 0.3162
vn 0.0000 0.9487 0.3162
vn 0.0000 0.9981 0.0624
vn 0.0000 0.9981 0.0624
vn 0.0000 -0.1047 0.9945
vn 0.0000 -0.1047 0.9945
vn 0.0000 -0.9992 0.0400
vn 0.0000 -0.9992 0.0400
vn 0.0000 -0.9104 0.4138
vn 0.0000 -0.9104 0.4138
vn 0.0000 -0.7071 0.7071
vn 0.0000 -0.7071 0.7071
vn 0.0000 -0.3939 0.9191
vn 0.0000 -0.3939 0.9191
vn 0.0000 -0.0000 1.0000
vn 0.0000 -0.0000 1.0000
vn 0.0000 0.3032 0.9529
vn 0.0000 0.3032 0.9529
vn 0.0000 -0.6163 0.7875
vn 0.0000 -0.6163 0.7875
vn 0.0000 -0.0866 0.9962
vn 0.0000 -0.0866 0.9962
vn 0.0000 0.3807 0.9247
vn 0.0000 0.3807 0.9247
vn 0.0000 0.7772 0.6292
vn 0.0000 0.7772 0.6292
vn 0.0000 -0.0000 1.0000
vn 0.0000 -0.0000 1.0000
vn 0.0000 -0.8087 0.5882
vn 0.0000 -0.8087 0.5882
vn 0.0000 -0.4856 0.8742
vn 0.0000 -0.4856 0.8742
vn 0.0000 -0.9744 0.2249
vn 0.0000 -0.9744 0.2249
vn 0.0000 -0.5547 0.8321
vn 0.0000 -0.5547 0.8321
vn 0.0000 -0.1580 0.9874
vn 0.0000 -0.1580 0.9874
vn 0.0000 0.6644 0.7474
vn 0.0000 0.6644 0.7474
vn 0.0000 0.9304 0.3665
vn 0.0000 0.9304 0.3665
vn 0.0000 0.9932 -0.1168
vn 0.0000 0.9932 -0.1168
vn 0.0000 0.9383 0.3457
vn 0.0000 0.9383 0.3457
vn 0.0000 0.9965 -0.0830
vn 0.0000 0.9965 -0.0830
vn 0.0000 0.7526 0.6585
vn 0.0000 0.7526 0.6585
vn 0.0000 0.9984 0.0570
vn 0.0000 0.9984 0.0570
vn 0.0000 0.9080 -0.4191
vn 0.0000 0.9080 -0.4191
vn 0.0000 1.0000 0.0000
vn 0.0000 1.0000 0.0000
vn 0.0000 0.7071 -0.7071
vn 0.0000 0.7071 -0.7071
vn 0.0000 1.0000 0.0000
vn 0.0000 1.0000 0.0000
vn 0.0000 0.7071 0.7071
vn 0.0000 0.7071 0.7071
vn 0.0000 0.9959 0.0905
vn 0.0000 0.9959 0.0905
vn 0.0000 0.8944 -0.4472
vn 0.0000 0.8944 -0.4472
vn 0.0000 0.9912 0.1322
vn 0.0000 0.9912 0.1322
vn 0.0000 0.8437 -0.5369
vn 0.0000 0.8437 -0.5369
vn 0.0000 0.9979 -0.0651
vn 0.0000 0.9979 -0.0651
vn 0.0000 0.7071 -0.7071
vn 0.0000 0.7071 -0.7071
vn 0.0000 0.9962 -0.0866
vn 0.0000 0.9962 -0.0866
vn 0.0000 0.9487 0.3162
vn 0.0000 0.9487 0.3162
vn 0.0000 0.7740 -0.6332
vn 0.0000 0.7740 -0.6332
vn -0.0000 -0.0000 -1.0000
vn -0.0000 -0.0000 -1.0000
vn 0.0000 -0.7526 -0.6585
vn -0.0000 -0.7526 -0.6585
vn 0.0000 -0.9939 0.1104
vn 0.0000 -0.9939 0.1104
vn 0.0000 -0.7071 0.7071
vn 0.0000 -0.7071 0.7071
vn 0.0000 -0.9929 0.1191
vn 0.0000 -0.9929 0.1191
vn 0.0000 -0.5300 -0.8480
vn -0.0000 -0.5300 -0.8480
vn 0.0000 -0.9191 -0.3939
vn -0.0000 -0.9191 -0.3939
vn 0.0000 -0.9959 0.0905
vn 0.0000 -0.9959 0.0905
vn 0.0000 -0.7740 0.6332
vn 0.0000 -0.7740 0.6332
vn 0.0000 -0.1104 0.9939
vn 0.0000 -0.1104 0.9939
vn 0.0000 -0.5882 0.8087
vn 0.0000 -0.5882 0.8087
vn 0.0000 -0.9487 -0.3162
vn -0.0000 -0.9487 -0.3162
vn 0.0000 -0.0434 -0.9991
vn -0.0000 -0.0434 -0.9991
vn 0.0000 -0.5145 -0.8575
vn -0.0000 -0.5145 -0.8575
vn -0.0000 -1.0000 0.0000
vn 0.0000 -1.0000 0.0000
vn 0.0000 -0.6332 0.7740
vn 0.0000 -0.6332 0.7740
vn 0.0000 0.1961 0.9806
vn 0.0000 0.1961 0.9806
vn 0.0000 -0.7071 0.7071
vn 0.0000 -0.7071 0.7071
vn 0.0000 -0.9487 -0.3162
vn -0.0000 -0.9487 -0.3162
vn 0.0000 -0.1240 -0.9923
vn -0.0000 -0.1240 -0.9923
vn 0.0000 -0.7593 -0.6508
vn -0.0000 -0.7593 -0.6508
vn 0.0000 -0.0587 -0.9983
vn -0.0000 -0.0587 -0.9983
vn 0.0000 -0.7474 -0.6644
vn -0.0000 -0.7474 -0.6644
vn -0.0000 -0.0000 -1.0000
vn -0.0000 -0.0000 -1.0000
vn 0.0000 0.9374 -0.3482
vn 0.0000 0.9374 -0.3482
vn 0.0000 0.8321 -0.5547
vn 0.0000 0.8321 -0.5547
vn 0.0000 0.6156 -0.7880
vn 0.0000 0.6156 -0.7880
vn 0.0000 0.9925 0.1224
vn 0.0000 0.9925 0.1224
vn 0.0000 0.9955 -0.0948
vn 0.0000 0.9955 -0.0948
vn 0.0000 0.9640 -0.2659
vn 0.0000 0.9640 -0.2659
vn 0.0000 0.2747 0.9615
vn 0.0000 0.2747 0.9615
vn 0.0000 -0.3881 0.9216
vn 0.0000 -0.3881 0.9216
vn 0.0000 0.0624 0.9981
vn 0.0000 0.0624 0.9981
vn 0.0000 0.4472 0.8944
vn 0.0000 0.4472 0.8944
vn 0.0000 0.7944 0.6075
vn 0.0000 0.7944 0.6075
vn 0.0000 0.9985 0.0550
vn 0.0000 0.9985 0.0550
vn 0.0000 0.9978 -0.0665
vn 0.0000 0.9978 -0.0665
vn 0.0000 0.8412 0.5408
vn 0.0000 0.8412 0.5408
vn 0.0000 0.9899 0.1414
vn 0.0000 0.9899 0.1414
vn 0.0000 0.4990 0.8666
vn 0.0000 0.4990 0.8666
vn 0.0000 0.8036 0.5952
vn 0.0000 0.8036 0.5952
vn 0.0000 0.9572 0.2894
vn 0.0000 0.9572 0.2894
vn 0.0000 0.9912 -0.1322
vn 0.0000 0.9912 -0.1322
vn -0.0000 -0.0000 -1.0000
vn -0.0000 -0.0000 -1.0000
vn 0.0000 0.6690 -0.7433
vn 0.0000 0.6690 -0.7433
vn -0.9979 0.0000 -0.0640
vn -0.9979 0.0000 -0.0640
vn -0.9979 0.0000 -0.0640
vn -0.9979 -0.0000 -0.0640
vn -0.9979 0.0000 -0.0640
vn -0.9979 -0.0000 -0.0640
vn -0.9979 0.0000 -0.0640
vn -0.9979 -0.0000 -0.0640
vn -0.9979 0.0000 -0.0640
vn -0.9979 -0.0000 -0.0640
vn -0.9979 0.0000 -0.0640
vn -0.9979 0.0000 -0.0640
vn -0.9979 -0.0000 -0.0640
vn -0.9979 0.0000 -0.0640
vn -0.9979 0.0000 -0.0640
vn -0.9979 0.0000 -0.0640
vn -0.9979 -0.0000 -0.0640
vn -0.9979 0.0000 -0.0640
vn -0.9979 -0.0000 -0.0640
vn -0.9979 0.0000 -0.0640
vn -0.9979 -0.0000 -0.0640
vn -0.9979 0.0000 -0.0640
vn 0.9979 -0.0000 0.0640
vn 0.9979 -0.0000 0.0640
vn 0.9979 -0.0000 0.0640
vn 0.9979 0.0000 0.0640
vn 0.9979 -0.0000 0.0640
vn 0.9979 0.0000 0.0640
vn 0.9979 -0.0000 0.0640
vn 0.9979 0.0000 0.0640
vn 0.9979 -0.0000 0.0640
vn 0.9979 0.0000 0.0640
vn 0.9979 -0.0000 0.0640
vn 0.9979 0.0000 0.0640
vn 0.9979 -0.0000 0.0640
vn 0.9979 -0.0000 0.0640
vn 0.9979 0.0000 0.0640
vn 0.9979 -0.0000 0.0640
vn 0.9979 0.0000 0.0640
vn 0.9979 0.0000 0.0640
vn 0.9979 0.0000 0.0640
vn 0.9979 -0.0000 0.0640
vn 0.9979 0.0000 0.0640
vn 0.9979 -0.0000 0.0640
vn 0.0000 0.4472 -0.8944
vn 0.0000 0.4472 -0.8944
vn 0.0000 0.9806 -0.1961
vn 0.0000 0.9806 -0.1961
vn 0.0000 0.7526 0.6585
vn 0.0000 0.7526 0.6585
vn 0.0000 0.5547 -0.8321
vn 0.0000 0.5547 -0.8321
vn 0.0000 0.9939 -0.1104
vn 0.0000 0.9939 -0.1104
vn 0.0000 0.7071 -0.7071
vn 0.0000 0.7071 -0.7071
vn 0.0000 1.0000 0.0000
vn 0.0000 1.0000 0.0000
vn 0.0000 0.8742 -0.4856
vn 0.0000 0.8742 -0.4856
vn 0.0000 0.1961 -0.9806
vn 0.0000 0.1961 -0.9806
vn 0.0000 -0.5039 -0.8638
vn -0.0000 -0.5039 -0.8638
vn 0.0000 0.1414 -0.9899
vn 0.0000 0.1414 -0.9899
vn 0.0000 -0.7071 0.7071
vn 0.0000 -0.7071 0.7071
vn 0.0000 0.1961 0.9806
vn 0.0000 0.1961 0.9806
vn 0.0000 -0.5145 0.8575
vn 0.0000 -0.5145 0.8575
vn 0.0000 -0.7071 -0.7071
vn -0.0000 -0.7071 -0.7071
vn 0.0000 0.1104 -0.9939
vn 0.0000 0.1104 -0.9939
vn 0.0000 -0.6000 -0.8000
vn -0.0000 -0.6000 -0.8000
vn -0.0000 -1.0000 0.0000
vn 0.0000 -1.0000 0.0000
vn 0.0000 -0.4472 0.8944
vn 0.0000 -0.4472 0.8944
vn 0.0000 -0.9138 0.4061
vn 0.0000 -0.9138 0.4061
vn 0.0000 0.2425 0.9701
vn 0.0000 0.2425 0.9701
vn 0.0000 -0.7682 0.6402
vn 0.0000 -0.7682 0.6402
vn 0.0000 0.9487 0.3162
vn 0.0000 0.9487 0.3162
vn 0.0000 0.0830 0.9965
vn 0.0000 0.0830 0.9965
vn -0.9979 -0.0000 -0.0640
vn -0.9979 -0.0000 -0.0640
vn -0.9979 0.0000 -0.0640
vn -0.9979 -0.0000 -0.0640
vn -0.9979 0.0000 -0.0640
vn -0.9979 0.0000 -0.0640
vn -0.9979 0.0000 -0.0640
vn -0.9979 -0.0000 -0.0640
vn -0.9979 -0.0000 -0.0640
vn -0.9979 0.0000 -0.0640
vn 0.9979 0.0000 0.0640
vn 0.9979 0.0000 0.0640
vn 0.9979 -0.0000 0.0640
vn 0.9979 0.0000 0.0640
vn 0.9979 0.0000 0.0640
vn 0.9979 0.0000 0.0640
vn 0.9979 -0.0000 0.0640
vn 0.9979 0.0000 0.0640
vn 0.9979 0.0000 0.0640
vn 0.9979 -0.0000 0.0640
vn 0.0000 -0.7071 -0.7071
vn -0.0000 -0.7071 -0.7071
vn 0.0000 0.1104 -0.9939
vn 0.0000 0.1104 -0.9939
vn 0.0000 -0.8321 -0.5547
vn -0.0000 -0.8321 -0.5547
vn 0.0000 -0.4789 0.8779
vn 0.0000 -0.4789 0.8779
vn 0.0000 0.9487 0.3162
vn 0.0000 0.9487 0.3162
vn 0.0000 0.7071 -0.7071
vn 0.0000 0.7071 -0.7071
vn 0.0000 0.5812 0.8137
vn 0.0000 0.5812 0.8137
vn 0.0000 -0.7071 0.7071
vn 0.0000 -0.7071 0.7071
vn 0.0000 -0.8944 -0.4472
vn -0.0000 -0.8944 -0.4472
vn 0.0000 0.2095 0.9778
vn 0.0000 0.2095 0.9778
vn 0.0000 0.4008 -0.9162
vn 0.0000 0.4008 -0.9162
vn 0.0000 0.8575 0.5145
vn 0.0000 0.8575 0.5145
vn -0.9979 -0.0000 -0.0640
vn -0.9979 0.0000 -0.0640
vn -0.9979 -0.0000 -0.0640
vn -0.9979 0.0000 -0.0640
vn -0.9979 -0.0000 -0.0640
vn -0.9979 -0.0000 -0.0640
vn -0.9979 0.0000 -0.0640
vn -0.9979 -0.0000 -0.0640
vn -0.9979 -0.0000 -0.0640
vn -0.9979 0.0000 -0.0640
vn -0.9979 0.0000 -0.0640
vn -0.9979 0.0000 -0.0640
vn -0.9979 -0.0000 -0.0640
vn -0.9979 0.0000 -0.0640
vn -0.9979 -0.0000 -0.0640
vn -0.9979 -0.0000 -0.0640
vn -0.9979 0.0000 -0.0640
vn -0.9979 0.0000 -0.0640
vn -0.9979 -0.0000 -0.0640
vn -0.9979 0.0000 -0.0640
vn -0.9979 0.0000 -0.0640
vn -0.9979 0.0000 -0.0640
vn -0.9979 -0.0000 -0.0640
vn -0.9979 0.0000 -0.0640
vn -0.9979 -0.0000 -0.0640
vn -0.9979 0.0000 -0.0640
vn -0.9979 -0.0000 -0.0640
vn -0.9979 0.0000 -0.0640
vn -0.9979 0.0000 -0.0640
vn -0.9979 -0.0000 -0.0640
vn -0.9979 -0.0000 -0.0640
vn -0.9979 -0.0000 -0.0640
vn -0.9979 0.0000 -0.0640
vn -0.9979 -0.0000 -0.0640
vn -0.9979 -0.0000 -0.0640
vn -0.9979 -0.0000 -0.0640
vn -0.9979 0.0000 -0.0640
vn 0.9979 0.0000 0.0640
vn 0.9979 -0.0000 0.0640
vn 0.9979 -0.0000 0.0640
vn 0.9979 -0.0000 0.0640
vn 0.9979 -0.0000 0.0640
vn 0.9979 0.0000 0.0640
vn 0.9979 0.0000 0.0640
vn 0.9979 0.0000 0.0640
vn 0.9979 0.0000 0.0640
vn 0.9979 0.0000 0.0640
vn 0.9979 -0.0000 0.0640
vn 0.9979 -0.0000 0.0640
vn 0.9979 0.0000 0.0640
vn 0.9979 -0.0000 0.0640
vn 0.9979 0.0000 0.0640
vn 0.9979 0.0000 0.0640
vn 0.9979 0.0000 0.0640
vn 0.9979 -0.0000 0.0640
vn 0.9979 0.0000 0.0640
vn 0.9979 -0.0000 0.0640
vn 0.9979 -0.0000 0.0640
vn 0.9979 0.0000 0.0640
vn 0.9979 0.0000 0.0640
vn 0.9979 -0.0000 0.0640
vn 0.9979 0.0000 0.0640
vn 0.9979 0.0000 0.0640
vn 0.9979 0.0000 0.0640
vn 0.9979 -0.0000 0.0640
vn 0.9979 -0.0000 0.0640
vn 0.9979 0.0000 0.0640
vn 0.9979 0.0000 0.0640
vn 0.9979 0.0000 0.0640
vn 0.9979 -0.0000 0.0640
vn 0.9979 0.0000 0.0640
vn 0.9979 0.0000 0.0640
vn 0.9979 0.0000 0.0640
vn 0.9979 -0.0000 0.0640
vn 0.0000 0.8793 -0.4763
vn 0.0000 0.8793 -0.4763
vn 0.0000 0.7071 -0.7071
vn 0.0000 0.7071 -0.7071
vn 0.0000 0.5547 -0.8321
vn 0.0000 0.5547 -0.8321
vn 0.0000 0.3162 -0.9487
vn 0.0000 0.3162 -0.9487
vn 0.0000 -0.0526 -0.9986
vn -0.0000 -0.0526 -0.9986
vn 0.0000 -0.4244 -0.9055
vn -0.0000 -0.4244 -0.9055
vn 0.0000 -0.7338 -0.6794
vn -0.0000 -0.7338 -0.6794
vn 0.0000 -0.9261 -0.3773
vn -0.0000 -0.9261 -0.3773
vn -0.0000 -1.0000 0.0000
vn 0.0000 -1.0000 0.0000
vn 0.0000 -0.0000 1.0000
vn 0.0000 -0.0000 1.0000
vn 0.0000 -0.7071 0.7071
vn 0.0000 -0.7071 0.7071
vn 0.0000 -0.9999 0.0133
vn 0.0000 -0.9999 0.0133
vn 0.0000 -0.6163 0.7875
vn 0.0000 -0.6163 0.7875
vn 0.0000 -0.3328 0.9430
vn 0.0000 -0.3328 0.9430
vn 0.0000 0.9999 -0.0109
vn 0.0000 0.9999 -0.0109
vn 0.0000 0.5547 0.8321
vn 0.0000 0.5547 0.8321
vn 0.0000 1.0000 0.0000
vn 0.0000 1.0000 0.0000
vn 0.0000 0.9701 0.2425
vn 0.0000 0.9701 0.2425
vn 0.0000 -0.1644 0.9864
vn 0.0000 -0.1644 0.9864
vn -0.0000 -1.0000 0.0000
vn 0.0000 -1.0000 0.0000
vn 0.0000 -0.0000 1.0000
vn 0.0000 -0.0000 1.0000
vn 0.0000 0.9231 0.3846
vn 0.0000 0.9231 0.3846
vn 0.0000 -0.5145 0.8575
vn 0.0000 -0.5145 0.8575
vn 0.0000 -0.9950 -0.0995
vn -0.0000 -0.9950 -0.0995
vn 0.0000 -0.4472 0.8944
vn 0.0000 -0.4472 0.8944
vn 0.0000 0.1789 0.9839
vn 0.0000 0.1789 0.9839
vn 0.0000 0.9986 0.0526
vn 0.0000 0.9986 0.0526
vn 0.0000 0.7071 0.7071
vn 0.0000 0.7071 0.7071
vn 0.0000 -0.6247 0.7809
vn 0.0000 -0.6247 0.7809
vn 0.0000 -0.9990 -0.0454
vn -0.0000 -0.9990 -0.0454
vn 0.0000 -0.7682 -0.6402
vn -0.0000 -0.7682 -0.6402
vn -0.0000 -0.0000 -1.0000
vn -0.0000 -0.0000 -1.0000
vn 0.0000 0.8517 -0.5241
vn 0.0000 0.8517 -0.5241
vn -0.0000 -0.0000 -1.0000
vn -0.0000 -0.0000 -1.0000
vn 0.0000 -0.5547 -0.8321
vn -0.0000 -0.5547 -0.8321
vn -0.0000 -1.0000 0.0000
vn 0.0000 -1.0000 0.0000
vn 0.0000 -0.0000 1.0000
vn 0.0000 -0.0000 1.0000
vn 0.0000 0.9939 -0.1104
vn 0.0000 0.9939 -0.1104
vn 0.0000 -0.8944 0.4472
vn 0.0000 -0.8944 0.4472
vn -0.9979 0.0000 -0.0640
vn -0.9979 -0.0000 -0.0640
vn -0.9979 0.0000 -0.0640
vn -0.9979 -0.0000 -0.0640
vn -0.9979 -0.0000 -0.0640
vn -0.9979 0.0000 -0.0640
vn -0.9979 -0.0000 -0.0640
vn -0.9979 0.0000 -0.0640
vn -0.9979 0.0000 -0.0640
vn 0.9979 0.0000 0.0640
vn 0.9979 0.0000 0.0640
vn 0.9979 -0.0000 0.0640
vn 0.9979 0.0000 0.0640
vn 0.9979 0.0000 0.0640
vn 0.9979 -0.0000 0.0640
vn 0.9979 0.0000 0.0640
vn 0.9979 -0.0000 0.0640
vn 0.9979 -0.0000 0.0640
vn 0.0000 0.9487 0.3162
vn 0.0000 0.9487 0.3162
vn 0.0000 0.9412 -0.3379
vn 0.0000 0.9412 -0.3379
vn 0.0000 0.4472 -0.8944
vn 0.0000 0.4472 -0.8944
vn 0.0000 -0.3162 -0.9487
vn -0.0000 -0.3162 -0.9487
vn 0.0000 -0.7071 -0.7071
vn -0.0000 -0.7071 -0.7071
vn 0.0000 -0.8321 -0.5547
vn -0.0000 -0.8321 -0.5547
vn -0.0000 -1.0000 0.0000
vn 0.0000 -1.0000 0.0000
vn 0.0000 -0.7433 0.6690
vn 0.0000 -0.7433 0.6690
vn 0.0000 -0.6026 0.7980
vn 0.0000 -0.6026 0.7980
vn 0.0000 0.6616 0.7498
vn 0.0000 0.6616 0.7498
vn 0.0000 -0.0000 1.0000
vn 0.0000 -0.0000 1.0000
vn -0.9979 -0.0000 -0.0640
vn -0.9979 0.0000 -0.0640
vn -0.9979 -0.0000 -0.0640
vn -0.9979 -0.0000 -0.0640
vn -0.9979 -0.0000 -0.0640
vn -0.9979 0.0000 -0.0640
vn -0.9979 -0.0000 -0.0640
vn -0.9979 -0.0000 -0.0640
vn -0.9979 -0.0000 -0.0640
vn 0.9979 0.0000 0.0640
vn 0.9979 -0.0000 0.0640
vn 0.9979 0.0000 0.0640
vn 0.9979 0.0000 0.0640
vn 0.9979 0.0000 0.0640
vn 0.9979 -0.0000 0.0640
vn 0.9979 0.0000 0.0640
vn 0.9979 0.0000 0.0640
vn 0.9979 0.0000 0.0640
vn 0.0000 0.4472 -0.8944
vn 0.0000 0.4472 -0.8944
vn 0.0000 0.0712 -0.9975
vn 0.0000 0.0712 -0.9975
vn 0.0000 -0.6690 -0.7433
vn -0.0000 -0.6690 -0.7433
vn 0.0000 -0.8178 -0.5755
vn -0.0000 -0.8178 -0.5755
vn 0.0000 -0.9545 -0.2983
vn -0.0000 -0.9545 -0.2983
vn 0.0000 -0.7894 0.6139
vn 0.0000 -0.7894 0.6139
vn 0.0000 -0.5145 0.8575
vn 0.0000 -0.5145 0.8575
vn 0.0000 -0.0830 0.9965
vn 0.0000 -0.0830 0.9965
vn 0.0000 0.7452 0.6668
vn 0.0000 0.7452 0.6668
vn 0.0000 0.5755 -0.8178
vn 0.0000 0.5755 -0.8178
vn 0.0000 0.9128 0.4084
vn 0.0000 0.9128 0.4084
vn -0.9979 -0.0000 -0.0640
vn -0.9979 0.0000 -0.0640
vn -0.9979 0.0000 -0.0640
vn -0.9979 -0.0000 -0.0640
vn -0.9979 -0.0000 -0.0640
vn -0.9979 0.0000 -0.0640
vn -0.9979 0.0000 -0.0640
vn -0.9979 0.0000 -0.0640
vn -0.9979 0.0000 -0.0640
vn -0.9979 0.0000 -0.0640
vn -0.9979 -0.0000 -0.0640
vn -0.9979 0.0000 -0.0640
vn -0.9979 -0.0000 -0.0640
vn -0.9979 0.0000 -0.0640
vn -0.9979 0.0000 -0.0640
vn -0.9979 0.0000 -0.0640
vn -0.9979 0.0000 -0.0640
vn -0.9979 0.0000 -0.0640
vn -0.9979 0.0000 -0.0640
vn -0.9979 -0.0000 -0.0640
vn -0.9979 0.0000 -0.0640
vn -0.9979 -0.0000 -0.0640
vn -0.9979 -0.0000 -0.0640
vn -0.9979 0.0000 -0.0640
vn -0.9979 0.0000 -0.0640
vn -0.9979 0.0000 -0.0640
vn -0.9979 0.0000 -0.0640
vn -0.9979 -0.0000 -0.0640
vn -0.9979 0.0000 -0.0640
vn -0.9979 0.0000 -0.0640
vn -0.9979 0.0000 -0.0640
vn -0.9979 0.0000 -0.0640
vn -0.9979 0.0000 -0.0640
vn -0.9979 0.0000 -0.0640
vn -0.9979 -0.0000 -0.0640
vn -0.9979 0.0000 -0.0640
vn -0.9979 -0.0000 -0.0640
vn -0.9979 -0.0000 -0.0640
vn -0.9979 -0.0000 -0.0640
vn -0.9979 0.0000 -0.0640
vn -0.9979 0.0000 -0.0640
vn -0.9979 -0.0000 -0.0640
vn -0.9979 0.0000 -0.0640
vn -0.9979 0.0000 -0.0640
vn -0.9979 0.0000 -0.0640
vn -0.9979 0.0000 -0.0640
vn -0.9979 -0.0000 -0.0640
vn -0.9979 -0.0000 -0.0640
vn -0.9979 -0.0000 -0.0640
vn -0.9979 -0.0000 -0.0640
vn -0.9979 0.0000 -0.0640
vn -0.9979 -0.0000 -0.0640
vn -0.9979 -0.0000 -0.0640
vn -0.9979 -0.0000 -0.0640
vn -0.9979 0.0000 -0.0640
vn -0.9979 0.0000 -0.0640
vn -0.9979 0.0000 -0.0640
vn -0.9979 -0.0000 -0.0640
vn -0.9979 -0.0000 -0.0640
vn -0.9979 -0.0000 -0.0640
vn -0.9979 0.0000 -0.0640
vn -0.9979 0.0000 -0.0640
vn -0.9979 -0.0000 -0.0640
vn -0.9979 -0.0000 -0.0640
vn -0.9979 0.0000 -0.0640
vn -0.9979 0.0000 -0.0640
vn -0.9979 0.0000 -0.0640
vn -0.9979 0.0000 -0.0640
vn -0.9979 0.0000 -0.0640
vn -0.9979 0.0000 -0.0640
vn -0.9979 0.0000 -0.0640
vn -0.9979 -0.0000 -0.0640
vn -0.9979 0.0000 -0.0640
vn -0.9979 -0.0000 -0.0640
vn -0.9979 0.0000 -0.0640
vn -0.9979 -0.0000 -0.0640
vn -0.9979 -0.0000 -0.0640
vn -0.9979 -0.0000 -0.0640
vn -0.9979 0.0000 -0.0640
vn -0.9979 -0.0000 -0.0640
vn -0.9979 0.0000 -0.0640
vn -0.9979 0.0000 -0.0640
vn -0.9979 0.0000 -0.0640
vn -0.9979 -0.0000 -0.0640
vn -0.9979 0.0000 -0.0640
vn -0.9979 0.0000 -0.0640
vn -0.9979 -0.0000 -0.0640
vn -0.9979 -0.0000 -0.0640
vn -0.9979 -0.0000 -0.0640
vn -0.9979 0.0000 -0.0640
vn -0.9979 0.0000 -0.0640
vn -0.9979 -0.0000 -0.0640
vn -0.9979 0.0000 -0.0640
vn -0.9979 0.0000 -0.0640
vn -0.9979 -0.0000 -0.0640
vn -0.9979 0.0000 -0.0640
vn -0.9979 -0.0000 -0.0640
vn -0.9979 0.0000 -0.0640
vn -0.9979 -0.0000 -0.0640
vn -0.9979 -0.0000 -0.0640
vn -0.9979 0.0000 -0.0640
vn -0.9979 -0.0000 -0.0640
vn -0.9979 0.0000 -0.0640
vn -0.9979 -0.0000 -0.0640
vn -0.9979 -0.0000 -0.0640
vn -0.9979 -0.0000 -0.0640
vn -0.9979 0.0000 -0.0640
vn -0.9979 0.0000 -0.0640
vn -0.9979 0.0000 -0.0640
vn -0.9979 -0.0000 -0.0640
vn -0.9979 -0.0000 -0.0640
vn -0.9979 -0.0000 -0.0640
vn -0.9979 0.0000 -0.0640
vn -0.9979 -0.0000 -0.0640
vn -0.9979 -0.0000 -0.0640
vn -0.9979 0.0000 -0.0640
vn -0.9979 -0.0000 -0.0640
vn -0.9979 0.0000 -0.0640
vn -0.9979 -0.0000 -0.0640
vn -0.9979 0.0000 -0.0640
vn -0.9979 -0.0000 -0.0640
vn -0.9979 0.0000 -0.0640
vn -0.9979 0.0000 -0.0640
vn -0.9979 0.0000 -0.0640
vn -0.9979 0.0000 -0.0640
vn -0.9979 -0.0000 -0.0640
vn -0.9979 0.0000 -0.0640
vn -0.9979 -0.0000 -0.0640
vn -0.9979 -0.0000 -0.0640
vn -0.9979 -0.0000 -0.0640
vn -0.9979 -0.0000 -0.0640
vn -0.9979 0.0000 -0.0640
vn -0.9979 0.0000 -0.0640
vn -0.9979 0.0000 -0.0640
vn -0.9979 0.0000 -0.0640
vn -0.9979 0.0000 -0.0640
vn -0.9979 -0.0000 -0.0640
vn -0.9979 0.0000 -0.0640
vn -0.9979 -0.0000 -0.0640
vn -0.9979 0.0000 -0.0640
vn -0.9979 -0.0000 -0.0640
vn -0.9979 0.0000 -0.0640
vn -0.9979 -0.0000 -0.0640
vn -0.9979 0.0000 -0.0640
vn -0.9979 0.0000 -0.0640
vn -0.9979 0.0000 -0.0640
vn -0.9979 0.0000 -0.0640
vn -0.9979 -0.0000 -0.0640
vn -0.9979 -0.0000 -0.0640
vn -0.9979 -0.0000 -0.0640
vn -0.9979 -0.0000 -0.0640
vn -0.9979 -0.0000 -0.0640
vn -0.9979 0.0000 -0.0640
vn -0.9979 0.0000 -0.0640
vn -0.9979 0.0000 -0.0640
vn -0.9979 -0.0000 -0.0640
vn -0.9979 0.0000 -0.0640
vn -0.9979 -0.0000 -0.0640
vn -0.9979 0.0000 -0.0640
vn -0.9979 -0.0000 -0.0640
vn -0.9979 -0.0000 -0.0640
vn -0.9979 -0.0000 -0.0640
vn -0.9979 0.0000 -0.0640
vn -0.9979 0.0000 -0.0640
vn -0.9979 -0.0000 -0.0640
vn -0.9979 -0.0000 -0.0640
vn -0.9979 0.0000 -0.0640
vn -0.9979 0.0000 -0.0640
vn -0.9979 -0.0000 -0.0640
vn -0.9979 0.0000 -0.0640
vn -0.9979 -0.0000 -0.0640
vn -0.9979 0.0000 -0.0640
vn -0.9979 0.0000 -0.0640
vn -0.9979 -0.0000 -0.0640
vn -0.9979 0.0000 -0.0640
vn -0.9979 -0.0000 -0.0640
vn -0.9979 -0.0000 -0.0640
vn -0.9979 0.0000 -0.0640
vn -0.9979 0.0000 -0.0640
vn -0.9979 0.0000 -0.0640
vn -0.9979 -0.0000 -0.0640
vn -0.9979 -0.0000 -0.0640
vn -0.9979 0.0000 -0.0640
vn -0.9979 0.0000 -0.0640
vn -0.9979 0.0000 -0.0640
vn -0.9979 0.0000 -0.0640
vn -0.9979 -0.0000 -0.0640
vn -0.9979 0.0000 -0.0640
vn -0.9979 0.0000 -0.0640
vn -0.9979 0.0000 -0.0640
vn -0.9979 -0.0000 -0.0640
vn -0.9979 0.0000 -0.0640
vn -0.9979 0.0000 -0.0640
vn -0.9979 0.0000 -0.0640
vn -0.9979 0.0000 -0.0640
vn -0.9979 0.0000 -0.0640
vn -0.9979 0.0000 -0.0640
vn -0.9979 0.0000 -0.0640
vn -0.9979 -0.0000 -0.0640
vn -0.9979 0.0000 -0.0640
vn -0.9979 0.0000 -0.0640
vn -0.9979 0.0000 -0.0640
vn -0.9979 0.0000 -0.0640
vn -0.9979 -0.0000 -0.0640
vn -0.9979 -0.0000 -0.0640
vn -0.9979 -0.0000 -0.0640
vn -0.9979 0.0000 -0.0640
vn -0.9979 -0.0000 -0.0640
vn -0.9979 -0.0000 -0.0640
vn -0.9979 0.0000 -0.0640
vn -0.9979 -0.0000 -0.0640
vn -0.9979 0.0000 -0.0640
vn -0.9979 0.0000 -0.0640
vn -0.9979 0.0000 -0.0640
vn -0.9979 -0.0000 -0.0640
vn -0.9979 0.0000 -0.0640
vn -0.9979 -0.0000 -0.0640
vn -0.9979 0.0000 -0.0640
vn -0.9979 0.0000 -0.0640
vn -0.9979 -0.0000 -0.0640
vn -0.9979 0.0000 -0.0640
vn -0.9979 0.0000 -0.0640
vn -0.9979 -0.0000 -0.0640
vn -0.9979 -0.0000 -0.0640
vn -0.9979 0.0000 -0.0640
vn -0.9979 -0.0000 -0.0640
vn -0.9979 0.0000 -0.0640
vn -0.9979 -0.0000 -0.0640
vn -0.9979 0.0000 -0.0640
vn -0.9979 -0.0000 -0.0640
vn -0.9979 0.0000 -0.0640
vn -0.9979 -0.0000 -0.0640
vn -0.9979 0.0000 -0.0640
vn -0.9979 0.0000 -0.0640
vn -0.9979 -0.0000 -0.0640
vn -0.9979 0.0000 -0.0640
vn -0.9979 0.0000 -0.0640
vn -0.9979 0.0000 -0.0640
vn -0.9979 0.0000 -0.0640
vn -0.9979 -0.0000 -0.0640
vn -0.9979 0.0000 -0.0640
vn -0.9979 0.0000 -0.0640
vn -0.9979 0.0000 -0.0640
vn -0.9979 -0.0000 -0.0640
vn -0.9979 0.0000 -0.0640
vn -0.9979 -0.0000 -0.0640
vn -0.9979 -0.0000 -0.0640
vn -0.9979 -0.0000 -0.0640
vn -0.9979 -0.0000 -0.0640
vn -0.9979 -0.0000 -0.0640
vn -0.9979 0.0000 -0.0640
vn -0.9979 -0.0000 -0.0640
vn -0.9979 -0.0000 -0.0640
vn -0.9979 0.0000 -0.0640
vn -0.9979 -0.0000 -0.0640
vn -0.9979 0.0000 -0.0640
vn -0.9979 -0.0000 -0.0640
vn -0.9979 0.0000 -0.0640
vn -0.9979 0.0000 -0.0640
vn -0.9979 0.0000 -0.0640
vn -0.9979 0.0000 -0.0640
vn -0.9979 -0.0000 -0.0640
vn -0.9979 0.0000 -0.0640
vn -0.9979 0.0000 -0.0640
vn -0.9979 0.0000 -0.0640
vn -0.9979 0.0000 -0.0640
vn -0.9979 -0.0000 -0.0640
vn -0.9979 -0.0000 -0.0640
vn -0.9979 0.0000 -0.0640
vn -0.9979 -0.0000 -0.0640
vn -0.9979 -0.0000 -0.0640
vn -0.9979 -0.0000 -0.0640
vn -0.9979 0.0000 -0.0640
vn -0.9979 0.0000 -0.0640
vn -0.9979 -0.0000 -0.0640
vn -0.9979 0.0000 -0.0640
vn -0.9979 -0.0000 -0.0640
vn -0.9979 0.0000 -0.0640
vn -0.9979 0.0000 -0.0640
vn -0.9979 0.0000 -0.0640
vn -0.9979 0.0000 -0.0640
vn -0.9979 -0.0000 -0.0640
vn -0.9979 0.0000 -0.0640
vn -0.9979 0.0000 -0.0640
vn -0.9979 0.0000 -0.0640
vn -0.9979 0.0000 -0.0640
vn -0.9979 0.0000 -0.0640
vn -0.9979 0.0000 -0.0640
vn -0.9979 -0.0000 -0.0640
vn -0.9979 -0.0000 -0.0640
vn -0.9979 0.0000 -0.0640
vn -0.9979 0.0000 -0.0640
vn -0.9979 -0.0000 -0.0640
vn -0.9979 -0.0000 -0.0640
vn -0.9979 0.0000 -0.0640
vn -0.9979 -0.0000 -0.0640
vn -0.9979 -0.0000 -0.0640
vn -0.9979 -0.0000 -0.0640
vn -0.9979 0.0000 -0.0640
vn -0.9979 -0.0000 -0.0640
vn -0.9979 0.0000 -0.0640
vn -0.9979 0.0000 -0.0640
vn -0.9979 0.0000 -0.0640
vn -0.9979 -0.0000 -0.0640
vn -0.9979 0.0000 -0.0640
vn -0.9979 0.0000 -0.0640
vn -0.9979 -0.0000 -0.0640
vn -0.9979 -0.0000 -0.0640
vn -0.9979 0.0000 -0.0640
vn -0.9979 0.0000 -0.0640
vn -0.9979 0.0000 -0.0640
vn -0.9979 -0.0000 -0.0640
vn -0.9979 0.0000 -0.0640
vn -0.9979 -0.0000 -0.0640
vn -0.9979 0.0000 -0.0640
vn -0.9979 -0.0000 -0.0640
vn -0.9979 0.0000 -0.0640
vn -0.9979 -0.0000 -0.0640
vn -0.9979 -0.0000 -0.0640
vn -0.9979 -0.0000 -0.0640
vn -0.9979 0.0000 -0.0640
vn -0.9979 0.0000 -0.0640
vn -0.9979 0.0000 -0.0640
vn -0.9979 -0.0000 -0.0640
vn -0.9979 -0.0000 -0.0640
vn -0.9979 -0.0000 -0.0640
vn -0.9979 -0.0000 -0.0640
vn -0.9979 0.0000 -0.0640
vn -0.9979 0.0000 -0.0640
vn -0.9979 -0.0000 -0.0640
vn -0.9979 -0.0000 -0.0640
vn -0.9979 0.0000 -0.0640
vn -0.9979 -0.0000 -0.0640
vn -0.9979 0.0000 -0.0640
vn -0.9979 -0.0000 -0.0640
vn -0.9979 0.0000 -0.0640
vn -0.9979 0.0000 -0.0640
vn -0.9979 0.0000 -0.0640
vn -0.9979 0.0000 -0.0640
vn -0.9979 0.0000 -0.0640
vn -0.9979 -0.0000 -0.0640
vn -0.9979 0.0000 -0.0640
vn -0.9979 -0.0000 -0.0640
vn -0.9979 0.0000 -0.0640
vn -0.9979 0.0000 -0.0640
vn -0.9979 -0.0000 -0.0640
vn -0.9979 -0.0000 -0.0640
vn -0.9979 -0.0000 -0.0640
vn -0.9979 -0.0000 -0.0640
vn -0.9979 -0.0000 -0.0640
vn -0.9979 0.0000 -0.0640
vn -0.9979 -0.0000 -0.0640
vn -0.9979 0.0000 -0.0640
vn -0.9979 -0.0000 -0.0640
vn -0.9979 0.0000 -0.0640
vn -0.9979 -0.0000 -0.0640
vn -0.9979 -0.0000 -0.0640
vn -0.9979 0.0000 -0.0640
vn -0.9979 0.0000 -0.0640
vn -0.9979 -0.0000 -0.0640
vn -0.9979 0.0000 -0.0640
vn -0.9979 0.0000 -0.0640
vn -0.9979 0.0000 -0.0640
vn -0.9979 -0.0000 -0.0640
vn -0.9979 0.0000 -0.0640
vn -0.9979 -0.0000 -0.0640
vn -0.9979 -0.0000 -0.0640
vn -0.9979 0.0000 -0.0640
vn -0.9979 -0.0000 -0.0640
vn -0.9979 -0.0000 -0.0640
vn -0.9979 -0.0000 -0.0640
vn 0.9979 0.0000 0.0640
vn 0.9979 -0.0000 0.0640
vn 0.9979 -0.0000 0.0640
vn 0.9979 0.0000 0.0640
vn 0.9979 0.0000 0.0640
vn 0.9979 -0.0000 0.0640
vn 0.9979 -0.0000 0.0640
vn 0.9979 -0.0000 0.0640
vn 0.9979 0.0000 0.0640
vn 0.9979 -0.0000 0.0640
vn 0.9979 0.0000 0.0640
vn 0.9979 -0.0000 0.0640
vn 0.9979 0.0000 0.0640
vn 0.9979 -0.0000 0.0640
vn 0.9979 -0.0000 0.0640
vn 0.9979 -0.0000 0.0640
vn 0.9979 -0.0000 0.0640
vn 0.9979 -0.0000 0.0640
vn 0.9979 -0.0000 0.0640
vn 0.9979 0.0000 0.0640
vn 0.9979 -0.0000 0.0640
vn 0.9979 0.0000 0.0640
vn 0.9979 0.0000 0.0640
vn 0.9979 -0.0000 0.0640
vn 0.9979 -0.0000 0.0640
vn 0.9979 -0.0000 0.0640
vn 0.9979 -0.0000 0.0640
vn 0.9979 0.0000 0.0640
vn 0.9979 -0.0000 0.0640
vn 0.9979 0.0000 0.0640
vn 0.9979 -0.0000 0.0640
vn 0.9979 -0.0000 0.0640
vn 0.9979 -0.0000 0.0640
vn 0.9979 -0.0000 0.0640
vn 0.9979 0.0000 0.0640
vn 0.9979 -0.0000 0.0640
vn 0.9979 0.0000 0.0640
vn 0.9979 0.0000 0.0640
vn 0.9979 0.0000 0.0640
vn 0.9979 -0.0000 0.0640
vn 0.9979 0.0000 0.0640
vn 0.9979 0.0000 0.0640
vn 0.9979 -0.0000 0.0640
vn 0.9979 -0.0000 0.0640
vn 0.9979 -0.0000 0.0640
vn 0.9979 -0.0000 0.0640
vn 0.9979 0.0000 0.0640
vn 0.9979 0.0000 0.0640
vn 0.9979 0.0000 0.0640
vn 0.9979 0.0000 0.0640
vn 0.9979 -0.0000 0.0640
vn 0.9979 0.0000 0.0640
vn 0.9979 0.0000 0.0640
vn 0.9979 0.0000 0.0640
vn 0.9979 -0.0000 0.0640
vn 0.9979 -0.0000 0.0640
vn 0.9979 -0.0000 0.0640
vn 0.9979 0.0000 0.0640
vn 0.9979 0.0000 0.0640
vn 0.9979 0.0000 0.0640
vn 0.9979 -0.0000 0.0640
vn 0.9979 -0.0000 0.0640
vn 0.9979 0.0000 0.0640
vn 0.9979 0.0000 0.0640
vn 0.9979 -0.0000 0.0640
vn 0.9979 -0.0000 0.0640
vn 0.9979 -0.0000 0.0640
vn 0.9979 -0.0000 0.0640
vn 0.9979 -0.0000 0.0640
vn 0.9979 -0.0000 0.0640
vn 0.9979 -0.0000 0.0640
vn 0.9979 0.0000 0.0640
vn 0.9979 -0.0000 0.0640
vn 0.9979 0.0000 0.0640
vn 0.9979 -0.0000 0.0640
vn 0.9979 -0.0000 0.0640
vn 0.9979 0.0000 0.0640
vn 0.9979 0.0000 0.0640
vn 0.9979 -0.0000 0.0640
vn 0.9979 0.0000 0.0640
vn 0.9979 -0.0000 0.0640
vn 0.9979 -0.0000 0.0640
vn 0.9979 -0.0000 0.0640
vn 0.9979 0.0000 0.0640
vn 0.9979 -0.0000 0.0640
vn 0.9979 0.0000 0.0640
vn 0.9979 -0.0000 0.0640
vn 0.9979 0.0000 0.0640
vn 0.9979 0.0000 0.0640
vn 0.9979 -0.0000 0.0640
vn 0.9979 -0.0000 0.0640
vn 0.9979 -0.0000 0.0640
vn 0.9979 0.0000 0.0640
vn 0.9979 -0.0000 0.0640
vn 0.9979 0.0000 0.0640
vn 0.9979 -0.0000 0.0640
vn 0.9979 0.0000 0.0640
vn 0.9979 -0.0000 0.0640
vn 0.9979 0.0000 0.0640
vn 0.9979 0.0000 0.0640
vn 0.9979 -0.0000 0.0640
vn 0.9979 0.0000 0.0640
vn 0.9979 -0.0000 0.0640
vn 0.9979 0.0000 0.0640
vn 0.9979 0.0000 0.0640
vn 0.9979 0.0000 0.0640
vn 0.9979 0.0000 0.0640
vn 0.9979 -0.0000 0.0640
vn 0.9979 -0.0000 0.0640
vn 0.9979 0.0000 0.0640
vn 0.9979 0.0000 0.0640
vn 0.9979 0.0000 0.0640
vn 0.9979 -0.0000 0.0640
vn 0.9979 0.0000 0.0640
vn 0.9979 0.0000 0.0640
vn 0.9979 0.0000 0.0640
vn 0.9979 0.0000 0.0640
vn 0.9979 0.0000 0.0640
vn 0.9979 0.0000 0.0640
vn 0.9979 0.0000 0.0640
vn 0.9979 0.0000 0.0640
vn 0.9979 -0.0000 0.0640
vn 0.9979 -0.0000 0.0640
vn 0.9979 -0.0000 0.0640
vn 0.9979 -0.0000 0.0640
vn 0.9979 0.0000 0.0640
vn 0.9979 -0.0000 0.0640
vn 0.9979 0.0000 0.0640
vn 0.9979 0.0000 0.0640
vn 0.9979 0.0000 0.0640
vn 0.9979 0.0000 0.0640
vn 0.9979 0.0000 0.0640
vn 0.9979 0.0000 0.0640
vn 0.9979 -0.0000 0.0640
vn 0.9979 -0.0000 0.0640
vn 0.9979 -0.0000 0.0640
vn 0.9979 0.0000 0.0640
vn 0.9979 -0.0000 0.0640
vn 0.9979 0.0000 0.0640
vn 0.9979 -0.0000 0.0640
vn 0.9979 0.0000 0.0640
vn 0.9979 -0.0000 0.0640
vn 0.9979 0.0000 0.0640
vn 0.9979 -0.0000 0.0640
vn 0.9979 -0.0000 0.0640
vn 0.9979 -0.0000 0.0640
vn 0.9979 -0.0000 0.0640
vn 0.9979 0.0000 0.0640
vn 0.9979 0.0000 0.0640
vn 0.9979 0.0000 0.0640
vn 0.9979 0.0000 0.0640
vn 0.9979 0.0000 0.0640
vn 0.9979 -0.0000 0.0640
vn 0.9979 0.0000 0.0640
vn 0.9979 0.0000 0.0640
vn 0.9979 0.0000 0.0640
vn 0.9979 -0.0000 0.0640
vn 0.9979 0.0000 0.0640
vn 0.9979 -0.0000 0.0640
vn 0.9979 0.0000 0.0640
vn 0.9979 0.0000 0.0640
vn 0.9979 0.0000 0.0640
vn 0.9979 -0.0000 0.0640
vn 0.9979 -0.0000 0.0640
vn 0.9979 0.0000 0.0640
vn 0.9979 0.0000 0.0640
vn 0.9979 0.0000 0.0640
vn 0.9979 0.0000 0.0640
vn 0.9979 0.0000 0.0640
vn 0.9979 -0.0000 0.0640
vn 0.9979 0.0000 0.0640
vn 0.9979 -0.0000 0.0640
vn 0.9979 0.0000 0.0640
vn 0.9979 0.0000 0.0640
vn 0.9979 -0.0000 0.0640
vn 0.9979 0.0000 0.0640
vn 0.9979 0.0000 0.0640
vn 0.9979 -0.0000 0.0640
vn 0.9979 -0.0000 0.0640
vn 0.9979 -0.0000 0.0640
vn 0.9979 0.0000 0.0640
vn 0.9979 0.0000 0.0640
vn 0.9979 -0.0000 0.0640
vn 0.9979 -0.0000 0.0640
vn 0.9979 -0.0000 0.0640
vn 0.9979 -0.0000 0.0640
vn 0.9979 0.0000 0.0640
vn 0.9979 0.0000 0.0640
vn 0.9979 0.0000 0.0640
vn 0.9979 -0.0000 0.0640
vn 0.9979 0.0000 0.0640
vn 0.9979 0.0000 0.0640
vn 0.9979 -0.0000 0.0640
vn 0.9979 -0.0000 0.0640
vn 0.9979 -0.0000 0.0640
vn 0.9979 -0.0000 0.0640
vn 0.9979 -0.0000 0.0640
vn 0.9979 -0.0000 0.0640
vn 0.9979 0.0000 0.0640
vn 0.9979 -0.0000 0.0640
vn 0.9979 0.0000 0.0640
vn 0.9979 -0.0000 0.0640
vn 0.9979 -0.0000 0.0640
vn 0.9979 0.0000 0.0640
vn 0.9979 0.0000 0.0640
vn 0.9979 0.0000 0.0640
vn 0.9979 -0.0000 0.0640
vn 0.9979 0.0000 0.0640
vn 0.9979 0.0000 0.0640
vn 0.9979 -0.0000 0.0640
vn 0.9979 0.0000 0.0640
vn 0.9979 -0.0000 0.0640
vn 0.9979 -0.0000 0.0640
vn 0.9979 -0.0000 0.0640
vn 0.9979 0.0000 0.0640
vn 0.9979 -0.0000 0.0640
vn 0.9979 0.0000 0.0640
vn 0.9979 0.0000 0.0640
vn 0.9979 0.0000 0.0640
vn 0.9979 0.0000 0.0640
vn 0.9979 0.0000 0.0640
vn 0.9979 0.0000 0.0640
vn 0.9979 -0.0000 0.0640
vn 0.9979 0.0000 0.0640
vn 0.9979 -0.0000 0.0640
vn 0.9979 0.0000 0.0640
vn 0.9979 -0.0000 0.0640
vn 0.9979 0.0000 0.0640
vn 0.9979 -0.0000 0.0640
vn 0.9979 0.0000 0.0640
vn 0.9979 -0.0000 0.0640
vn 0.9979 0.0000 0.0640
vn 0.9979 -0.0000 0.0640
vn 0.9979 -0.0000 0.0640
vn 0.9979 0.0000 0.0640
vn 0.9979 -0.0000 0.0640
vn 0.9979 -0.0000 0.0640
vn 0.9979 -0.0000 0.0640
vn 0.9979 -0.0000 0.0640
vn 0.9979 0.0000 0.0640
vn 0.9979 -0.0000 0.0640
vn 0.9979 -0.0000 0.0640
vn 0.9979 -0.0000 0.0640
vn 0.9979 0.0000 0.0640
vn 0.9979 0.0000 0.0640
vn 0.9979 0.0000 0.0640
vn 0.9979 0.0000 0.0640
vn 0.9979 0.0000 0.0640
vn 0.9979 0.0000 0.0640
vn 0.9979 0.0000 0.0640
vn 0.9979 -0.0000 0.0640
vn 0.9979 0.0000 0.0640
vn 0.9979 0.0000 0.0640
vn 0.9979 -0.0000 0.0640
vn 0.9979 0.0000 0.0640
vn 0.9979 -0.0000 0.0640
vn 0.9979 0.0000 0.0640
vn 0.9979 0.0000 0.0640
vn 0.9979 -0.0000 0.0640
vn 0.9979 -0.0000 0.0640
vn 0.9979 -0.0000 0.0640
vn 0.9979 0.0000 0.0640
vn 0.9979 0.0000 0.0640
vn 0.9979 0.0000 0.0640
vn 0.9979 -0.0000 0.0640
vn 0.9979 -0.0000 0.0640
vn 0.9979 0.0000 0.0640
vn 0.9979 0.0000 0.0640
vn 0.9979 -0.0000 0.0640
vn 0.9979 0.0000 0.0640
vn 0.9979 0.0000 0.0640
vn 0.9979 0.0000 0.0640
vn 0.9979 -0.0000 0.0640
vn 0.9979 0.0000 0.0640
vn 0.9979 0.0000 0.0640
vn 0.9979 -0.0000 0.0640
vn 0.9979 -0.0000 0.0640
vn 0.9979 -0.0000 0.0640
vn 0.9979 -0.0000 0.0640
vn 0.9979 -0.0000 0.0640
vn 0.9979 -0.0000 0.0640
vn 0.9979 0.0000 0.0640
vn 0.9979 -0.0000 0.0640
vn 0.9979 -0.0000 0.0640
vn 0.9979 -0.0000 0.0640
vn 0.9979 -0.0000 0.0640
vn 0.9979 -0.0000 0.0640
vn 0.9979 -0.0000 0.0640
vn 0.9979 0.0000 0.0640
vn 0.9979 0.0000 0.0640
vn 0.9979 -0.0000 0.0640
vn 0.9979 -0.0000 0.0640
vn 0.9979 0.0000 0.0640
vn 0.9979 0.0000 0.0640
vn 0.9979 -0.0000 0.0640
vn 0.9979 0.0000 0.0640
vn 0.9979 0.0000 0.0640
vn 0.9979 0.0000 0.0640
vn 0.9979 -0.0000 0.0640
vn 0.9979 0.0000 0.0640
vn 0.9979 -0.0000 0.0640
vn 0.9979 -0.0000 0.0640
vn 0.9979 -0.0000 0.0640
vn 0.9979 0.0000 0.0640
vn 0.9979 -0.0000 0.0640
vn 0.9979 -0.0000 0.0640
vn 0.9979 0.0000 0.0640
vn 0.9979 0.0000 0.0640
vn 0.9979 -0.0000 0.0640
vn 0.9979 -0.0000 0.0640
vn 0.9979 0.0000 0.0640
vn 0.9979 0.0000 0.0640
vn 0.9979 0.0000 0.0640
vn 0.9979 0.0000 0.0640
vn 0.9979 -0.0000 0.0640
vn 0.9979 0.0000 0.0640
vn 0.9979 -0.0000 0.0640
vn 0.9979 0.0000 0.0640
vn 0.9979 0.0000 0.0640
vn 0.9979 0.0000 0.0640
vn 0.9979 -0.0000 0.0640
vn 0.9979 -0.0000 0.0640
vn 0.9979 -0.0000 0.0640
vn 0.9979 0.0000 0.0640
vn 0.9979 0.0000 0.0640
vn 0.9979 0.0000 0.0640
vn 0.9979 0.0000 0.0640
vn 0.9979 0.0000 0.0640
vn 0.9979 -0.0000 0.0640
vn 0.9979 0.0000 0.0640
vn 0.9979 0.0000 0.0640
vn 0.9979 -0.0000 0.0640
vn 0.9979 0.0000 0.0640
vn 0.9979 -0.0000 0.0640
vn 0.9979 0.0000 0.0640
vn 0.9979 0.0000 0.0640
vn 0.9979 -0.0000 0.0640
vn 0.9979 -0.0000 0.0640
vn 0.9979 -0.0000 0.0640
vn 0.9979 -0.0000 0.0640
vn 0.9979 0.0000 0.0640
vn 0.9979 -0.0000 0.0640
vn 0.9979 0.0000 0.0640
vn 0.9979 0.0000 0.0640
vn 0.9979 -0.0000 0.0640
vn 0.9979 0.0000 0.0640
vn 0.9979 0.0000 0.0640
vn 0.9979 0.0000 0.0640
vn 0.9979 0.0000 0.0640
vn 0.9979 0.0000 0.0640
vn 0.9979 0.0000 0.0640
vn 0.9979 0.0000 0.0640
vn 0.9979 -0.0000 0.0640
vn 0.9979 0.0000 0.0640
vn 0.9979 -0.0000 0.0640
vn 0.9979 0.0000 0.0640
vn 0.9979 0.0000 0.0640
vn 0.9979 -0.0000 0.0640
vn 0.9979 -0.0000 0.0640
vn 0.9979 0.0000 0.0640
vn 0.9979 -0.0000 0.0640
vn 0.9979 0.0000 0.0640
vn 0.9979 -0.0000 0.0640
vn 0.9979 0.0000 0.0640
vn 0.9979 0.0000 0.0640
vn 0.9979 0.0000 0.0640
vn 0.9979 0.0000 0.0640
vn 0.9979 -0.0000 0.0640
vn 0.9979 0.0000 0.0640
vn 0.9979 0.0000 0.0640
vn 0.9979 0.0000 0.0640
vn 0.0000 1.0000 0.0000
vn 0.0000 1.0000 0.0000
vn 0.0000 0.9487 -0.3162
vn 0.0000 0.9487 -0.3162
vn 0.0000 0.8575 -0.5145
vn 0.0000 0.8575 -0.5145
vn 0.0000 0.1871 0.9823
vn 0.0000 0.1871 0.9823
vn 0.0000 0.4903 0.8716
vn 0.0000 0.4903 0.8716
vn 0.0000 0.7372 0.6757
vn 0.0000 0.7372 0.6757
vn 0.0000 0.9671 0.2545
vn 0.0000 0.9671 0.2545
vn 0.0000 0.8575 -0.5145
vn 0.0000 0.8575 -0.5145
vn 0.0000 -0.7071 -0.7071
vn -0.0000 -0.7071 -0.7071
vn 0.0000 0.1961 -0.9806
vn 0.0000 0.1961 -0.9806
vn 0.0000 0.9487 0.3162
vn 0.0000 0.9487 0.3162
vn 0.0000 1.0000 0.0000
vn 0.0000 1.0000 0.0000
vn 0.0000 0.9231 -0.3846
vn 0.0000 0.9231 -0.3846
vn 0.0000 -0.9119 -0.4104
vn -0.0000 -0.9119 -0.4104
vn 0.0000 -0.6402 -0.7682
vn -0.0000 -0.6402 -0.7682
vn 0.0000 0.5547 -0.8321
vn 0.0000 0.5547 -0.8321
vn 0.0000 0.9908 0.1351
vn 0.0000 0.9908 0.1351
vn 0.0000 0.9884 -0.1521
vn 0.0000 0.9884 -0.1521
vn 0.0000 0.8204 -0.5718
vn 0.0000 0.8204 -0.5718
vn 0.0000 0.8192 0.5735
vn 0.0000 0.8192 0.5735
vn 0.0000 0.7682 -0.6402
vn 0.0000 0.7682 -0.6402
vn 0.0000 1.0000 0.0000
vn 0.0000 1.0000 0.0000
vn 0.0000 0.5812 0.8137
vn 0.0000 0.5812 0.8137
vn 0.0000 0.9923 0.1240
vn 0.0000 0.9923 0.1240
vn 0.0000 0.7682 -0.6402
vn 0.0000 0.7682 -0.6402
vn 0.0000 0.5547 -0.8321
vn 0.0000 0.5547 -0.8321
vn 0.0000 0.8412 0.5408
vn 0.0000 0.8412 0.5408
vn 0.0000 0.7809 -0.6247
vn 0.0000 0.7809 -0.6247
vn 0.0000 0.2676 -0.9635
vn 0.0000 0.2676 -0.9635
vn 0.0000 0.7071 -0.7071
vn 0.0000 0.7071 -0.7071
vn 0.0000 0.7682 0.6402
vn 0.0000 0.7682 0.6402
vn 0.0000 0.6000 0.8000
vn 0.0000 0.6000 0.8000
vn 0.0000 -0.8384 0.5450
vn 0.0000 -0.8384 0.5450
vn 0.0000 0.0526 0.9986
vn 0.0000 0.0526 0.9986
vn 0.0000 0.2941 0.9558
vn 0.0000 0.2941 0.9558
vn 0.0000 0.7071 0.7071
vn 0.0000 0.7071 0.7071
vn 0.0000 0.9943 -0.1065
vn 0.0000 0.9943 -0.1065
vn 0.0000 0.7809 -0.6247
vn 0.0000 0.7809 -0.6247
vn 0.0000 0.0526 -0.9986
vn 0.0000 0.0526 -0.9986
vn 0.0000 -0.2425 -0.9701
vn -0.0000 -0.2425 -0.9701
vn 0.0000 -0.9048 -0.4258
vn -0.0000 -0.9048 -0.4258
vn 0.0000 0.0830 -0.9965
vn 0.0000 0.0830 -0.9965
vn 0.0000 0.3807 -0.9247
vn 0.0000 0.3807 -0.9247
vn 0.0000 1.0000 0.0000
vn 0.0000 1.0000 0.0000
vn 0.0000 0.6402 -0.7682
vn 0.0000 0.6402 -0.7682
vn 0.0000 0.9962 -0.0866
vn 0.0000 0.9962 -0.0866
vn 0.0000 0.5145 0.8575
vn 0.0000 0.5145 0.8575
vn 0.0000 0.9864 -0.1644
vn 0.0000 0.9864 -0.1644
vn 0.0000 0.2095 0.9778
vn 0.0000 0.2095 0.9778
vn 0.0000 0.9615 -0.2747
vn 0.0000 0.9615 -0.2747
vn 0.0000 0.5145 0.8575
vn 0.0000 0.5145 0.8575
vn 0.0000 0.8742 -0.4856
vn 0.0000 0.8742 -0.4856
vn 0.0000 0.6690 0.7433
vn 0.0000 0.6690 0.7433
vn 0.0000 0.8944 -0.4472
vn 0.0000 0.8944 -0.4472
vn 0.0000 0.6247 0.7809
vn 0.0000 0.6247 0.7809
vn 0.0000 0.8321 0.5547
vn 0.0000 0.8321 0.5547
vn 0.0000 0.9138 -0.4061
vn 0.0000 0.9138 -0.4061
vn 0.0000 0.8321 0.5547
vn 0.0000 0.8321 0.5547
vn 0.0000 0.8137 -0.5812
vn 0.0000 0.8137 -0.5812
vn 0.0000 0.7926 0.6097
vn 0.0000 0.7926 0.6097
vn 0.0000 0.8944 -0.4472
vn 0.0000 0.8944 -0.4472
vn 0.0000 0.9363 0.3511
vn 0.0000 0.9363 0.3511
vn 0.0000 -0.1104 -0.9939
vn -0.0000 -0.1104 -0.9939
vn 0.0000 0.5812 -0.8137
vn 0.0000 0.5812 -0.8137
vn 0.0000 -0.3162 -0.9487
vn -0.0000 -0.3162 -0.9487
vn 0.0000 0.9615 -0.2747
vn 0.0000 0.9615 -0.2747
vn 0.0000 -0.2631 -0.9648
vn -0.0000 -0.2631 -0.9648
vn 0.0000 0.9701 -0.2425
vn 0.0000 0.9701 -0.2425
vn 0.0000 -0.2577 -0.9662
vn -0.0000 -0.2577 -0.9662
vn 0.0000 0.8944 -0.4472
vn 0.0000 0.8944 -0.4472
vn 0.0000 -0.2873 -0.9578
vn -0.0000 -0.2873 -0.9578
vn 0.0000 0.8192 -0.5735
vn 0.0000 0.8192 -0.5735
vn -0.0000 -0.0000 -1.0000
vn -0.0000 -0.0000 -1.0000
vn 0.0000 -0.5812 -0.8137
vn -0.0000 -0.5812 -0.8137
vn 0.0000 0.8944 -0.4472
vn 0.0000 0.8944 -0.4472
vn 0.0000 0.6690 0.7433
vn 0.0000 0.6690 0.7433
vn 0.0000 0.7863 -0.6178
vn 0.0000 0.7863 -0.6178
vn 0.0000 -0.4856 -0.8742
vn -0.0000 -0.4856 -0.8742
vn 0.0000 -0.2822 -0.9594
vn -0.0000 -0.2822 -0.9594
vn 0.0000 -0.8137 -0.5812
vn -0.0000 -0.8137 -0.5812
vn -0.0000 -0.0000 -1.0000
vn -0.0000 -0.0000 -1.0000
vn 0.0000 0.8575 -0.5145
vn 0.0000 0.8575 -0.5145
vn 0.0000 0.9701 0.2425
vn 0.0000 0.9701 0.2425
vn 0.0000 0.9029 -0.4299
vn 0.0000 0.9029 -0.4299
vn 0.0000 -0.7071 -0.7071
vn -0.0000 -0.7071 -0.7071
vn 0.0000 -0.2425 -0.9701
vn -0.0000 -0.2425 -0.9701
vn 0.0000 -0.8944 -0.4472
vn -0.0000 -0.8944 -0.4472
vn 0.0000 -0.5812 -0.8137
vn -0.0000 -0.5812 -0.8137
vn 0.0000 -0.9965 -0.0830
vn -0.0000 -0.9965 -0.0830
vn 0.0000 -0.6402 -0.7682
vn -0.0000 -0.6402 -0.7682
vn 0.0000 0.4472 -0.8944
vn 0.0000 0.4472 -0.8944
vn 0.0000 0.8805 -0.4741
vn 0.0000 0.8805 -0.4741
vn 0.0000 0.7372 -0.6757
vn 0.0000 0.7372 -0.6757
vn 0.0000 0.5241 -0.8517
vn 0.0000 0.5241 -0.8517
vn 0.0000 0.2747 -0.9615
vn 0.0000 0.2747 -0.9615
vn -0.0000 -0.0000 -1.0000
vn -0.0000 -0.0000 -1.0000
vn 0.0000 -0.2425 -0.9701
vn -0.0000 -0.2425 -0.9701
vn 0.0000 -0.4856 -0.8742
vn -0.0000 -0.4856 -0.8742
vn 0.0000 -0.7295 -0.6839
vn -0.0000 -0.7295 -0.6839
vn 0.0000 0.0712 -0.9975
vn 0.0000 0.0712 -0.9975
vn 0.0000 0.7071 -0.7071
vn 0.0000 0.7071 -0.7071
vn 0.0000 -0.8858 -0.4640
vn -0.0000 -0.8858 -0.4640
vn 0.0000 -0.7557 -0.6549
vn -0.0000 -0.7557 -0.6549
vn 0.0000 -0.6000 -0.8000
vn -0.0000 -0.6000 -0.8000
vn 0.0000 -0.4061 -0.9138
vn -0.0000 -0.4061 -0.9138
vn 0.0000 -0.9806 0.1961
vn 0.0000 -0.9806 0.1961
vn 0.0000 -0.9231 -0.3846
vn -0.0000 -0.9231 -0.3846
vn 0.0000 -0.7071 -0.7071
vn -0.0000 -0.7071 -0.7071
vn 0.0000 -0.8575 -0.5145
vn -0.0000 -0.8575 -0.5145
vn 0.0000 -0.9671 -0.2545
vn -0.0000 -0.9671 -0.2545
vn 0.0000 -0.8762 -0.4819
vn -0.0000 -0.8762 -0.4819
vn 0.0000 -0.9899 -0.1414
vn -0.0000 -0.9899 -0.1414
vn -0.0000 -1.0000 0.0000
vn 0.0000 -1.0000 0.0000
vn 0.0000 -0.9762 0.2169
vn 0.0000 -0.9762 0.2169
vn 0.0000 -0.7071 0.7071
vn 0.0000 -0.7071 0.7071
vn 0.0000 -0.9908 0.1351
vn 0.0000 -0.9908 0.1351
vn 0.0000 -0.9285 0.3714
vn 0.0000 -0.9285 0.3714
vn 0.0000 -0.6402 0.7682
vn 0.0000 -0.6402 0.7682
vn 0.0000 -0.8192 0.5735
vn 0.0000 -0.8192 0.5735
vn 0.0000 -0.9991 -0.0416
vn -0.0000 -0.9991 -0.0416
vn 0.0000 -0.8742 -0.4856
vn -0.0000 -0.8742 -0.4856
vn 0.0000 -0.8944 0.4472
vn 0.0000 -0.8944 0.4472
vn 0.0000 -0.7234 0.6905
vn 0.0000 -0.7234 0.6905
vn 0.0000 -0.9363 0.3511
vn 0.0000 -0.9363 0.3511
vn 0.0000 -0.6644 0.7474
vn 0.0000 -0.6644 0.7474
vn 0.0000 -0.9671 -0.2545
vn -0.0000 -0.9671 -0.2545
vn -0.0000 -1.0000 0.0000
vn 0.0000 -1.0000 0.0000
vn 0.0000 -0.9231 0.3846
vn 0.0000 -0.9231 0.3846
vn 0.0000 -0.6616 0.7498
vn 0.0000 -0.6616 0.7498
vn 0.0000 -0.0000 1.0000
vn 0.0000 -0.0000 1.0000
vn 0.0000 -0.4472 0.8944
vn 0.0000 -0.4472 0.8944
vn 0.0000 0.1240 0.9923
vn 0.0000 0.1240 0.9923
vn 0.0000 -0.4472 0.8944
vn 0.0000 -0.4472 0.8944
vn 0.0000 0.6402 0.7682
vn 0.0000 0.6402 0.7682
vn 0.0000 0.2631 0.9648
vn 0.0000 0.2631 0.9648
vn 0.0000 -0.9021 0.4315
vn 0.0000 -0.9021 0.4315
vn 0.0000 -0.7071 0.7071
vn 0.0000 -0.7071 0.7071
vn 0.0000 -0.4856 0.8742
vn 0.0000 -0.4856 0.8742
vn 0.0000 -0.1168 0.9932
vn 0.0000 -0.1168 0.9932
vn 0.0000 0.3032 0.9529
vn 0.0000 0.3032 0.9529
vn 0.0000 0.6508 0.7593
vn 0.0000 0.6508 0.7593
vn 0.0000 0.8944 0.4472
vn 0.0000 0.8944 0.4472
vn 0.0000 0.9852 0.1713
vn 0.0000 0.9852 0.1713
vn 0.0000 -0.2425 0.9701
vn 0.0000 -0.2425 0.9701
vn 0.0000 -0.0000 1.0000
vn 0.0000 -0.0000 1.0000
vn 0.0000 -0.7071 0.7071
vn 0.0000 -0.7071 0.7071
vn 0.0000 -0.4008 -0.9162
vn -0.0000 -0.4008 -0.9162
vn 0.0000 0.1738 -0.9848
vn 0.0000 0.1738 -0.9848
vn 0.0000 -0.6690 0.7433
vn 0.0000 -0.6690 0.7433
vn 0.0000 -0.2941 0.9558
vn 0.0000 -0.2941 0.9558
vn 0.0000 -0.9487 0.3162
vn 0.0000 -0.9487 0.3162
vn 0.0000 -0.6306 -0.7761
vn -0.0000 -0.6306 -0.7761
vn 0.0000 -0.4472 -0.8944
vn -0.0000 -0.4472 -0.8944
vn 0.0000 -0.0948 0.9955
vn 0.0000 -0.0948 0.9955
vn 0.0000 0.4008 0.9162
vn 0.0000 0.4008 0.9162
vn 0.0000 -0.8944 0.4472
vn 0.0000 -0.8944 0.4472
vn 0.0000 -0.8682 -0.4961
vn -0.0000 -0.8682 -0.4961
vn 0.0000 0.3511 0.9363
vn 0.0000 0.3511 0.9363
vn 0.0000 0.6644 0.7474
vn 0.0000 0.6644 0.7474
vn 0.0000 0.9138 0.4061
vn 0.0000 0.9138 0.4061
vn 0.0000 -0.0526 0.9986
vn 0.0000 -0.0526 0.9986
vn 0.0000 0.6690 0.7433
vn 0.0000 0.6690 0.7433
vn 0.0000 0.9923 -0.1240
vn 0.0000 0.9923 -0.1240
vn 0.0000 0.9487 0.3162
vn 0.0000 0.9487 0.3162
vn 0.0000 -0.4472 -0.8944
vn -0.0000 -0.4472 -0.8944
vn 0.0000 0.9806 -0.1961
vn 0.0000 0.9806 -0.1961
vn 0.0000 0.8321 0.5547
vn 0.0000 0.8321 0.5547
vn 0.0000 -0.1065 0.9943
vn 0.0000 -0.1065 0.9943
vn 0.0000 0.3511 0.9363
vn 0.0000 0.3511 0.9363
vn 0.0000 -0.8321 0.5547
vn 0.0000 -0.8321 0.5547
vn 0.0000 -0.7198 -0.6941
vn -0.0000 -0.7198 -0.6941
vn 0.0000 -0.9191 -0.3939
vn -0.0000 -0.9191 -0.3939
vn 0.0000 -0.4722 -0.8815
vn -0.0000 -0.4722 -0.8815
vn 0.0000 -0.8944 0.4472
vn 0.0000 -0.8944 0.4472
vn 0.0000 -0.0370 0.9993
vn 0.0000 -0.0370 0.9993
vn 0.0000 0.2964 0.9551
vn 0.0000 0.2964 0.9551
vn 0.0000 0.6508 0.7593
vn 0.0000 0.6508 0.7593
vn 0.0000 0.8575 0.5145
vn 0.0000 0.8575 0.5145
vn 0.0000 0.4472 0.8944
vn 0.0000 0.4472 0.8944
vn 0.0000 -0.9806 0.1961
vn 0.0000 -0.9806 0.1961
vn 0.0000 -0.9648 -0.2631
vn -0.0000 -0.9648 -0.2631
vn 0.0000 0.7071 0.7071
vn 0.0000 0.7071 0.7071
vn 0.0000 0.9138 0.4061
vn 0.0000 0.9138 0.4061
vn 0.0000 0.9852 0.1713
vn 0.0000 0.9852 0.1713
vn 0.0000 -0.7071 0.7071
vn 0.0000 -0.7071 0.7071
vn 0.0000 0.9545 0.2983
vn 0.0000 0.9545 0.2983
vn 0.0000 -0.9701 0.2425
vn 0.0000 -0.9701 0.2425
vn 0.0000 -0.8575 -0.5145
vn -0.0000 -0.8575 -0.5145
vn 0.0000 -0.0408 -0.9992
vn -0.0000 -0.0408 -0.9992
vn 0.0000 0.6139 -0.7894
vn 0.0000 0.6139 -0.7894
vn 0.0000 0.0322 -0.9995
vn 0.0000 0.0322 -0.9995
vn 0.0000 0.8137 -0.5812
vn 0.0000 0.8137 -0.5812
vn 0.0000 0.9734 -0.2290
vn 0.0000 0.9734 -0.2290
vn 0.0000 0.7071 -0.7071
vn 0.0000 0.7071 -0.7071
vn 0.0000 0.4472 -0.8944
vn 0.0000 0.4472 -0.8944
vn 0.0000 0.9285 -0.3714
vn 0.0000 0.9285 -0.3714
vn 0.0000 0.7809 0.6247
vn 0.0000 0.7809 0.6247
vn 0.0000 -0.5692 0.8222
vn 0.0000 -0.5692 0.8222
vn 0.0000 0.7894 0.6139
vn 0.0000 0.7894 0.6139
vn 0.0000 0.4856 0.8742
vn 0.0000 0.4856 0.8742
vn 0.0000 0.2425 0.9701
vn 0.0000 0.2425 0.9701
vn 0.0000 -0.0000 1.0000
vn 0.0000 -0.0000 1.0000
vn 0.0000 -0.2983 0.9545
vn 0.0000 -0.2983 0.9545
vn 0.0000 -0.6306 0.7761
vn 0.0000 -0.6306 0.7761
vn 0.0000 -0.9029 0.4299
vn 0.0000 -0.9029 0.4299
vn 0.0000 -0.9615 -0.2747
vn -0.0000 -0.9615 -0.2747
vn 0.0000 -0.9962 0.0866
vn 0.0000 -0.9962 0.0866
vn 0.0000 -0.7809 -0.6247
vn -0.0000 -0.7809 -0.6247
vn 0.0000 -0.3417 -0.9398
vn -0.0000 -0.3417 -0.9398
vn 0.0000 -0.7071 -0.7071
vn -0.0000 -0.7071 -0.7071
vn 0.0000 -0.1240 -0.9923
vn -0.0000 -0.1240 -0.9923
vn 0.0000 -0.5812 -0.8137
vn -0.0000 -0.5812 -0.8137
vn 0.0000 0.4472 -0.8944
vn 0.0000 0.4472 -0.8944
vn 0.0000 0.9839 -0.1789
vn 0.0000 0.9839 -0.1789
vn 0.0000 0.7809 0.6247
vn 0.0000 0.7809 0.6247
vn 0.0000 0.5633 0.8262
vn 0.0000 0.5633 0.8262
vn 0.0000 -0.9971 -0.0767
vn -0.0000 -0.9971 -0.0767
vn 0.0000 -0.4104 0.9119
vn 0.0000 -0.4104 0.9119
vn 0.0000 -0.7526 -0.6585
vn -0.0000 -0.7526 -0.6585
vn 0.0000 -0.4961 -0.8682
vn -0.0000 -0.4961 -0.8682
vn 0.0000 -0.1414 -0.9899
vn -0.0000 -0.1414 -0.9899
vn 0.0000 -0.7071 -0.7071
vn -0.0000 -0.7071 -0.7071
vn 0.0000 -0.9950 0.0995
vn 0.0000 -0.9950 0.0995
vn 0.0000 -0.8321 -0.5547
vn -0.0000 -0.8321 -0.5547
vn 0.0000 -0.9806 -0.1961
vn -0.0000 -0.9806 -0.1961
vn 0.0000 -0.8137 -0.5812
vn -0.0000 -0.8137 -0.5812
vn 0.0000 -0.5812 -0.8137
vn -0.0000 -0.5812 -0.8137
vn 0.0000 -0.2169 -0.9762
vn -0.0000 -0.2169 -0.9762
vn 0.0000 0.6946 -0.7194
vn 0.0000 0.6946 -0.7194
vn 0.0000 0.0200 -0.9998
vn 0.0000 0.0200 -0.9998
vn 0.0000 0.7071 -0.7071
vn 0.0000 0.7071 -0.7071
vn 0.0000 0.9701 0.2425
vn 0.0000 0.9701 0.2425
vn 0.0000 0.7071 -0.7071
vn 0.0000 0.7071 -0.7071
vn 0.0000 0.2249 -0.9744
vn 0.0000 0.2249 -0.9744
vn 0.0000 0.5855 -0.8107
vn 0.0000 0.5855 -0.8107
vn 0.0000 0.8849 -0.4657
vn 0.0000 0.8849 -0.4657
vn 0.0000 0.9889 -0.1483
vn 0.0000 0.9889 -0.1483
vn 0.0000 0.9806 0.1961
vn 0.0000 0.9806 0.1961
vn 0.0000 0.8321 0.5547
vn 0.0000 0.8321 0.5547
vn 0.0000 0.6000 0.8000
vn 0.0000 0.6000 0.8000
vn 0.0000 -0.1104 0.9939
vn 0.0000 -0.1104 0.9939
vn 0.0000 0.4856 0.8742
vn 0.0000 0.4856 0.8742
vn 0.0000 -0.0000 1.0000
vn 0.0000 -0.0000 1.0000
vn 0.0000 0.7071 0.7071
vn 0.0000 0.7071 0.7071
vn 0.0000 0.9487 -0.3162
vn 0.0000 0.9487 -0.3162
vn 0.0000 0.7071 -0.7071
vn 0.0000 0.7071 -0.7071
vn 0.0000 0.9285 -0.3714
vn 0.0000 0.9285 -0.3714
vn 0.0000 0.7071 0.7071
vn 0.0000 0.7071 0.7071
vn 0.0000 0.2631 0.9648
vn 0.0000 0.2631 0.9648
vn 0.0000 0.7372 0.6757
vn 0.0000 0.7372 0.6757
vn 0.0000 0.9871 -0.1601
vn 0.0000 0.9871 -0.1601
vn 0.0000 0.7071 0.7071
vn 0.0000 0.7071 0.7071
vn 0.0000 0.0487 0.9988
vn 0.0000 0.0487 0.9988
vn 0.0000 0.6247 0.7809
vn 0.0000 0.6247 0.7809
vn 0.0000 -0.1521 0.9884
vn 0.0000 -0.1521 0.9884
vn 0.0000 0.1644 0.9864
vn 0.0000 0.1644 0.9864
vn 0.0000 -0.6585 0.7526
vn 0.0000 -0.6585 0.7526
vn 0.0000 0.6114 0.7913
vn 0.0000 0.6114 0.7913
vn 0.0000 -0.0000 1.0000
vn 0.0000 -0.0000 1.0000
vn 0.0000 -0.5944 0.8042
vn 0.0000 -0.5944 0.8042
vn 0.0000 -0.9345 0.3560
vn 0.0000 -0.9345 0.3560
vn 0.0000 -0.7071 0.7071
vn 0.0000 -0.7071 0.7071
vn 0.0000 -0.0000 1.0000
vn 0.0000 -0.0000 1.0000
vn 0.0000 -0.3363 0.9417
vn 0.0000 -0.3363 0.9417
vn 0.0000 -0.7682 0.6402
vn 0.0000 -0.7682 0.6402
vn 0.0000 -0.9648 -0.2631
vn -0.0000 -0.9648 -0.2631
vn 0.0000 -0.9104 0.4138
vn 0.0000 -0.9104 0.4138
vn 0.0000 -0.8858 -0.4640
vn -0.0000 -0.8858 -0.4640
vn -0.0000 -1.0000 0.0000
vn 0.0000 -1.0000 0.0000
vn 0.0000 -0.7226 0.6912
vn 0.0000 -0.7226 0.6912
vn 0.0000 -0.9529 -0.3032
vn -0.0000 -0.9529 -0.3032
vn 0.0000 -0.9680 0.2510
vn 0.0000 -0.9680 0.2510
vn 0.0000 -0.2510 -0.9680
vn -0.0000 -0.2510 -0.9680
vn 0.0000 0.4472 -0.8944
vn 0.0000 0.4472 -0.8944
vn 0.0000 0.8064 -0.5914
vn 0.0000 0.8064 -0.5914
vn 0.0000 0.9676 -0.2524
vn 0.0000 0.9676 -0.2524
vn 0.0000 0.9945 0.1047
vn 0.0000 0.9945 0.1047
vn 0.0000 0.8944 0.4472
vn 0.0000 0.8944 0.4472
vn 0.0000 0.6178 0.7863
vn 0.0000 0.6178 0.7863
vn 0.0000 0.1843 0.9829
vn 0.0000 0.1843 0.9829
vn 0.0000 -0.9864 0.1644
vn 0.0000 -0.9864 0.1644
vn 0.0000 -0.8638 0.5039
vn 0.0000 -0.8638 0.5039
vn -0.0000 -1.0000 0.0000
vn 0.0000 -1.0000 0.0000
vn 0.0000 -0.6357 0.7719
vn 0.0000 -0.6357 0.7719
vn 0.0000 -0.0000 1.0000
vn 0.0000 -0.0000 1.0000
vn 0.0000 -0.6757 -0.7372
vn -0.0000 -0.6757 -0.7372
vn 0.0000 -0.8321 0.5547
vn 0.0000 -0.8321 0.5547
vn 0.0000 -0.9662 -0.2577
vn -0.0000 -0.9662 -0.2577
vn 0.0000 -0.9899 0.1414
vn 0.0000 -0.9899 0.1414
vn 0.0000 -0.7421 -0.6703
vn -0.0000 -0.7421 -0.6703
vn 0.0000 -0.3162 -0.9487
vn -0.0000 -0.3162 -0.9487
vn 0.0000 0.4961 -0.8682
vn 0.0000 0.4961 -0.8682
vn 0.0000 0.9285 -0.3714
vn 0.0000 0.9285 -0.3714
vn 0.0000 0.9993 -0.0370
vn 0.0000 0.9993 -0.0370
vn 0.0000 0.9487 0.3162
vn 0.0000 0.9487 0.3162
vn 0.0000 1.0000 0.0000
vn 0.0000 1.0000 0.0000
vn 0.0000 0.8137 0.5812
vn 0.0000 0.8137 0.5812
vn 0.0000 0.9762 -0.2169
vn 0.0000 0.9762 -0.2169
vn 0.0000 0.7593 0.6508
vn 0.0000 0.7593 0.6508
vn 0.0000 -0.7608 0.6489
vn 0.0000 -0.7608 0.6489
vn 0.0000 0.1961 0.9806
vn 0.0000 0.1961 0.9806
vn 0.0000 0.2425 -0.9701
vn 0.0000 0.2425 -0.9701
vn 0.0000 -0.4472 -0.8944
vn -0.0000 -0.4472 -0.8944
vn 0.0000 0.6508 -0.7593
vn 0.0000 0.6508 -0.7593
vn 0.0000 0.9981 0.0624
vn 0.0000 0.9981 0.0624
vn 0.0000 0.7894 -0.6139
vn 0.0000 0.7894 -0.6139
vn 0.0000 0.9864 -0.1644
vn 0.0000 0.9864 -0.1644
vn 0.0000 0.9104 0.4138
vn 0.0000 0.9104 0.4138
vn 0.0000 0.6000 0.8000
vn 0.0000 0.6000 0.8000
vn 0.0000 -0.1104 0.9939
vn 0.0000 -0.1104 0.9939
vn 0.0000 0.4961 0.8682
vn 0.0000 0.4961 0.8682
vn 0.0000 -0.0905 0.9959
vn 0.0000 -0.0905 0.9959
vn 0.0000 -0.7295 0.6839
vn 0.0000 -0.7295 0.6839
vn 0.0000 -0.9363 0.3511
vn 0.0000 -0.9363 0.3511
vn 0.0000 -0.9950 -0.0995
vn -0.0000 -0.9950 -0.0995
vn 0.0000 -0.7593 0.6508
vn 0.0000 -0.7593 0.6508
vn 0.0000 -0.9899 0.1414
vn 0.0000 -0.9899 0.1414
vn 0.0000 -0.7399 0.6727
vn 0.0000 -0.7399 0.6727
vn 0.0000 -0.9285 -0.3714
vn -0.0000 -0.9285 -0.3714
vn 0.0000 -0.0905 -0.9959
vn -0.0000 -0.0905 -0.9959
vn 0.0000 -0.8064 -0.5914
vn -0.0000 -0.8064 -0.5914
vn 0.0000 -0.8849 -0.4657
vn -0.0000 -0.8849 -0.4657
vn -0.0000 -1.0000 0.0000
vn 0.0000 -1.0000 0.0000
vn 0.0000 -0.6332 -0.7740
vn -0.0000 -0.6332 -0.7740
vn 0.0000 -0.3457 -0.9383
vn -0.0000 -0.3457 -0.9383
vn -0.0000 -0.0000 -1.0000
vn -0.0000 -0.0000 -1.0000
vn 0.0000 0.2425 -0.9701
vn 0.0000 0.2425 -0.9701
vn 0.0000 -0.7071 -0.7071
vn -0.0000 -0.7071 -0.7071
vn 0.0000 -0.9983 -0.0587
vn -0.0000 -0.9983 -0.0587
vn 0.0000 -0.9320 -0.3624
vn -0.0000 -0.9320 -0.3624
vn 0.0000 -0.6727 -0.7399
vn -0.0000 -0.6727 -0.7399
vn 0.0000 -0.3714 -0.9285
vn -0.0000 -0.3714 -0.9285
vn 0.0000 0.0416 -0.9991
vn 0.0000 0.0416 -0.9991
vn 0.0000 0.4472 -0.8944
vn 0.0000 0.4472 -0.8944
vn 0.0000 0.6508 -0.7593
vn 0.0000 0.6508 -0.7593
vn 0.0000 0.9285 -0.3714
vn 0.0000 0.9285 -0.3714
vn 0.0000 0.7071 -0.7071
vn 0.0000 0.7071 -0.7071
vn 0.0000 -0.2800 -0.9600
vn -0.0000 -0.2800 -0.9600
vn 0.0000 0.1065 -0.9943
vn 0.0000 0.1065 -0.9943
vn 0.0000 0.6783 -0.7348
vn 0.0000 0.6783 -0.7348
vn 0.0000 0.9398 -0.3417
vn 0.0000 0.9398 -0.3417
vn 0.0000 0.9959 0.0905
vn 0.0000 0.9959 0.0905
vn 0.0000 0.9231 0.3846
vn 0.0000 0.9231 0.3846
vn 0.0000 0.7071 0.7071
vn 0.0000 0.7071 0.7071
vn 0.0000 0.4008 0.9162
vn 0.0000 0.4008 0.9162
vn 0.0000 -0.3162 0.9487
vn 0.0000 -0.3162 0.9487
vn 0.0000 0.4856 0.8742
vn 0.0000 0.4856 0.8742
vn 0.0000 0.1414 0.9899
vn 0.0000 0.1414 0.9899
vn 0.0000 0.6727 0.7399
vn 0.0000 0.6727 0.7399
vn 0.0000 0.9947 -0.1029
vn 0.0000 0.9947 -0.1029
vn 0.0000 0.9545 0.2983
vn 0.0000 0.9545 0.2983
vn 0.0000 -0.5145 0.8575
vn 0.0000 -0.5145 0.8575
vn 0.0000 0.7071 0.7071
vn 0.0000 0.7071 0.7071
vn 0.0000 0.2873 0.9578
vn 0.0000 0.2873 0.9578
vn 0.0000 -0.6925 0.7214
vn 0.0000 -0.6925 0.7214
vn 0.0000 -0.0103 0.9999
vn 0.0000 -0.0103 0.9999
vn 0.0000 -0.6743 0.7385
vn 0.0000 -0.6743 0.7385
vn 0.0000 -0.9932 0.1168
vn 0.0000 -0.9932 0.1168
vn 0.0000 -0.9615 0.2747
vn 0.0000 -0.9615 0.2747
vn -0.9979 0.0000 -0.0640
vn -0.9979 0.0000 -0.0640
vn -0.9979 -0.0000 -0.0640
vn -0.9979 -0.0000 -0.0640
vn -0.9979 -0.0000 -0.0640
vn -0.9979 0.0000 -0.0640
vn -0.9979 -0.0000 -0.0640
vn -0.9979 -0.0000 -0.0640
vn 0.9979 -0.0000 0.0640
vn 0.9979 -0.0000 0.0640
vn 0.9979 0.0000 0.0640
vn 0.9979 0.0000 0.0640
vn 0.9979 0.0000 0.0640
vn 0.9979 -0.0000 0.0640
vn 0.9979 -0.0000 0.0640
vn 0.9979 0.0000 0.0640
vn 0.0000 0.9806 -0.1961
vn 0.0000 0.9806 -0.1961
vn 0.0000 0.9062 -0.4229
vn 0.0000 0.9062 -0.4229
vn -0.0000 -0.0000 -1.0000
vn -0.0000 -0.0000 -1.0000
vn 0.0000 -0.4657 -0.8849
vn -0.0000 -0.4657 -0.8849
vn 0.0000 -0.9965 -0.0830
vn -0.0000 -0.9965 -0.0830
vn 0.0000 -0.9772 0.2124
vn 0.0000 -0.9772 0.2124
vn 0.0000 -0.8480 0.5300
vn 0.0000 -0.8480 0.5300
vn 0.0000 0.0370 0.9993
vn 0.0000 0.0370 0.9993
vn 0.0000 0.9959 0.0905
vn 0.0000 0.9959 0.0905
vn 0.0000 0.5215 0.8533
vn 0.0000 0.5215 0.8533
vn -0.9979 0.0000 -0.0640
vn -0.9979 0.0000 -0.0640
vn -0.9979 0.0000 -0.0640
vn -0.9979 -0.0000 -0.0640
vn -0.9979 -0.0000 -0.0640
vn -0.9979 0.0000 -0.0640
vn -0.9979 -0.0000 -0.0640
vn -0.9979 -0.0000 -0.0640
vn 0.9979 -0.0000 0.0640
vn 0.9979 -0.0000 0.0640
vn 0.9979 0.0000 0.0640
vn 0.9979 0.0000 0.0640
vn 0.9979 0.0000 0.0640
vn 0.9979 -0.0000 0.0640
vn 0.9979 0.0000 0.0640
vn 0.9979 0.0000 0.0640
vn 0.0000 0.7649 -0.6441
vn 0.0000 0.7649 -0.6441
vn 0.0000 -0.3786 -0.9255
vn -0.0000 -0.3786 -0.9255
vn 0.0000 -0.6709 -0.7415
vn -0.0000 -0.6709 -0.7415
vn -0.0000 -1.0000 0.0000
vn 0.0000 -1.0000 0.0000
vn 0.0000 -0.8944 0.4472
vn 0.0000 -0.8944 0.4472
vn 0.0000 -0.8051 0.5932
vn 0.0000 -0.8051 0.5932
vn 0.0000 -0.0000 1.0000
vn 0.0000 -0.0000 1.0000
vn 0.0000 0.4315 0.9021
vn 0.0000 0.4315 0.9021
vn 0.0000 0.9487 -0.3162
vn 0.0000 0.9487 -0.3162
vn 0.0000 0.6369 0.7710
vn 0.0000 0.6369 0.7710
vn -0.9979 0.0000 -0.0640
vn -0.9979 -0.0000 -0.0640
vn -0.9979 0.0000 -0.0640
vn -0.9979 0.0000 -0.0640
vn -0.9979 -0.0000 -0.0640
vn -0.9979 0.0000 -0.0640
vn -0.9979 0.0000 -0.0640
vn -0.9979 0.0000 -0.0640
vn -0.9979 -0.0000 -0.0640
vn -0.9979 -0.0000 -0.0640
vn 0.9979 -0.0000 0.0640
vn 0.9979 0.0000 0.0640
vn 0.9979 -0.0000 0.0640
vn 0.9979 -0.0000 0.0640
vn 0.9979 0.0000 0.0640
vn 0.9979 -0.0000 0.0640
vn 0.9979 0.0000 0.0640
vn 0.9979 -0.0000 0.0640
vn 0.9979 0.0000 0.0640
vn 0.9979 0.0000 0.0640
vn 0.0000 0.5677 -0.8232
vn 0.0000 0.5677 -0.8232
vn 0.0000 0.2425 -0.9701
vn 0.0000 0.2425 -0.9701
vn 0.0000 -0.6897 -0.7241
vn -0.0000 -0.6897 -0.7241
vn 0.0000 -0.8575 -0.5145
vn -0.0000 -0.8575 -0.5145
vn -0.0000 -1.0000 0.0000
vn 0.0000 -1.0000 0.0000
vn 0.0000 -0.6369 0.7710
vn 0.0000 -0.6369 0.7710
vn 0.0000 -0.4903 0.8716
vn 0.0000 -0.4903 0.8716
vn 0.0000 0.2425 0.9701
vn 0.0000 0.2425 0.9701
vn 0.0000 0.7071 0.7071
vn 0.0000 0.7071 0.7071
vn 0.0000 0.8437 0.5369
vn 0.0000 0.8437 0.5369
vn 0.0000 0.8222 -0.5692
vn 0.0000 0.8222 -0.5692
vn 0.0000 1.0000 0.0000
vn 0.0000 1.0000 0.0000
vn -0.9979 -0.0000 -0.0640
vn -0.9979 0.0000 -0.0640
vn -0.9979 -0.0000 -0.0640
vn -0.9979 -0.0000 -0.0640
vn -0.9979 0.0000 -0.0640
vn -0.9979 0.0000 -0.0640
vn -0.9979 0.0000 -0.0640
vn 0.9979 0.0000 0.0640
vn 0.9979 0.0000 0.0640
vn 0.9979 0.0000 0.0640
vn 0.9979 0.0000 0.0640
vn 0.9979 -0.0000 0.0640
vn 0.9979 -0.0000 0.0640
vn 0.9979 -0.0000 0.0640
vn 0.0000 0.7071 -0.7071
vn 0.0000 0.7071 -0.7071
vn 0.0000 -0.4396 -0.8982
vn -0.0000 -0.4396 -0.8982
vn 0.0000 -0.6854 -0.7282
vn -0.0000 -0.6854 -0.7282
vn -0.0000 -1.0000 0.0000
vn 0.0000 -1.0000 0.0000
vn 0.0000 -0.8624 0.5062
vn 0.0000 -0.8624 0.5062
vn 0.0000 -0.7433 0.6690
vn 0.0000 -0.7433 0.6690
vn 0.0000 -0.0000 1.0000
vn 0.0000 -0.0000 1.0000
vn 0.0000 0.9561 -0.2932
vn 0.0000 0.9561 -0.2932
vn 0.0000 0.5026 0.8645
vn 0.0000 0.5026 0.8645
vn -0.9979 -0.0000 -0.0640
vn -0.9979 0.0000 -0.0640
vn -0.9979 0.0000 -0.0640
vn -0.9979 0.0000 -0.0640
vn -0.9979 -0.0000 -0.0640
vn -0.9979 -0.0000 -0.0640
vn -0.9979 -0.0000 -0.0640
vn -0.9979 0.0000 -0.0640
vn -0.9979 0.0000 -0.0640
vn -0.9979 -0.0000 -0.0640
vn -0.9979 0.0000 -0.0640
vn -0.9979 0.0000 -0.0640
vn -0.9979 -0.0000 -0.0640
vn -0.9979 -0.0000 -0.0640
vn -0.9979 0.0000 -0.0640
vn -0.9979 -0.0000 -0.0640
vn -0.9979 0.0000 -0.0640
vn -0.9979 0.0000 -0.0640
vn -0.9979 0.0000 -0.0640
vn -0.9979 0.0000 -0.0640
vn -0.9979 0.0000 -0.0640
vn -0.9979 0.0000 -0.0640
vn -0.9979 -0.0000 -0.0640
vn -0.9979 -0.0000 -0.0640
vn -0.9979 -0.0000 -0.0640
vn -0.9979 -0.0000 -0.0640
vn -0.9979 0.0000 -0.0640
vn -0.9979 0.0000 -0.0640
vn -0.9979 -0.0000 -0.0640
vn -0.9979 0.0000 -0.0640
vn -0.9979 -0.0000 -0.0640
vn -0.9979 0.0000 -0.0640
vn -0.9979 -0.0000 -0.0640
vn -0.9979 0.0000 -0.0640
vn -0.9979 0.0000 -0.0640
vn 0.9979 -0.0000 0.0640
vn 0.9979 -0.0000 0.0640
vn 0.9979 -0.0000 0.0640
vn 0.9979 -0.0000 0.0640
vn 0.9979 0.0000 0.0640
vn 0.9979 0.0000 0.0640
vn 0.9979 0.0000 0.0640
vn 0.9979 0.0000 0.0640
vn 0.9979 -0.0000 0.0640
vn 0.9979 0.0000 0.0640
vn 0.9979 -0.0000 0.0640
vn 0.9979 -0.0000 0.0640
vn 0.9979 -0.0000 0.0640
vn 0.9979 -0.0000 0.0640
vn 0.9979 -0.0000 0.0640
vn 0.9979 -0.0000 0.0640
vn 0.9979 -0.0000 0.0640
vn 0.9979 -0.0000 0.0640
vn 0.9979 -0.0000 0.0640
vn 0.9979 0.0000 0.0640
vn 0.9979 0.0000 0.0640
vn 0.9979 0.0000 0.0640
vn 0.9979 0.0000 0.0640
vn 0.9979 0.0000 0.0640
vn 0.9979 0.0000 0.0640
vn 0.9979 0.0000 0.0640
vn 0.9979 -0.0000 0.0640
vn 0.9979 -0.0000 0.0640
vn 0.9979 -0.0000 0.0640
vn 0.9979 -0.0000 0.0640
vn 0.9979 0.0000 0.0640
vn 0.9979 -0.0000 0.0640
vn 0.9979 0.0000 0.0640
vn 0.9979 0.0000 0.0640
vn 0.9979 0.0000 0.0640
vn 0.0000 0.7071 -0.7071
vn 0.0000 0.7071 -0.7071
vn 0.0000 -0.3162 -0.9487
vn -0.0000 -0.3162 -0.9487
vn -0.0000 -1.0000 0.0000
vn 0.0000 -1.0000 0.0000
vn 0.0000 -0.7071 -0.7071
vn -0.0000 -0.7071 -0.7071
vn -0.0000 -0.0000 -1.0000
vn -0.0000 -0.0000 -1.0000
vn 0.0000 0.9191 -0.3939
vn 0.0000 0.9191 -0.3939
vn -0.0000 -0.0000 -1.0000
vn -0.0000 -0.0000 -1.0000
vn 0.0000 -0.9884 -0.1521
vn -0.0000 -0.9884 -0.1521
vn 0.0000 -0.7071 -0.7071
vn -0.0000 -0.7071 -0.7071
vn -0.0000 -0.0000 -1.0000
vn -0.0000 -0.0000 -1.0000
vn 0.0000 0.7071 -0.7071
vn 0.0000 0.7071 -0.7071
vn 0.0000 0.9985 0.0555
vn 0.0000 0.9985 0.0555
vn -0.0000 -0.0000 -1.0000
vn -0.0000 -0.0000 -1.0000
vn 0.0000 -0.9829 -0.1843
vn -0.0000 -0.9829 -0.1843
vn -0.0000 -1.0000 0.0000
vn 0.0000 -1.0000 0.0000
vn 0.0000 -0.8944 0.4472
vn 0.0000 -0.8944 0.4472
vn 0.0000 0.4472 0.8944
vn 0.0000 0.4472 0.8944
vn 0.0000 1.0000 0.0000
vn 0.0000 1.0000 0.0000
vn 0.0000 0.7071 0.7071
vn 0.0000 0.7071 0.7071
vn 0.0000 -0.0000 1.0000
vn 0.0000 -0.0000 1.0000
vn 0.0000 -0.7071 0.7071
vn 0.0000 -0.7071 0.7071
vn -0.0000 -1.0000 0.0000
vn 0.0000 -1.0000 0.0000
vn 0.0000 -0.7071 0.7071
vn 0.0000 -0.7071 0.7071
vn 0.0000 0.3162 0.9487
vn 0.0000 0.3162 0.9487
vn 0.0000 0.8944 0.4472
vn 0.0000 0.8944 0.4472
vn 0.0000 -0.0000 1.0000
vn 0.0000 -0.0000 1.0000
vn 0.0000 -0.9191 0.3939
vn 0.0000 -0.9191 0.3939
vn 0.0000 0.9996 0.0278
vn 0.0000 0.9996 0.0278
vn 0.0000 -0.0000 1.0000
vn 0.0000 -0.0000 1.0000
vn -0.0000 -0.0000 -1.0000
vn -0.0000 -0.0000 -1.0000
vn 0.0000 0.9701 -0.2425
vn 0.0000 0.9701 -0.2425
vn 0.0000 0.4472 0.8944
vn 0.0000 0.4472 0.8944
vn 0.0000 -0.0000 1.0000
vn 0.0000 -0.0000 1.0000
vn 0.0000 -0.7071 -0.7071
vn -0.0000 -0.7071 -0.7071
vn 0.0000 -0.9701 0.2425
vn 0.0000 -0.9701 0.2425
vn -0.9979 -0.0000 -0.0640
vn -0.9979 0.0000 -0.0640
vn -0.9979 0.0000 -0.0640
vn -0.9979 0.0000 -0.0640
vn -0.9979 -0.0000 -0.0640
vn -0.9979 -0.0000 -0.0640
vn -0.9979 -0.0000 -0.0640
vn -0.9979 0.0000 -0.0640
vn -0.9979 -0.0000 -0.0640
vn -0.9979 -0.0000 -0.0640
vn -0.9979 -0.0000 -0.0640
vn -0.9979 0.0000 -0.0640
vn -0.9979 -0.0000 -0.0640
vn -0.9979 0.0000 -0.0640
vn -0.9979 0.0000 -0.0640
vn -0.9979 -0.0000 -0.0640
vn -0.9979 -0.0000 -0.0640
vn -0.9979 0.0000 -0.0640
vn -0.9979 0.0000 -0.0640
vn -0.9979 -0.0000 -0.0640
vn -0.9979 -0.0000 -0.0640
vn -0.9979 -0.0000 -0.0640
vn -0.9979 -0.0000 -0.0640
vn -0.9979 -0.0000 -0.0640
vn -0.9979 0.0000 -0.0640
vn -0.9979 0.0000 -0.0640
vn -0.9979 0.0000 -0.0640
vn 0.9979 0.0000 0.0640
vn 0.9979 0.0000 0.0640
vn 0.9979 -0.0000 0.0640
vn 0.9979 -0.0000 0.0640
vn 0.9979 0.0000 0.0640
vn 0.9979 0.0000 0.0640
vn 0.9979 0.0000 0.0640
vn 0.9979 -0.0000 0.0640
vn 0.9979 0.0000 0.0640
vn 0.9979 0.0000 0.0640
vn 0.9979 0.0000 0.0640
vn 0.9979 0.0000 0.0640
vn 0.9979 0.0000 0.0640
vn 0.9979 -0.0000 0.0640
vn 0.9979 -0.0000 0.0640
vn 0.9979 0.0000 0.0640
vn 0.9979 0.0000 0.0640
vn 0.9979 0.0000 0.0640
vn 0.9979 -0.0000 0.0640
vn 0.9979 0.0000 0.0640
vn 0.9979 -0.0000 0.0640
vn 0.9979 -0.0000 0.0640
vn 0.9979 0.0000 0.0640
vn 0.9979 0.0000 0.0640
vn 0.9979 0.0000 0.0640
vn 0.9979 0.0000 0.0640
vn 0.9979 -0.0000 0.0640
vn 0.0000 0.8944 -0.4472
vn 0.0000 0.8944 -0.4472
vn 0.0000 -0.7071 -0.7071
vn -0.0000 -0.7071 -0.7071
vn 0.0000 -0.9986 -0.0526
vn -0.0000 -0.9986 -0.0526
vn 0.0000 -0.5547 -0.8321
vn -0.0000 -0.5547 -0.8321
vn -0.0000 -0.0000 -1.0000
vn -0.0000 -0.0000 -1.0000
vn 0.0000 0.7071 -0.7071
vn 0.0000 0.7071 -0.7071
vn 0.0000 0.9989 0.0476
vn 0.0000 0.9989 0.0476
vn 0.0000 0.3162 -0.9487
vn 0.0000 0.3162 -0.9487
vn 0.0000 -0.7071 -0.7071
vn -0.0000 -0.7071 -0.7071
vn 0.0000 -0.9923 -0.1240
vn -0.0000 -0.9923 -0.1240
vn 0.0000 -0.7071 -0.7071
vn -0.0000 -0.7071 -0.7071
vn -0.0000 -0.0000 -1.0000
vn -0.0000 -0.0000 -1.0000
vn 0.0000 0.7071 -0.7071
vn 0.0000 0.7071 -0.7071
vn 0.0000 0.9978 0.0665
vn 0.0000 0.9978 0.0665
vn 0.0000 0.5547 -0.8321
vn 0.0000 0.5547 -0.8321
vn 0.0000 -0.7071 -0.7071
vn -0.0000 -0.7071 -0.7071
vn 0.0000 -0.9839 -0.1789
vn -0.0000 -0.9839 -0.1789
vn 0.0000 -0.9995 0.0312
vn 0.0000 -0.9995 0.0312
vn 0.0000 -0.4472 0.8944
vn 0.0000 -0.4472 0.8944
vn 0.0000 0.7071 0.7071
vn 0.0000 0.7071 0.7071
vn 0.0000 1.0000 0.0000
vn 0.0000 1.0000 0.0000
vn 0.0000 0.7071 0.7071
vn 0.0000 0.7071 0.7071
vn 0.0000 -0.0000 1.0000
vn 0.0000 -0.0000 1.0000
vn 0.0000 -0.7071 0.7071
vn 0.0000 -0.7071 0.7071
vn 0.0000 -0.9899 0.1414
vn 0.0000 -0.9899 0.1414
vn 0.0000 -0.4472 0.8944
vn 0.0000 -0.4472 0.8944
vn 0.0000 -0.0000 1.0000
vn 0.0000 -0.0000 1.0000
vn 0.0000 0.9955 0.0948
vn 0.0000 0.9955 0.0948
vn 0.0000 0.4961 0.8682
vn 0.0000 0.4961 0.8682
vn -0.9979 0.0000 -0.0640
vn -0.9979 0.0000 -0.0640
vn -0.9979 0.0000 -0.0640
vn -0.9979 -0.0000 -0.0640
vn -0.9979 0.0000 -0.0640
vn -0.9979 0.0000 -0.0640
vn -0.9979 -0.0000 -0.0640
vn -0.9979 -0.0000 -0.0640
vn -0.9979 0.0000 -0.0640
vn -0.9979 -0.0000 -0.0640
vn -0.9979 -0.0000 -0.0640
vn -0.9979 -0.0000 -0.0640
vn -0.9979 0.0000 -0.0640
vn 0.9979 -0.0000 0.0640
vn 0.9979 -0.0000 0.0640
vn 0.9979 -0.0000 0.0640
vn 0.9979 0.0000 0.0640
vn 0.9979 -0.0000 0.0640
vn 0.9979 -0.0000 0.0640
vn 0.9979 0.0000 0.0640
vn 0.9979 0.0000 0.0640
vn 0.9979 -0.0000 0.0640
vn 0.9979 0.0000 0.0640
vn 0.9979 0.0000 0.0640
vn 0.9979 0.0000 0.0640
vn 0.9979 -0.0000 0.0640
vn 0.0000 -0.7682 -0.6402
vn -0.0000 -0.7682 -0.6402
vn 0.0000 -0.9762 0.2169
vn 0.0000 -0.9762 0.2169
vn 0.0000 -0.8137 -0.5812
vn -0.0000 -0.8137 -0.5812
vn -0.0000 -1.0000 0.0000
vn 0.0000 -1.0000 0.0000
vn 0.0000 -0.9487 -0.3162
vn -0.0000 -0.9487 -0.3162
vn 0.0000 -0.9993 0.0370
vn 0.0000 -0.9993 0.0370
vn 0.0000 -0.9285 0.3714
vn 0.0000 -0.9285 0.3714
vn 0.0000 -0.4472 0.8944
vn 0.0000 -0.4472 0.8944
vn 0.0000 0.3162 0.9487
vn 0.0000 0.3162 0.9487
vn 0.0000 0.7433 0.6690
vn 0.0000 0.7433 0.6690
vn 0.0000 0.9899 -0.1414
vn 0.0000 0.9899 -0.1414
vn 0.0000 0.9662 0.2577
vn 0.0000 0.9662 0.2577
vn 0.0000 0.7926 -0.6097
vn 0.0000 0.7926 -0.6097
vn 0.0000 -0.1961 -0.9806
vn -0.0000 -0.1961 -0.9806
vn 0.0000 0.6585 -0.7526
vn 0.0000 0.6585 -0.7526
vn -0.9979 0.0000 -0.0640
vn -0.9979 -0.0000 -0.0640
vn -0.9979 0.0000 -0.0640
vn -0.9979 -0.0000 -0.0640
vn -0.9979 0.0000 -0.0640
vn -0.9979 -0.0000 -0.0640
vn -0.9979 0.0000 -0.0640
vn -0.9979 0.0000 -0.0640
vn -0.9979 -0.0000 -0.0640
vn -0.9979 0.0000 -0.0640
vn -0.9979 0.0000 -0.0640
vn -0.9979 -0.0000 -0.0640
vn 0.9979 -0.0000 0.0640
vn 0.9979 0.0000 0.0640
vn 0.9979 -0.0000 0.0640
vn 0.9979 0.0000 0.0640
vn 0.9979 -0.0000 0.0640
vn 0.9979 0.0000 0.0640
vn 0.9979 -0.0000 0.0640
vn 0.9979 -0.0000 0.0640
vn 0.9979 0.0000 0.0640
vn 0.9979 -0.0000 0.0640
vn 0.9979 -0.0000 0.0640
vn 0.9979 -0.0000 0.0640
vn 0.0000 0.6508 -0.7593
vn 0.0000 0.6508 -0.7593
vn -0.0000 -0.0000 -1.0000
vn -0.0000 -0.0000 -1.0000
vn 0.0000 -0.5633 -0.8262
vn -0.0000 -0.5633 -0.8262
vn 0.0000 -0.8000 -0.6000
vn -0.0000 -0.8000 -0.6000
vn -0.0000 -1.0000 0.0000
vn 0.0000 -1.0000 0.0000
vn 0.0000 -0.9487 0.3162
vn 0.0000 -0.9487 0.3162
vn 0.0000 -0.3162 0.9487
vn 0.0000 -0.3162 0.9487
vn 0.0000 0.5812 0.8137
vn 0.0000 0.5812 0.8137
vn 0.0000 0.1240 0.9923
vn 0.0000 0.1240 0.9923
vn 0.0000 0.7071 0.7071
vn 0.0000 0.7071 0.7071
vn 0.0000 0.3417 0.9398
vn 0.0000 0.3417 0.9398
vn 0.0000 0.8000 0.6000
vn 0.0000 0.8000 0.6000
vn 0.0000 0.2169 -0.9762
vn 0.0000 0.2169 -0.9762
vn 0.0000 0.9971 0.0767
vn 0.0000 0.9971 0.0767
vn -0.9979 0.0000 -0.0640
vn -0.9979 0.0000 -0.0640
vn -0.9979 -0.0000 -0.0640
vn -0.9979 0.0000 -0.0640
vn -0.9979 0.0000 -0.0640
vn -0.9979 -0.0000 -0.0640
vn -0.9979 0.0000 -0.0640
vn -0.9979 0.0000 -0.0640
vn -0.9979 0.0000 -0.0640
vn -0.9979 -0.0000 -0.0640
vn -0.9979 -0.0000 -0.0640
vn -0.9979 0.0000 -0.0640
vn -0.9979 -0.0000 -0.0640
vn -0.9979 -0.0000 -0.0640
vn -0.9979 -0.0000 -0.0640
vn -0.9979 -0.0000 -0.0640
vn -0.9979 -0.0000 -0.0640
vn -0.9979 0.0000 -0.0640
vn -0.9979 -0.0000 -0.0640
vn -0.9979 0.0000 -0.0640
vn -0.9979 0.0000 -0.0640
vn -0.9979 -0.0000 -0.0640
vn 0.9979 -0.0000 0.0640
vn 0.9979 0.0000 0.0640
vn 0.9979 0.0000 0.0640
vn 0.9979 0.0000 0.0640
vn 0.9979 -0.0000 0.0640
vn 0.9979 0.0000 0.0640
vn 0.9979 -0.0000 0.0640
vn 0.9979 -0.0000 0.0640
vn 0.9979 -0.0000 0.0640
vn 0.9979 0.0000 0.0640
vn 0.9979 0.0000 0.0640
vn 0.9979 -0.0000 0.0640
vn 0.9979 0.0000 0.0640
vn 0.9979 0.0000 0.0640
vn 0.9979 0.0000 0.0640
vn 0.9979 0.0000 0.0640
vn 0.9979 0.0000 0.0640
vn 0.9979 -0.0000 0.0640
vn 0.9979 0.0000 0.0640
vn 0.9979 -0.0000 0.0640
vn 0.9979 -0.0000 0.0640
vn 0.9979 0.0000 0.0640
vn 0.0000 0.9701 0.2425
vn 0.0000 0.9701 0.2425
vn 0.0000 0.8480 0.5300
vn 0.0000 0.8480 0.5300
vn 0.0000 0.7399 -0.6727
vn 0.0000 0.7399 -0.6727
vn 0.0000 0.9899 -0.1414
vn 0.0000 0.9899 -0.1414
vn 0.0000 0.7593 -0.6508
vn 0.0000 0.7593 -0.6508
vn 0.0000 0.9950 0.0995
vn 0.0000 0.9950 0.0995
vn 0.0000 0.7071 -0.7071
vn 0.0000 0.7071 -0.7071
vn 0.0000 1.0000 0.0000
vn 0.0000 1.0000 0.0000
vn 0.0000 0.7311 -0.6823
vn 0.0000 0.7311 -0.6823
vn 0.0000 0.0905 -0.9959
vn 0.0000 0.0905 -0.9959
vn 0.0000 -0.4961 -0.8682
vn -0.0000 -0.4961 -0.8682
vn 0.0000 0.1104 -0.9939
vn 0.0000 0.1104 -0.9939
vn 0.0000 -0.5914 -0.8064
vn -0.0000 -0.5914 -0.8064
vn 0.0000 -0.9104 -0.4138
vn -0.0000 -0.9104 -0.4138
vn 0.0000 -0.9864 0.1644
vn 0.0000 -0.9864 0.1644
vn 0.0000 -0.7894 0.6139
vn 0.0000 -0.7894 0.6139
vn 0.0000 -0.9981 -0.0624
vn -0.0000 -0.9981 -0.0624
vn 0.0000 -0.6459 0.7634
vn 0.0000 -0.6459 0.7634
vn 0.0000 -0.0000 1.0000
vn 0.0000 -0.0000 1.0000
vn 0.0000 0.7071 0.7071
vn 0.0000 0.7071 0.7071
vn 0.0000 -0.2425 0.9701
vn 0.0000 -0.2425 0.9701
vn 0.0000 -0.0000 1.0000
vn 0.0000 -0.0000 1.0000
vn 0.0000 0.8137 0.5812
vn 0.0000 0.8137 0.5812
vn 0.0000 0.3714 0.9285
vn 0.0000 0.3714 0.9285
vn -0.9979 0.0000 -0.0640
vn -0.9979 0.0000 -0.0640
vn -0.9979 -0.0000 -0.0640
vn -0.9979 -0.0000 -0.0640
vn -0.9979 -0.0000 -0.0640
vn -0.9979 0.0000 -0.0640
vn -0.9979 -0.0000 -0.0640
vn -0.9979 0.0000 -0.0640
vn -0.9979 0.0000 -0.0640
vn -0.9979 -0.0000 -0.0640
vn -0.9979 -0.0000 -0.0640
vn -0.9979 -0.0000 -0.0640
vn -0.9979 0.0000 -0.0640
vn -0.9979 -0.0000 -0.0640
vn -0.9979 -0.0000 -0.0640
vn -0.9979 0.0000 -0.0640
vn -0.9979 -0.0000 -0.0640
vn -0.9979 -0.0000 -0.0640
vn 0.9979 -0.0000 0.0640
vn 0.9979 0.0000 0.0640
vn 0.9979 0.0000 0.0640
vn 0.9979 0.0000 0.0640
vn 0.9979 0.0000 0.0640
vn 0.9979 -0.0000 0.0640
vn 0.9979 0.0000 0.0640
vn 0.9979 -0.0000 0.0640
vn 0.9979 -0.0000 0.0640
vn 0.9979 -0.0000 0.0640
vn 0.9979 0.0000 0.0640
vn 0.9979 0.0000 0.0640
vn 0.9979 -0.0000 0.0640
vn 0.9979 0.0000 0.0640
vn 0.9979 0.0000 0.0640
vn 0.9979 -0.0000 0.0640
vn 0.9979 0.0000 0.0640
vn 0.9979 0.0000 0.0640
vn 0.0000 0.7682 0.6402
vn 0.0000 0.7682 0.6402
vn 0.0000 0.3714 -0.9285
vn 0.0000 0.3714 -0.9285
vn 0.0000 -0.0830 -0.9965
vn -0.0000 -0.0830 -0.9965
vn 0.0000 0.4472 -0.8944
vn 0.0000 0.4472 -0.8944
vn 0.0000 0.7071 -0.7071
vn 0.0000 0.7071 -0.7071
vn 0.0000 0.9996 -0.0286
vn 0.0000 0.9996 -0.0286
vn 0.0000 0.7593 -0.6508
vn 0.0000 0.7593 -0.6508
vn 0.0000 0.9959 -0.0905
vn 0.0000 0.9959 -0.0905
vn -0.0000 -0.0000 -1.0000
vn -0.0000 -0.0000 -1.0000
vn 0.0000 -0.4472 -0.8944
vn -0.0000 -0.4472 -0.8944
vn 0.0000 -0.8107 -0.5855
vn -0.0000 -0.8107 -0.5855
vn 0.0000 -0.9772 -0.2124
vn -0.0000 -0.9772 -0.2124
vn 0.0000 -0.9932 0.1168
vn 0.0000 -0.9932 0.1168
vn 0.0000 -0.8944 0.4472
vn 0.0000 -0.8944 0.4472
vn 0.0000 -0.5340 0.8455
vn 0.0000 -0.5340 0.8455
vn 0.0000 -0.1961 0.9806
vn 0.0000 -0.1961 0.9806
vn 0.0000 0.5145 0.8575
vn 0.0000 0.5145 0.8575
vn 0.0000 -0.0000 1.0000
vn 0.0000 -0.0000 1.0000
vn 0.0000 0.6097 0.7926
vn 0.0000 0.6097 0.7926
vn 0.0000 0.3162 0.9487
vn 0.0000 0.3162 0.9487
vn -0.9979 0.0000 -0.0640
vn -0.9979 0.0000 -0.0640
vn -0.9979 0.0000 -0.0640
vn -0.9979 -0.0000 -0.0640
vn -0.9979 -0.0000 -0.0640
vn -0.9979 -0.0000 -0.0640
vn -0.9979 -0.0000 -0.0640
vn -0.9979 0.0000 -0.0640
vn -0.9979 0.0000 -0.0640
vn -0.9979 -0.0000 -0.0640
vn -0.9979 -0.0000 -0.0640
vn -0.9979 0.0000 -0.0640
vn -0.9979 0.0000 -0.0640
vn -0.9979 0.0000 -0.0640
vn -0.9979 0.0000 -0.0640
vn -0.9979 -0.0000 -0.0640
vn -0.9979 -0.0000 -0.0640
vn -0.9979 0.0000 -0.0640
vn -0.9979 0.0000 -0.0640
vn -0.9979 -0.0000 -0.0640
vn -0.9979 -0.0000 -0.0640
vn 0.9979 -0.0000 0.0640
vn 0.9979 -0.0000 0.0640
vn 0.9979 -0.0000 0.0640
vn 0.9979 0.0000 0.0640
vn 0.9979 0.0000 0.0640
vn 0.9979 0.0000 0.0640
vn 0.9979 0.0000 0.0640
vn 0.9979 -0.0000 0.0640
vn 0.9979 0.0000 0.0640
vn 0.9979 0.0000 0.0640
vn 0.9979 0.0000 0.0640
vn 0.9979 -0.0000 0.0640
vn 0.9979 -0.0000 0.0640
vn 0.9979 -0.0000 0.0640
vn 0.9979 -0.0000 0.0640
vn 0.9979 -0.0000 0.0640
vn 0.9979 0.0000 0.0640
vn 0.9979 -0.0000 0.0640
vn 0.9979 -0.0000 0.0640
vn 0.9979 0.0000 0.0640
vn 0.9979 0.0000 0.0640
vn 0.0000 0.9029 -0.4299
vn 0.0000 0.9029 -0.4299
vn 0.0000 0.6247 -0.7809
vn 0.0000 0.6247 -0.7809
vn 0.0000 0.2983 -0.9545
vn 0.0000 0.2983 -0.9545
vn -0.0000 -0.0000 -1.0000
vn -0.0000 -0.0000 -1.0000
vn 0.0000 -0.2425 -0.9701
vn -0.0000 -0.2425 -0.9701
vn 0.0000 -0.4856 -0.8742
vn -0.0000 -0.4856 -0.8742
vn 0.0000 -0.8396 -0.5433
vn -0.0000 -0.8396 -0.5433
vn 0.0000 -0.7071 -0.7071
vn -0.0000 -0.7071 -0.7071
vn 0.0000 0.5692 -0.8222
vn 0.0000 0.5692 -0.8222
vn 0.0000 -0.7863 -0.6178
vn -0.0000 -0.7863 -0.6178
vn 0.0000 -0.9701 0.2425
vn 0.0000 -0.9701 0.2425
vn 0.0000 -0.2747 0.9615
vn 0.0000 -0.2747 0.9615
vn 0.0000 -0.7071 0.7071
vn 0.0000 -0.7071 0.7071
vn 0.0000 -0.0000 1.0000
vn 0.0000 -0.0000 1.0000
vn 0.0000 -0.7071 0.7071
vn 0.0000 -0.7071 0.7071
vn 0.0000 -0.9734 0.2290
vn 0.0000 -0.9734 0.2290
vn 0.0000 -0.8321 0.5547
vn 0.0000 -0.8321 0.5547
vn 0.0000 -0.0322 0.9995
vn 0.0000 -0.0322 0.9995
vn 0.0000 -0.6139 0.7894
vn 0.0000 -0.6139 0.7894
vn 0.0000 0.0408 0.9992
vn 0.0000 0.0408 0.9992
vn 0.0000 0.8849 0.4657
vn 0.0000 0.8849 0.4657
vn 0.0000 0.9962 -0.0866
vn 0.0000 0.9962 -0.0866
vn 0.0000 0.9701 0.2425
vn 0.0000 0.9701 0.2425
vn -0.9979 -0.0000 -0.0640
vn -0.9979 0.0000 -0.0640
vn -0.9979 -0.0000 -0.0640
vn -0.9979 0.0000 -0.0640
vn -0.9979 0.0000 -0.0640
vn -0.9979 -0.0000 -0.0640
vn -0.9979 -0.0000 -0.0640
vn -0.9979 0.0000 -0.0640
vn -0.9979 0.0000 -0.0640
vn -0.9979 0.0000 -0.0640
vn -0.9979 -0.0000 -0.0640
vn -0.9979 -0.0000 -0.0640
vn -0.9979 0.0000 -0.0640
vn -0.9979 0.0000 -0.0640
vn -0.9979 0.0000 -0.0640
vn -0.9979 0.0000 -0.0640
vn -0.9979 0.0000 -0.0640
vn -0.9979 -0.0000 -0.0640
vn -0.9979 0.0000 -0.0640
vn -0.9979 0.0000 -0.0640
vn -0.9979 -0.0000 -0.0640
vn -0.9979 0.0000 -0.0640
vn -0.9979 -0.0000 -0.0640
vn -0.9979 0.0000 -0.0640
vn -0.9979 0.0000 -0.0640
vn -0.9979 0.0000 -0.0640
vn -0.9979 0.0000 -0.0640
vn -0.9979 -0.0000 -0.0640
vn -0.9979 0.0000 -0.0640
vn -0.9979 0.0000 -0.0640
vn -0.9979 -0.0000 -0.0640
vn -0.9979 -0.0000 -0.0640
vn -0.9979 0.0000 -0.0640
vn -0.9979 0.0000 -0.0640
vn -0.9979 -0.0000 -0.0640
vn -0.9979 0.0000 -0.0640
vn -0.9979 -0.0000 -0.0640
vn -0.9979 0.0000 -0.0640
vn -0.9979 0.0000 -0.0640
vn 0.9979 0.0000 0.0640
vn 0.9979 -0.0000 0.0640
vn 0.9979 0.0000 0.0640
vn 0.9979 -0.0000 0.0640
vn 0.9979 0.0000 0.0640
vn 0.9979 0.0000 0.0640
vn 0.9979 0.0000 0.0640
vn 0.9979 -0.0000 0.0640
vn 0.9979 -0.0000 0.0640
vn 0.9979 -0.0000 0.0640
vn 0.9979 0.0000 0.0640
vn 0.9979 0.0000 0.0640
vn 0.9979 -0.0000 0.0640
vn 0.9979 -0.0000 0.0640
vn 0.9979 -0.0000 0.0640
vn 0.9979 -0.0000 0.0640
vn 0.9979 -0.0000 0.0640
vn 0.9979 0.0000 0.0640
vn 0.9979 -0.0000 0.0640
vn 0.9979 -0.0000 0.0640
vn 0.9979 0.0000 0.0640
vn 0.9979 -0.0000 0.0640
vn 0.9979 0.0000 0.0640
vn 0.9979 -0.0000 0.0640
vn 0.9979 -0.0000 0.0640
vn 0.9979 -0.0000 0.0640
vn 0.9979 -0.0000 0.0640
vn 0.9979 0.0000 0.0640
vn 0.9979 -0.0000 0.0640
vn 0.9979 -0.0000 0.0640
vn 0.9979 0.0000 0.0640
vn 0.9979 0.0000 0.0640
vn 0.9979 -0.0000 0.0640
vn 0.9979 0.0000 0.0640
vn 0.9979 0.0000 0.0640
vn 0.9979 -0.0000 0.0640
vn 0.9979 0.0000 0.0640
vn 0.9979 -0.0000 0.0640
vn 0.9979 -0.0000 0.0640
vn 0.0000 1.0000 0.0000
vn 0.0000 1.0000 0.0000
vn 0.0000 0.6727 -0.7399
vn 0.0000 0.6727 -0.7399
vn 0.0000 0.0103 -0.9999
vn 0.0000 0.0103 -0.9999
vn 0.0000 0.6925 -0.7214
vn 0.0000 0.6925 -0.7214
vn 0.0000 -0.2873 -0.9578
vn -0.0000 -0.2873 -0.9578
vn 0.0000 -0.7071 -0.7071
vn -0.0000 -0.7071 -0.7071
vn 0.0000 0.5145 -0.8575
vn 0.0000 0.5145 -0.8575
vn 0.0000 -0.9662 -0.2577
vn -0.0000 -0.9662 -0.2577
vn 0.0000 -0.9947 0.1029
vn 0.0000 -0.9947 0.1029
vn 0.0000 -0.6757 -0.7372
vn -0.0000 -0.6757 -0.7372
vn 0.0000 -0.1414 -0.9899
vn -0.0000 -0.1414 -0.9899
vn 0.0000 -0.4856 -0.8742
vn -0.0000 -0.4856 -0.8742
vn 0.0000 0.3162 -0.9487
vn 0.0000 0.3162 -0.9487
vn 0.0000 -0.4008 -0.9162
vn -0.0000 -0.4008 -0.9162
vn 0.0000 -0.7071 -0.7071
vn -0.0000 -0.7071 -0.7071
vn 0.0000 -0.9231 -0.3846
vn -0.0000 -0.9231 -0.3846
vn 0.0000 -0.9959 -0.0905
vn -0.0000 -0.9959 -0.0905
vn 0.0000 -0.9398 0.3417
vn 0.0000 -0.9398 0.3417
vn 0.0000 -0.6757 0.7372
vn 0.0000 -0.6757 0.7372
vn 0.0000 -0.1065 0.9943
vn 0.0000 -0.1065 0.9943
vn 0.0000 0.2800 0.9600
vn 0.0000 0.2800 0.9600
vn 0.0000 -0.7071 0.7071
vn 0.0000 -0.7071 0.7071
vn 0.0000 -0.9558 0.2941
vn 0.0000 -0.9558 0.2941
vn 0.0000 -0.7682 0.6402
vn 0.0000 -0.7682 0.6402
vn 0.0000 -0.4472 0.8944
vn 0.0000 -0.4472 0.8944
vn 0.0000 -0.1961 0.9806
vn 0.0000 -0.1961 0.9806
vn 0.0000 0.0712 0.9975
vn 0.0000 0.0712 0.9975
vn 0.0000 0.3714 0.9285
vn 0.0000 0.3714 0.9285
vn 0.0000 0.6690 0.7433
vn 0.0000 0.6690 0.7433
vn 0.0000 0.9320 0.3624
vn 0.0000 0.9320 0.3624
vn 0.0000 0.9983 0.0587
vn 0.0000 0.9983 0.0587
vn 0.0000 0.7071 0.7071
vn 0.0000 0.7071 0.7071
vn 0.0000 -0.2425 0.9701
vn 0.0000 -0.2425 0.9701
vn 0.0000 -0.0000 1.0000
vn 0.0000 -0.0000 1.0000
vn 0.0000 0.3457 0.9383
vn 0.0000 0.3457 0.9383
vn 0.0000 0.6247 0.7809
vn 0.0000 0.6247 0.7809
vn 0.0000 1.0000 0.0000
vn 0.0000 1.0000 0.0000
vn 0.0000 0.8849 0.4657
vn 0.0000 0.8849 0.4657
vn 0.0000 0.8944 -0.4472
vn 0.0000 0.8944 -0.4472
vn 0.0000 0.9285 -0.3714
vn 0.0000 0.9285 -0.3714
vn 0.0000 1.0000 0.0000
vn 0.0000 1.0000 0.0000
vn -0.9979 -0.0000 -0.0640
vn -0.9979 0.0000 -0.0640
vn -0.9979 0.0000 -0.0640
vn -0.9979 0.0000 -0.0640
vn -0.9979 0.0000 -0.0640
vn -0.9979 0.0000 -0.0640
vn -0.9979 0.0000 -0.0640
vn -0.9979 -0.0000 -0.0640
vn -0.9979 0.0000 -0.0640
vn -0.9979 0.0000 -0.0640
vn -0.9979 0.0000 -0.0640
vn -0.9979 -0.0000 -0.0640
vn -0.9979 -0.0000 -0.0640
vn -0.9979 -0.0000 -0.0640
vn -0.9979 0.0000 -0.0640
vn -0.9979 0.0000 -0.0640
vn -0.9979 0.0000 -0.0640
vn -0.9979 -0.0000 -0.0640
vn -0.9979 -0.0000 -0.0640
vn -0.9979 0.0000 -0.0640
vn -0.9979 -0.0000 -0.0640
vn -0.9979 0.0000 -0.0640
vn -0.9979 -0.0000 -0.0640
vn -0.9979 0.0000 -0.0640
vn -0.9979 -0.0000 -0.0640
vn -0.9979 0.0000 -0.0640
vn -0.9979 0.0000 -0.0640
vn -0.9979 -0.0000 -0.0640
vn -0.9979 0.0000 -0.0640
vn -0.9979 0.0000 -0.0640
vn -0.9979 0.0000 -0.0640
vn -0.9979 0.0000 -0.0640
vn -0.9979 -0.0000 -0.0640
vn -0.9979 0.0000 -0.0640
vn -0.9979 0.0000 -0.0640
vn -0.9979 0.0000 -0.0640
vn -0.9979 0.0000 -0.0640
vn -0.9979 0.0000 -0.0640
vn -0.9979 -0.0000 -0.0640
vn -0.9979 0.0000 -0.0640
vn -0.9979 -0.0000 -0.0640
vn -0.9979 0.0000 -0.0640
vn -0.9979 -0.0000 -0.0640
vn -0.9979 -0.0000 -0.0640
vn -0.9979 -0.0000 -0.0640
vn -0.9979 -0.0000 -0.0640
vn -0.9979 0.0000 -0.0640
vn -0.9979 -0.0000 -0.0640
vn -0.9979 -0.0000 -0.0640
vn -0.9979 -0.0000 -0.0640
vn -0.9979 0.0000 -0.0640
vn -0.9979 -0.0000 -0.0640
vn -0.9979 0.0000 -0.0640
vn -0.9979 -0.0000 -0.0640
vn -0.9979 -0.0000 -0.0640
vn -0.9979 0.0000 -0.0640
vn 0.9979 0.0000 0.0640
vn 0.9979 -0.0000 0.0640
vn 0.9979 -0.0000 0.0640
vn 0.9979 -0.0000 0.0640
vn 0.9979 -0.0000 0.0640
vn 0.9979 -0.0000 0.0640
vn 0.9979 -0.0000 0.0640
vn 0.9979 0.0000 0.0640
vn 0.9979 -0.0000 0.0640
vn 0.9979 -0.0000 0.0640
vn 0.9979 -0.0000 0.0640
vn 0.9979 0.0000 0.0640
vn 0.9979 0.0000 0.0640
vn 0.9979 0.0000 0.0640
vn 0.9979 -0.0000 0.0640
vn 0.9979 -0.0000 0.0640
vn 0.9979 -0.0000 0.0640
vn 0.9979 0.0000 0.0640
vn 0.9979 0.0000 0.0640
vn 0.9979 -0.0000 0.0640
vn 0.9979 0.0000 0.0640
vn 0.9979 -0.0000 0.0640
vn 0.9979 0.0000 0.0640
vn 0.9979 -0.0000 0.0640
vn 0.9979 -0.0000 0.0640
vn 0.9979 -0.0000 0.0640
vn 0.9979 -0.0000 0.0640
vn 0.9979 0.0000 0.0640
vn 0.9979 -0.0000 0.0640
vn 0.9979 -0.0000 0.0640
vn 0.9979 -0.0000 0.0640
vn 0.9979 -0.0000 0.0640
vn 0.9979 0.0000 0.0640
vn 0.9979 -0.0000 0.0640
vn 0.9979 -0.0000 0.0640
vn 0.9979 -0.0000 0.0640
vn 0.9979 -0.0000 0.0640
vn 0.9979 -0.0000 0.0640
vn 0.9979 0.0000 0.0640
vn 0.9979 -0.0000 0.0640
vn 0.9979 0.0000 0.0640
vn 0.9979 -0.0000 0.0640
vn 0.9979 -0.0000 0.0640
vn 0.9979 0.0000 0.0640
vn 0.9979 0.0000 0.0640
vn 0.9979 0.0000 0.0640
vn 0.9979 -0.0000 0.0640
vn 0.9979 -0.0000 0.0640
vn 0.9979 0.0000 0.0640
vn 0.9979 0.0000 0.0640
vn 0.9979 -0.0000 0.0640
vn 0.9979 0.0000 0.0640
vn 0.9979 -0.0000 0.0640
vn 0.9979 0.0000 0.0640
vn 0.9979 0.0000 0.0640
vn 0.9979 -0.0000 0.0640
vn 0.0000 0.7226 -0.6912
vn 0.0000 0.7226 -0.6912
vn 0.0000 1.0000 0.0000
vn 0.0000 1.0000 0.0000
vn 0.0000 0.8858 0.4640
vn 0.0000 0.8858 0.4640
vn 0.0000 0.9104 -0.4138
vn 0.0000 0.9104 -0.4138
vn 0.0000 0.9648 0.2631
vn 0.0000 0.9648 0.2631
vn 0.0000 0.7071 -0.7071
vn 0.0000 0.7071 -0.7071
vn 0.0000 0.9285 -0.3714
vn 0.0000 0.9285 -0.3714
vn 0.0000 0.3363 -0.9417
vn 0.0000 0.3363 -0.9417
vn -0.0000 -0.0000 -1.0000
vn -0.0000 -0.0000 -1.0000
vn 0.0000 0.7071 -0.7071
vn 0.0000 0.7071 -0.7071
vn 0.0000 0.9345 -0.3560
vn 0.0000 0.9345 -0.3560
vn 0.0000 0.6727 -0.7399
vn 0.0000 0.6727 -0.7399
vn 0.0000 0.4789 -0.8779
vn 0.0000 0.4789 -0.8779
vn -0.0000 -0.0000 -1.0000
vn -0.0000 -0.0000 -1.0000
vn 0.0000 -0.6114 -0.7913
vn -0.0000 -0.6114 -0.7913
vn 0.0000 0.6585 -0.7526
vn 0.0000 0.6585 -0.7526
vn 0.0000 -0.1168 -0.9932
vn -0.0000 -0.1168 -0.9932
vn 0.0000 0.2425 -0.9701
vn 0.0000 0.2425 -0.9701
vn 0.0000 -0.6247 -0.7809
vn -0.0000 -0.6247 -0.7809
vn 0.0000 -0.0487 -0.9988
vn -0.0000 -0.0487 -0.9988
vn 0.0000 -0.7071 -0.7071
vn -0.0000 -0.7071 -0.7071
vn -0.0000 -1.0000 0.0000
vn 0.0000 -1.0000 0.0000
vn 0.0000 -0.9648 0.2631
vn 0.0000 -0.9648 0.2631
vn -0.0000 -1.0000 0.0000
vn 0.0000 -1.0000 0.0000
vn 0.0000 -0.7348 -0.6783
vn -0.0000 -0.7348 -0.6783
vn 0.0000 -0.2631 -0.9648
vn -0.0000 -0.2631 -0.9648
vn 0.0000 -0.7071 -0.7071
vn -0.0000 -0.7071 -0.7071
vn 0.0000 -0.9285 0.3714
vn 0.0000 -0.9285 0.3714
vn 0.0000 -0.7071 0.7071
vn 0.0000 -0.7071 0.7071
vn 0.0000 -0.9487 0.3162
vn 0.0000 -0.9487 0.3162
vn 0.0000 -0.7071 -0.7071
vn -0.0000 -0.7071 -0.7071
vn -0.0000 -0.0000 -1.0000
vn -0.0000 -0.0000 -1.0000
vn 0.0000 -0.4856 -0.8742
vn -0.0000 -0.4856 -0.8742
vn 0.0000 0.1104 -0.9939
vn 0.0000 0.1104 -0.9939
vn 0.0000 -0.6000 -0.8000
vn -0.0000 -0.6000 -0.8000
vn 0.0000 -0.8384 -0.5450
vn -0.0000 -0.8384 -0.5450
vn 0.0000 -0.9806 -0.1961
vn -0.0000 -0.9806 -0.1961
vn 0.0000 -0.9852 0.1713
vn 0.0000 -0.9852 0.1713
vn 0.0000 -0.8716 0.4903
vn 0.0000 -0.8716 0.4903
vn 0.0000 -0.5767 0.8170
vn 0.0000 -0.5767 0.8170
vn 0.0000 -0.2249 0.9744
vn 0.0000 -0.2249 0.9744
vn 0.0000 -0.7071 0.7071
vn 0.0000 -0.7071 0.7071
vn 0.0000 -0.9701 -0.2425
vn -0.0000 -0.9701 -0.2425
vn 0.0000 -0.7071 0.7071
vn 0.0000 -0.7071 0.7071
vn 0.0000 -0.0200 0.9998
vn 0.0000 -0.0200 0.9998
vn 0.0000 -0.6946 0.7194
vn 0.0000 -0.6946 0.7194
vn 0.0000 0.2169 0.9762
vn 0.0000 0.2169 0.9762
vn 0.0000 0.5547 0.8321
vn 0.0000 0.5547 0.8321
vn 0.0000 0.8137 0.5812
vn 0.0000 0.8137 0.5812
vn 0.0000 0.9806 0.1961
vn 0.0000 0.9806 0.1961
vn 0.0000 0.8321 0.5547
vn 0.0000 0.8321 0.5547
vn 0.0000 0.9950 -0.0995
vn 0.0000 0.9950 -0.0995
vn 0.0000 0.7071 0.7071
vn 0.0000 0.7071 0.7071
vn 0.0000 0.1414 0.9899
vn 0.0000 0.1414 0.9899
vn 0.0000 0.4961 0.8682
vn 0.0000 0.4961 0.8682
vn 0.0000 0.7593 0.6508
vn 0.0000 0.7593 0.6508
vn 0.0000 0.9680 -0.2510
vn 0.0000 0.9680 -0.2510
vn 0.0000 0.9529 0.3032
vn 0.0000 0.9529 0.3032
vn -0.9979 0.0000 -0.0640
vn -0.9979 -0.0000 -0.0640
vn -0.9979 0.0000 -0.0640
vn 0.9979 0.0000 0.0640
vn 0.9979 0.0000 0.0640
vn 0.9979 0.0000 0.0640
vn -0.0000 -0.0000 -1.0000
vn -0.0000 -0.0000 -1.0000
vn 0.0000 -0.8321 0.5547
vn 0.0000 -0.8321 0.5547
vn 0.0000 -0.7071 -0.7071
vn -0.0000 -0.7071 -0.7071
vn 0.0000 0.9950 -0.0995
vn 0.0000 0.9950 -0.0995
vn 0.0000 -0.0000 1.0000
vn 0.0000 -0.0000 1.0000
vn -0.9979 0.0000 -0.0640
vn -0.9979 -0.0000 -0.0640
vn -0.9979 -0.0000 -0.0640
vn -0.9979 -0.0000 -0.0640
vn -0.9979 -0.0000 -0.0640
vn -0.9979 -0.0000 -0.0640
vn -0.9979 -0.0000 -0.0640
vn -0.9979 -0.0000 -0.0640
vn -0.9979 -0.0000 -0.0640
vn -0.9979 -0.0000 -0.0640
vn -0.9979 0.0000 -0.0640
vn -0.9979 0.0000 -0.0640
vn -0.9979 0.0000 -0.0640
vn -0.9979 0.0000 -0.0640
vn -0.9979 -0.0000 -0.0640
vn -0.9979 0.0000 -0.0640
vn 0.9979 -0.0000 0.0640
vn 0.9979 0.0000 0.0640
vn 0.9979 0.0000 0.0640
vn 0.9979 0.0000 0.0640
vn 0.9979 0.0000 0.0640
vn 0.9979 0.0000 0.0640
vn 0.9979 0.0000 0.0640
vn 0.9979 0.0000 0.0640
vn 0.9979 0.0000 0.0640
vn 0.9979 0.0000 0.0640
vn 0.9979 -0.0000 0.0640
vn 0.9979 -0.0000 0.0640
vn 0.9979 -0.0000 0.0640
vn 0.9979 -0.0000 0.0640
vn 0.9979 0.0000 0.0640
vn 0.9979 -0.0000 0.0640
vn 0.0000 0.5547 -0.8321
vn 0.0000 0.5547 -0.8321
vn 0.0000 -0.1644 -0.9864
vn -0.0000 -0.1644 -0.9864
vn 0.0000 -0.8000 -0.6000
vn -0.0000 -0.8000 -0.6000
vn 0.0000 -0.9864 0.1644
vn 0.0000 -0.9864 0.1644
vn 0.0000 -0.6000 0.8000
vn 0.0000 -0.6000 0.8000
vn 0.0000 0.0830 0.9965
vn 0.0000 0.0830 0.9965
vn 0.0000 0.9864 -0.1644
vn 0.0000 0.9864 -0.1644
vn 0.0000 0.7894 0.6139
vn 0.0000 0.7894 0.6139
vn 0.0000 -0.0905 -0.9959
vn -0.0000 -0.0905 -0.9959
vn 0.0000 0.6508 -0.7593
vn 0.0000 0.6508 -0.7593
vn 0.0000 0.9939 -0.1104
vn 0.0000 0.9939 -0.1104
vn 0.0000 0.8137 0.5812
vn 0.0000 0.8137 0.5812
vn 0.0000 0.1789 0.9839
vn 0.0000 0.1789 0.9839
vn 0.0000 -0.5812 0.8137
vn 0.0000 -0.5812 0.8137
vn 0.0000 -0.8000 -0.6000
vn -0.0000 -0.8000 -0.6000
vn 0.0000 -0.9806 0.1961
vn 0.0000 -0.9806 0.1961
vn -0.9979 0.0000 -0.0640
vn -0.9979 0.0000 -0.0640
vn -0.9979 -0.0000 -0.0640
vn -0.9979 0.0000 -0.0640
vn -0.9979 0.0000 -0.0640
vn -0.9979 -0.0000 -0.0640
vn -0.9979 -0.0000 -0.0640
vn -0.9979 -0.0000 -0.0640
vn -0.9979 -0.0000 -0.0640
vn -0.9979 -0.0000 -0.0640
vn -0.9979 0.0000 -0.0640
vn -0.9979 0.0000 -0.0640
vn -0.9979 0.0000 -0.0640
vn -0.9979 0.0000 -0.0640
vn -0.9979 0.0000 -0.0640
vn -0.9979 0.0000 -0.0640
vn -0.9979 -0.0000 -0.0640
vn -0.9979 -0.0000 -0.0640
vn 0.9979 -0.0000 0.0640
vn 0.9979 -0.0000 0.0640
vn 0.9979 0.0000 0.0640
vn 0.9979 -0.0000 0.0640
vn 0.9979 -0.0000 0.0640
vn 0.9979 0.0000 0.0640
vn 0.9979 0.0000 0.0640
vn 0.9979 0.0000 0.0640
vn 0.9979 0.0000 0.0640
vn 0.9979 0.0000 0.0640
vn 0.9979 -0.0000 0.0640
vn 0.9979 -0.0000 0.0640
vn 0.9979 -0.0000 0.0640
vn 0.9979 0.0000 0.0640
vn 0.9979 -0.0000 0.0640
vn 0.9979 -0.0000 0.0640
vn 0.9979 0.0000 0.0640
vn 0.9979 0.0000 0.0640
vn 0.0000 0.9285 0.3714
vn 0.0000 0.9285 0.3714
vn 0.0000 1.0000 0.0000
vn 0.0000 1.0000 0.0000
vn 0.0000 0.7071 0.7071
vn 0.0000 0.7071 0.7071
vn 0.0000 -0.0000 1.0000
vn 0.0000 -0.0000 1.0000
vn 0.0000 0.3939 0.9191
vn 0.0000 0.3939 0.9191
vn 0.0000 0.7809 0.6247
vn 0.0000 0.7809 0.6247
vn 0.0000 0.9965 0.0830
vn 0.0000 0.9965 0.0830
vn 0.0000 0.9104 -0.4138
vn 0.0000 0.9104 -0.4138
vn 0.0000 0.5547 -0.8321
vn 0.0000 0.5547 -0.8321
vn 0.0000 0.0303 -0.9995
vn 0.0000 0.0303 -0.9995
vn 0.0000 0.7071 -0.7071
vn 0.0000 0.7071 -0.7071
vn 0.0000 1.0000 0.0000
vn 0.0000 1.0000 0.0000
vn 0.0000 0.7399 -0.6727
vn 0.0000 0.7399 -0.6727
vn 0.0000 0.0665 -0.9978
vn 0.0000 0.0665 -0.9978
vn 0.0000 -0.5547 -0.8321
vn -0.0000 -0.5547 -0.8321
vn 0.0000 -0.9285 -0.3714
vn -0.0000 -0.9285 -0.3714
vn 0.0000 -1.0000 -0.0051
vn -0.0000 -1.0000 -0.0051
vn 0.0000 -0.8087 0.5882
vn 0.0000 -0.8087 0.5882
vn 0.0000 0.5735 0.8192
vn 0.0000 0.5735 0.8192
vn 0.0000 -0.1168 0.9932
vn 0.0000 -0.1168 0.9932
vn -0.9979 0.0000 -0.0640
vn -0.9979 0.0000 -0.0640
vn -0.9979 0.0000 -0.0640
vn -0.9979 -0.0000 -0.0640
vn -0.9979 -0.0000 -0.0640
vn -0.9979 0.0000 -0.0640
vn -0.9979 0.0000 -0.0640
vn -0.9979 -0.0000 -0.0640
vn -0.9979 -0.0000 -0.0640
vn -0.9979 0.0000 -0.0640
vn -0.9979 -0.0000 -0.0640
vn -0.9979 0.0000 -0.0640
vn -0.9979 -0.0000 -0.0640
vn -0.9979 0.0000 -0.0640
vn -0.9979 -0.0000 -0.0640
vn -0.9979 -0.0000 -0.0640
vn -0.9979 -0.0000 -0.0640
vn -0.9979 0.0000 -0.0640
vn -0.9979 -0.0000 -0.0640
vn -0.9979 0.0000 -0.0640
vn -0.9979 0.0000 -0.0640
vn 0.9979 0.0000 0.0640
vn 0.9979 0.0000 0.0640
vn 0.9979 -0.0000 0.0640
vn 0.9979 0.0000 0.0640
vn 0.9979 0.0000 0.0640
vn 0.9979 -0.0000 0.0640
vn 0.9979 -0.0000 0.0640
vn 0.9979 0.0000 0.0640
vn 0.9979 0.0000 0.0640
vn 0.9979 -0.0000 0.0640
vn 0.9979 0.0000 0.0640
vn 0.9979 -0.0000 0.0640
vn 0.9979 -0.0000 0.0640
vn 0.9979 -0.0000 0.0640
vn 0.9979 0.0000 0.0640
vn 0.9979 0.0000 0.0640
vn 0.9979 0.0000 0.0640
vn 0.9979 0.0000 0.0640
vn 0.9979 0.0000 0.0640
vn 0.9979 -0.0000 0.0640
vn 0.9979 -0.0000 0.0640
vn 0.0000 0.8000 0.6000
vn 0.0000 0.8000 0.6000
vn 0.0000 0.9996 0.0290
vn 0.0000 0.9996 0.0290
vn 0.0000 0.7071 0.7071
vn 0.0000 0.7071 0.7071
vn 0.0000 -0.0000 1.0000
vn 0.0000 -0.0000 1.0000
vn 0.0000 0.3939 0.9191
vn 0.0000 0.3939 0.9191
vn 0.0000 0.7474 0.6644
vn 0.0000 0.7474 0.6644
vn 0.0000 0.9912 0.1322
vn 0.0000 0.9912 0.1322
vn 0.0000 0.9191 -0.3939
vn 0.0000 0.9191 -0.3939
vn 0.0000 0.6097 -0.7926
vn 0.0000 0.6097 -0.7926
vn -0.0000 -0.0000 -1.0000
vn -0.0000 -0.0000 -1.0000
vn 0.0000 0.7071 -0.7071
vn 0.0000 0.7071 -0.7071
vn 0.0000 0.9999 0.0120
vn 0.0000 0.9999 0.0120
vn 0.0000 0.9363 -0.3511
vn 0.0000 0.9363 -0.3511
vn 0.0000 0.7071 -0.7071
vn 0.0000 0.7071 -0.7071
vn 0.0000 0.2095 -0.9778
vn 0.0000 0.2095 -0.9778
vn 0.0000 -0.2747 -0.9615
vn -0.0000 -0.2747 -0.9615
vn 0.0000 -0.6508 -0.7593
vn -0.0000 -0.6508 -0.7593
vn 0.0000 -0.9701 -0.2425
vn -0.0000 -0.9701 -0.2425
vn 0.0000 -0.9999 -0.0104
vn -0.0000 -0.9999 -0.0104
vn 0.0000 -0.9363 0.3511
vn 0.0000 -0.9363 0.3511
vn 0.0000 -0.6508 0.7593
vn 0.0000 -0.6508 0.7593
vn 0.0000 0.3162 0.9487
vn 0.0000 0.3162 0.9487
vn 0.0000 -0.1322 0.9912
vn 0.0000 -0.1322 0.9912
vn -0.9979 -0.0000 -0.0640
vn -0.9979 -0.0000 -0.0640
vn -0.9979 -0.0000 -0.0640
vn -0.9979 -0.0000 -0.0640
vn -0.9979 0.0000 -0.0640
vn -0.9979 0.0000 -0.0640
vn -0.9979 -0.0000 -0.0640
vn -0.9979 0.0000 -0.0640
vn -0.9979 -0.0000 -0.0640
vn -0.9979 -0.0000 -0.0640
vn -0.9979 0.0000 -0.0640
vn -0.9979 0.0000 -0.0640
vn -0.9979 0.0000 -0.0640
vn -0.9979 -0.0000 -0.0640
vn -0.9979 -0.0000 -0.0640
vn -0.9979 0.0000 -0.0640
vn -0.9979 0.0000 -0.0640
vn -0.9979 -0.0000 -0.0640
vn -0.9979 0.0000 -0.0640
vn -0.9979 0.0000 -0.0640
vn -0.9979 -0.0000 -0.0640
vn -0.9979 0.0000 -0.0640
vn -0.9979 0.0000 -0.0640
vn -0.9979 0.0000 -0.0640
vn 0.9979 -0.0000 0.0640
vn 0.9979 0.0000 0.0640
vn 0.9979 0.0000 0.0640
vn 0.9979 0.0000 0.0640
vn 0.9979 -0.0000 0.0640
vn 0.9979 -0.0000 0.0640
vn 0.9979 0.0000 0.0640
vn 0.9979 -0.0000 0.0640
vn 0.9979 -0.0000 0.0640
vn 0.9979 0.0000 0.0640
vn 0.9979 -0.0000 0.0640
vn 0.9979 -0.0000 0.0640
vn 0.9979 -0.0000 0.0640
vn 0.9979 0.0000 0.0640
vn 0.9979 0.0000 0.0640
vn 0.9979 0.0000 0.0640
vn 0.9979 -0.0000 0.0640
vn 0.9979 0.0000 0.0640
vn 0.9979 -0.0000 0.0640
vn 0.9979 -0.0000 0.0640
vn 0.9979 0.0000 0.0640
vn 0.9979 0.0000 0.0640
vn 0.9979 -0.0000 0.0640
vn 0.9979 -0.0000 0.0640
vn 0.0000 -0.5882 -0.8087
vn -0.0000 -0.5882 -0.8087
vn 0.0000 -0.9487 -0.3162
vn -0.0000 -0.9487 -0.3162
vn 0.0000 -1.0000 -0.0081
vn -0.0000 -1.0000 -0.0081
vn 0.0000 -0.9701 0.2425
vn 0.0000 -0.9701 0.2425
vn 0.0000 -0.7740 0.6332
vn 0.0000 -0.7740 0.6332
vn 0.0000 -0.4061 0.9138
vn 0.0000 -0.4061 0.9138
vn 0.0000 -0.0000 1.0000
vn 0.0000 -0.0000 1.0000
vn 0.0000 -0.9104 0.4138
vn 0.0000 -0.9104 0.4138
vn 0.0000 -0.5039 0.8638
vn 0.0000 -0.5039 0.8638
vn 0.0000 0.0995 0.9950
vn 0.0000 0.0995 0.9950
vn 0.0000 0.6139 0.7894
vn 0.0000 0.6139 0.7894
vn 0.0000 0.9908 0.1351
vn 0.0000 0.9908 0.1351
vn 0.0000 0.9999 0.0154
vn 0.0000 0.9999 0.0154
vn 0.0000 0.9671 -0.2545
vn 0.0000 0.9671 -0.2545
vn -0.0000 -0.0000 -1.0000
vn -0.0000 -0.0000 -1.0000
vn 0.0000 0.6332 -0.7740
vn 0.0000 0.6332 -0.7740
vn 0.0000 -0.9999 -0.0127
vn -0.0000 -0.9999 -0.0127
vn 0.0000 -0.7071 -0.7071
vn -0.0000 -0.7071 -0.7071
vn -0.0000 -0.0000 -1.0000
vn -0.0000 -0.0000 -1.0000
vn 0.0000 0.7071 -0.7071
vn 0.0000 0.7071 -0.7071
vn 0.0000 0.9999 0.0127
vn 0.0000 0.9999 0.0127
vn 0.0000 0.7071 0.7071
vn 0.0000 0.7071 0.7071
vn 0.0000 -0.7071 0.7071
vn 0.0000 -0.7071 0.7071
vn 0.0000 -0.0000 1.0000
vn 0.0000 -0.0000 1.0000
vn -0.9979 -0.0000 -0.0640
vn -0.9979 0.0000 -0.0640
vn -0.9979 0.0000 -0.0640
vn -0.9979 0.0000 -0.0640
vn -0.9979 0.0000 -0.0640
vn -0.9979 0.0000 -0.0640
vn -0.9979 0.0000 -0.0640
vn -0.9979 0.0000 -0.0640
vn -0.9979 -0.0000 -0.0640
vn -0.9979 0.0000 -0.0640
vn -0.9979 -0.0000 -0.0640
vn -0.9979 -0.0000 -0.0640
vn -0.9979 -0.0000 -0.0640
vn -0.9979 0.0000 -0.0640
vn -0.9979 0.0000 -0.0640
vn -0.9979 0.0000 -0.0640
vn -0.9979 0.0000 -0.0640
vn -0.9979 0.0000 -0.0640
vn -0.9979 0.0000 -0.0640
vn -0.9979 0.0000 -0.0640
vn -0.9979 0.0000 -0.0640
vn -0.9979 -0.0000 -0.0640
vn -0.9979 -0.0000 -0.0640
vn -0.9979 -0.0000 -0.0640
vn -0.9979 -0.0000 -0.0640
vn -0.9979 -0.0000 -0.0640
vn -0.9979 -0.0000 -0.0640
vn -0.9979 -0.0000 -0.0640
vn -0.9979 0.0000 -0.0640
vn -0.9979 -0.0000 -0.0640
vn -0.9979 0.0000 -0.0640
vn -0.9979 -0.0000 -0.0640
vn -0.9979 0.0000 -0.0640
vn -0.9979 -0.0000 -0.0640
vn -0.9979 0.0000 -0.0640
vn -0.9979 -0.0000 -0.0640
vn -0.9979 -0.0000 -0.0640
vn -0.9979 -0.0000 -0.0640
vn 0.9979 0.0000 0.0640
vn 0.9979 -0.0000 0.0640
vn 0.9979 -0.0000 0.0640
vn 0.9979 -0.0000 0.0640
vn 0.9979 -0.0000 0.0640
vn 0.9979 -0.0000 0.0640
vn 0.9979 -0.0000 0.0640
vn 0.9979 -0.0000 0.0640
vn 0.9979 0.0000 0.0640
vn 0.9979 -0.0000 0.0640
vn 0.9979 0.0000 0.0640
vn 0.9979 0.0000 0.0640
vn 0.9979 0.0000 0.0640
vn 0.9979 0.0000 0.0640
vn 0.9979 -0.0000 0.0640
vn 0.9979 -0.0000 0.0640
vn 0.9979 -0.0000 0.0640
vn 0.9979 -0.0000 0.0640
vn 0.9979 -0.0000 0.0640
vn 0.9979 -0.0000 0.0640
vn 0.9979 -0.0000 0.0640
vn 0.9979 -0.0000 0.0640
vn 0.9979 0.0000 0.0640
vn 0.9979 0.0000 0.0640
vn 0.9979 0.0000 0.0640
vn 0.9979 0.0000 0.0640
vn 0.9979 0.0000 0.0640
vn 0.9979 0.0000 0.0640
vn 0.9979 -0.0000 0.0640
vn 0.9979 0.0000 0.0640
vn 0.9979 -0.0000 0.0640
vn 0.9979 0.0000 0.0640
vn 0.9979 -0.0000 0.0640
vn 0.9979 0.0000 0.0640
vn 0.9979 -0.0000 0.0640
vn 0.9979 0.0000 0.0640
vn 0.9979 0.0000 0.0640
vn 0.9979 0.0000 0.0640
vn 0.0000 0.9594 0.2822
vn 0.0000 0.9594 0.2822
vn 0.0000 0.9869 0.1611
vn 0.0000 0.9869 0.1611
vn 0.0000 1.0000 0.0000
vn 0.0000 1.0000 0.0000
vn 0.0000 0.9889 -0.1483
vn 0.0000 0.9889 -0.1483
vn 0.0000 0.9529 -0.3032
vn 0.0000 0.9529 -0.3032
vn 0.0000 0.8412 -0.5408
vn 0.0000 0.8412 -0.5408
vn 0.0000 0.6690 -0.7433
vn 0.0000 0.6690 -0.7433
vn 0.0000 -0.3846 -0.9231
vn -0.0000 -0.3846 -0.9231
vn 0.0000 0.1104 -0.9939
vn 0.0000 0.1104 -0.9939
vn 0.0000 0.6644 -0.7474
vn 0.0000 0.6644 -0.7474
vn 0.0000 0.8944 -0.4472
vn 0.0000 0.8944 -0.4472
vn -0.0000 -0.0000 -1.0000
vn -0.0000 -0.0000 -1.0000
vn 0.0000 -0.1465 -0.9892
vn -0.0000 -0.1465 -0.9892
vn 0.0000 -0.2484 -0.9687
vn -0.0000 -0.2484 -0.9687
vn 0.0000 -0.4961 -0.8682
vn -0.0000 -0.4961 -0.8682
vn 0.0000 -0.8137 -0.5812
vn -0.0000 -0.8137 -0.5812
vn 0.0000 -0.9950 -0.0995
vn -0.0000 -0.9950 -0.0995
vn 0.0000 -0.8682 0.4961
vn 0.0000 -0.8682 0.4961
vn 0.0000 -0.4061 0.9138
vn 0.0000 -0.4061 0.9138
vn 0.0000 -0.0000 1.0000
vn 0.0000 -0.0000 1.0000
vn 0.0000 0.2873 0.9578
vn 0.0000 0.2873 0.9578
vn 0.0000 -0.2747 0.9615
vn 0.0000 -0.2747 0.9615
vn 0.0000 -1.0000 -0.0084
vn -0.0000 -1.0000 -0.0084
vn 0.0000 -0.8575 0.5145
vn 0.0000 -0.8575 0.5145
vn 0.0000 -0.4472 0.8944
vn 0.0000 -0.4472 0.8944
vn 0.0000 0.1240 0.9923
vn 0.0000 0.1240 0.9923
vn 0.0000 0.7071 0.7071
vn 0.0000 0.7071 0.7071
vn 0.0000 0.9363 0.3511
vn 0.0000 0.9363 0.3511
vn 0.0000 1.0000 0.0000
vn 0.0000 1.0000 0.0000
vn 0.0000 0.7071 0.7071
vn 0.0000 0.7071 0.7071
vn 0.0000 -0.1240 0.9923
vn 0.0000 -0.1240 0.9923
vn 0.0000 -0.6097 0.7926
vn 0.0000 -0.6097 0.7926
vn 0.0000 -0.9216 0.3881
vn 0.0000 -0.9216 0.3881
vn 0.0000 -0.9988 0.0499
vn 0.0000 -0.9988 0.0499
vn 0.0000 -0.9843 -0.1763
vn -0.0000 -0.9843 -0.1763
vn 0.0000 -0.9191 0.3939
vn 0.0000 -0.9191 0.3939
vn 0.0000 -0.6247 0.7809
vn 0.0000 -0.6247 0.7809
vn 0.0000 -0.2169 0.9762
vn 0.0000 -0.2169 0.9762
vn 0.0000 0.7526 0.6585
vn 0.0000 0.7526 0.6585
vn 0.0000 0.2873 0.9578
vn 0.0000 0.2873 0.9578
vn -0.9979 0.0000 -0.0640
vn -0.9979 0.0000 -0.0640
vn -0.9979 -0.0000 -0.0640
vn -0.9979 0.0000 -0.0640
vn -0.9979 0.0000 -0.0640
vn -0.9979 0.0000 -0.0640
vn -0.9979 -0.0000 -0.0640
vn -0.9979 -0.0000 -0.0640
vn -0.9979 -0.0000 -0.0640
vn -0.9979 0.0000 -0.0640
vn -0.9979 0.0000 -0.0640
vn -0.9979 -0.0000 -0.0640
vn -0.9979 0.0000 -0.0640
vn -0.9979 0.0000 -0.0640
vn -0.9979 0.0000 -0.0640
vn -0.9979 -0.0000 -0.0640
vn -0.9979 -0.0000 -0.0640
vn -0.9979 -0.0000 -0.0640
vn -0.9979 -0.0000 -0.0640
vn -0.9979 0.0000 -0.0640
vn -0.9979 0.0000 -0.0640
vn -0.9979 0.0000 -0.0640
vn -0.9979 -0.0000 -0.0640
vn -0.9979 -0.0000 -0.0640
vn -0.9979 -0.0000 -0.0640
vn -0.9979 0.0000 -0.0640
vn -0.9979 0.0000 -0.0640
vn -0.9979 0.0000 -0.0640
vn -0.9979 -0.0000 -0.0640
vn -0.9979 0.0000 -0.0640
vn -0.9979 0.0000 -0.0640
vn -0.9979 -0.0000 -0.0640
vn -0.9979 -0.0000 -0.0640
vn -0.9979 0.0000 -0.0640
vn -0.9979 0.0000 -0.0640
vn -0.9979 0.0000 -0.0640
vn -0.9979 0.0000 -0.0640
vn -0.9979 0.0000 -0.0640
vn -0.9979 -0.0000 -0.0640
vn -0.9979 -0.0000 -0.0640
vn -0.9979 -0.0000 -0.0640
vn 0.9979 -0.0000 0.0640
vn 0.9979 0.0000 0.0640
vn 0.9979 0.0000 0.0640
vn 0.9979 0.0000 0.0640
vn 0.9979 0.0000 0.0640
vn 0.9979 -0.0000 0.0640
vn 0.9979 0.0000 0.0640
vn 0.9979 0.0000 0.0640
vn 0.9979 0.0000 0.0640
vn 0.9979 -0.0000 0.0640
vn 0.9979 0.0000 0.0640
vn 0.9979 0.0000 0.0640
vn 0.9979 -0.0000 0.0640
vn 0.9979 -0.0000 0.0640
vn 0.9979 -0.0000 0.0640
vn 0.9979 0.0000 0.0640
vn 0.9979 0.0000 0.0640
vn 0.9979 0.0000 0.0640
vn 0.9979 0.0000 0.0640
vn 0.9979 -0.0000 0.0640
vn 0.9979 -0.0000 0.0640
vn 0.9979 -0.0000 0.0640
vn 0.9979 0.0000 0.0640
vn 0.9979 0.0000 0.0640
vn 0.9979 0.0000 0.0640
vn 0.9979 -0.0000 0.0640
vn 0.9979 -0.0000 0.0640
vn 0.9979 -0.0000 0.0640
vn 0.9979 0.0000 0.0640
vn 0.9979 -0.0000 0.0640
vn 0.9979 -0.0000 0.0640
vn 0.9979 0.0000 0.0640
vn 0.9979 0.0000 0.0640
vn 0.9979 -0.0000 0.0640
vn 0.9979 -0.0000 0.0640
vn 0.9979 -0.0000 0.0640
vn 0.9979 -0.0000 0.0640
vn 0.9979 -0.0000 0.0640
vn 0.9979 0.0000 0.0640
vn 0.9979 0.0000 0.0640
vn 0.9979 0.0000 0.0640
vn 0.0000 0.9701 0.2425
vn 0.0000 0.9701 0.2425
vn 0.0000 0.9943 0.1065
vn 0.0000 0.9943 0.1065
vn 0.0000 1.0000 0.0000
vn 0.0000 1.0000 0.0000
vn 0.0000 0.9908 -0.1351
vn 0.0000 0.9908 -0.1351
vn 0.0000 0.9536 -0.3011
vn 0.0000 0.9536 -0.3011
vn 0.0000 0.8533 -0.5215
vn 0.0000 0.8533 -0.5215
vn 0.0000 0.6508 -0.7593
vn 0.0000 0.6508 -0.7593
vn 0.0000 0.3560 -0.9345
vn 0.0000 0.3560 -0.9345
vn 0.0000 -0.7071 -0.7071
vn -0.0000 -0.7071 -0.7071
vn 0.0000 -0.4472 -0.8944
vn -0.0000 -0.4472 -0.8944
vn 0.0000 0.1240 -0.9923
vn 0.0000 0.1240 -0.9923
vn 0.0000 0.6000 -0.8000
vn 0.0000 0.6000 -0.8000
vn 0.0000 0.1961 -0.9806
vn 0.0000 0.1961 -0.9806
vn 0.0000 -0.2425 -0.9701
vn -0.0000 -0.2425 -0.9701
vn 0.0000 -0.4961 -0.8682
vn -0.0000 -0.4961 -0.8682
vn 0.0000 -0.8137 -0.5812
vn -0.0000 -0.8137 -0.5812
vn 0.0000 -0.9965 -0.0830
vn -0.0000 -0.9965 -0.0830
vn 0.0000 -0.9138 0.4061
vn 0.0000 -0.9138 0.4061
vn 0.0000 -0.7071 0.7071
vn 0.0000 -0.7071 0.7071
vn 0.0000 -0.2249 0.9744
vn 0.0000 -0.2249 0.9744
vn 0.0000 0.2912 0.9567
vn 0.0000 0.2912 0.9567
vn 0.0000 -0.3714 0.9285
vn 0.0000 -0.3714 0.9285
vn 0.0000 -0.9997 -0.0252
vn -0.0000 -0.9997 -0.0252
vn 0.0000 -0.9285 0.3714
vn 0.0000 -0.9285 0.3714
vn 0.0000 -0.6139 0.7894
vn 0.0000 -0.6139 0.7894
vn 0.0000 -0.0000 1.0000
vn 0.0000 -0.0000 1.0000
vn 0.0000 0.6000 0.8000
vn 0.0000 0.6000 0.8000
vn 0.0000 0.8944 0.4472
vn 0.0000 0.8944 0.4472
vn 0.0000 0.9999 0.0159
vn 0.0000 0.9999 0.0159
vn 0.0000 0.7071 0.7071
vn 0.0000 0.7071 0.7071
vn 0.0000 -0.0665 0.9978
vn 0.0000 -0.0665 0.9978
vn 0.0000 -0.4472 0.8944
vn 0.0000 -0.4472 0.8944
vn 0.0000 -0.7071 0.7071
vn 0.0000 -0.7071 0.7071
vn 0.0000 -0.9345 0.3560
vn 0.0000 -0.9345 0.3560
vn 0.0000 -0.9994 0.0345
vn 0.0000 -0.9994 0.0345
vn 0.0000 -0.9912 -0.1322
vn -0.0000 -0.9912 -0.1322
vn 0.0000 -0.9624 -0.2715
vn -0.0000 -0.9624 -0.2715
vn -0.0000 -1.0000 0.0000
vn 0.0000 -1.0000 0.0000
vn 0.0000 -0.7740 0.6332
vn 0.0000 -0.7740 0.6332
vn 0.0000 -0.3939 0.9191
vn 0.0000 -0.3939 0.9191
vn 0.0000 -0.0000 1.0000
vn 0.0000 -0.0000 1.0000
vn 0.0000 0.8087 0.5882
vn 0.0000 0.8087 0.5882
vn 0.0000 0.4472 0.8944
vn 0.0000 0.4472 0.8944
vn -0.9979 -0.0000 -0.0640
vn -0.9979 -0.0000 -0.0640
vn -0.9979 0.0000 -0.0640
vn -0.9979 -0.0000 -0.0640
vn -0.9979 0.0000 -0.0640
vn -0.9979 0.0000 -0.0640
vn -0.9979 0.0000 -0.0640
vn -0.9979 -0.0000 -0.0640
vn -0.9979 0.0000 -0.0640
vn -0.9979 -0.0000 -0.0640
vn -0.9979 -0.0000 -0.0640
vn -0.9979 0.0000 -0.0640
vn -0.9979 0.0000 -0.0640
vn -0.9979 -0.0000 -0.0640
vn -0.9979 0.0000 -0.0640
vn -0.9979 0.0000 -0.0640
vn -0.9979 0.0000 -0.0640
vn -0.9979 -0.0000 -0.0640
vn -0.9979 -0.0000 -0.0640
vn -0.9979 -0.0000 -0.0640
vn -0.9979 -0.0000 -0.0640
vn -0.9979 0.0000 -0.0640
vn -0.9979 -0.0000 -0.0640
vn -0.9979 -0.0000 -0.0640
vn -0.9979 0.0000 -0.0640
vn -0.9979 0.0000 -0.0640
vn -0.9979 0.0000 -0.0640
vn -0.9979 0.0000 -0.0640
vn -0.9979 -0.0000 -0.0640
vn -0.9979 -0.0000 -0.0640
vn -0.9979 0.0000 -0.0640
vn -0.9979 -0.0000 -0.0640
vn -0.9979 0.0000 -0.0640
vn -0.9979 0.0000 -0.0640
vn -0.9979 0.0000 -0.0640
vn -0.9979 0.0000 -0.0640
vn -0.9979 -0.0000 -0.0640
vn -0.9979 -0.0000 -0.0640
vn 0.9979 -0.0000 0.0640
vn 0.9979 0.0000 0.0640
vn 0.9979 -0.0000 0.0640
vn 0.9979 0.0000 0.0640
vn 0.9979 -0.0000 0.0640
vn 0.9979 -0.0000 0.0640
vn 0.9979 0.0000 0.0640
vn 0.9979 0.0000 0.0640
vn 0.9979 -0.0000 0.0640
vn 0.9979 0.0000 0.0640
vn 0.9979 0.0000 0.0640
vn 0.9979 -0.0000 0.0640
vn 0.9979 -0.0000 0.0640
vn 0.9979 0.0000 0.0640
vn 0.9979 -0.0000 0.0640
vn 0.9979 -0.0000 0.0640
vn 0.9979 -0.0000 0.0640
vn 0.9979 0.0000 0.0640
vn 0.9979 0.0000 0.0640
vn 0.9979 0.0000 0.0640
vn 0.9979 0.0000 0.0640
vn 0.9979 -0.0000 0.0640
vn 0.9979 0.0000 0.0640
vn 0.9979 0.0000 0.0640
vn 0.9979 0.0000 0.0640
vn 0.9979 -0.0000 0.0640
vn 0.9979 -0.0000 0.0640
vn 0.9979 -0.0000 0.0640
vn 0.9979 0.0000 0.0640
vn 0.9979 0.0000 0.0640
vn 0.9979 -0.0000 0.0640
vn 0.9979 -0.0000 0.0640
vn 0.9979 -0.0000 0.0640
vn 0.9979 0.0000 0.0640
vn 0.9979 -0.0000 0.0640
vn 0.9979 -0.0000 0.0640
vn 0.9979 0.0000 0.0640
vn 0.9979 0.0000 0.0640
vn 0.0000 -0.1961 -0.9806
vn -0.0000 -0.1961 -0.9806
vn 0.0000 -0.7526 -0.6585
vn -0.0000 -0.7526 -0.6585
vn 0.0000 -0.9971 -0.0767
vn -0.0000 -0.9971 -0.0767
vn 0.0000 -0.7071 -0.7071
vn -0.0000 -0.7071 -0.7071
vn -0.0000 -0.0000 -1.0000
vn -0.0000 -0.0000 -1.0000
vn 0.0000 0.7071 -0.7071
vn 0.0000 0.7071 -0.7071
vn 0.0000 1.0000 0.0000
vn 0.0000 1.0000 0.0000
vn 0.0000 0.9363 -0.3511
vn 0.0000 0.9363 -0.3511
vn 0.0000 0.5735 -0.8192
vn 0.0000 0.5735 -0.8192
vn 0.0000 -0.0712 -0.9975
vn -0.0000 -0.0712 -0.9975
vn 0.0000 -0.6508 -0.7593
vn -0.0000 -0.6508 -0.7593
vn 0.0000 -0.9398 -0.3417
vn -0.0000 -0.9398 -0.3417
vn 0.0000 -0.9999 -0.0155
vn -0.0000 -0.9999 -0.0155
vn 0.0000 -0.8437 0.5369
vn 0.0000 -0.8437 0.5369
vn 0.0000 -0.3939 0.9191
vn 0.0000 -0.3939 0.9191
vn 0.0000 -0.0000 1.0000
vn 0.0000 -0.0000 1.0000
vn 0.0000 0.4472 0.8944
vn 0.0000 0.4472 0.8944
vn 0.0000 0.8000 0.6000
vn 0.0000 0.8000 0.6000
vn 0.0000 0.9971 0.0767
vn 0.0000 0.9971 0.0767
vn 0.0000 0.7071 0.7071
vn 0.0000 0.7071 0.7071
vn 0.0000 -0.0000 1.0000
vn 0.0000 -0.0000 1.0000
vn 0.0000 -0.7071 0.7071
vn 0.0000 -0.7071 0.7071
vn 0.0000 -0.9978 0.0665
vn 0.0000 -0.9978 0.0665
vn 0.0000 -0.7526 0.6585
vn 0.0000 -0.7526 0.6585
vn 0.0000 -0.2095 0.9778
vn 0.0000 -0.2095 0.9778
vn 0.0000 0.5039 0.8638
vn 0.0000 0.5039 0.8638
vn 0.0000 0.9138 0.4061
vn 0.0000 0.9138 0.4061
vn 0.0000 0.9996 0.0298
vn 0.0000 0.9996 0.0298
vn 0.0000 0.4061 -0.9138
vn 0.0000 0.4061 -0.9138
vn 0.0000 0.8000 -0.6000
vn 0.0000 0.8000 -0.6000
vn -0.0000 -0.0000 -1.0000
vn -0.0000 -0.0000 -1.0000
vn 0.0000 0.7071 -0.7071
vn 0.0000 0.7071 -0.7071
vn 0.0000 1.0000 0.0000
vn 0.0000 1.0000 0.0000
vn 0.0000 0.7071 0.7071
vn 0.0000 0.7071 0.7071
vn 0.0000 -0.0000 1.0000
vn 0.0000 -0.0000 1.0000
vn 0.0000 -0.7071 0.7071
vn 0.0000 -0.7071 0.7071
vn 0.0000 -0.7071 -0.7071
vn -0.0000 -0.7071 -0.7071
vn -0.0000 -1.0000 0.0000
vn 0.0000 -1.0000 0.0000
vn -0.9979 0.0000 -0.0640
vn -0.9979 0.0000 -0.0640
vn -0.9979 -0.0000 -0.0640
vn -0.9979 0.0000 -0.0640
vn 0.9979 -0.0000 0.0640
vn 0.9979 0.0000 0.0640
vn 0.9979 0.0000 0.0640
vn 0.9979 -0.0000 0.0640
vn 0.0000 0.5547 -0.8321
vn 0.0000 0.5547 -0.8321
vn 0.0000 -0.5547 -0.8321
vn -0.0000 -0.5547 -0.8321
vn 0.0000 -0.8944 0.4472
vn 0.0000 -0.8944 0.4472
vn 0.0000 -0.0000 1.0000
vn 0.0000 -0.0000 1.0000
vn 0.0000 0.9806 -0.1961
vn 0.0000 0.9806 -0.1961
vn 0.0000 0.7071 0.7071
vn 0.0000 0.7071 0.7071
vn -0.9979 -0.0000 -0.0640
vn -0.9979 0.0000 -0.0640
vn -0.9979 -0.0000 -0.0640
vn -0.9979 0.0000 -0.0640
vn -0.9979 0.0000 -0.0640
vn -0.9979 -0.0000 -0.0640
vn 0.9979 0.0000 0.0640
vn 0.9979 -0.0000 0.0640
vn 0.9979 0.0000 0.0640
vn 0.9979 -0.0000 0.0640
vn 0.9979 -0.0000 0.0640
vn 0.9979 -0.0000 0.0640
vn 0.0000 0.6000 -0.8000
vn 0.0000 0.6000 -0.8000
vn -0.0000 -0.0000 -1.0000
vn -0.0000 -0.0000 -1.0000
vn 0.0000 -0.7071 -0.7071
vn -0.0000 -0.7071 -0.7071
vn 0.0000 -0.9864 0.1644
vn 0.0000 -0.9864 0.1644
vn 0.0000 -0.6000 0.8000
vn 0.0000 -0.6000 0.8000
vn 0.0000 0.1414 0.9899
vn 0.0000 0.1414 0.9899
vn 0.0000 0.9701 -0.2425
vn 0.0000 0.9701 -0.2425
vn 0.0000 0.8575 0.5145
vn 0.0000 0.8575 0.5145
vn -0.9979 0.0000 -0.0640
vn -0.9979 -0.0000 -0.0640
vn -0.9979 0.0000 -0.0640
vn -0.9979 0.0000 -0.0640
vn -0.9979 0.0000 -0.0640
vn -0.9979 -0.0000 -0.0640
vn 0.9979 -0.0000 0.0640
vn 0.9979 0.0000 0.0640
vn 0.9979 -0.0000 0.0640
vn 0.9979 -0.0000 0.0640
vn 0.9979 -0.0000 0.0640
vn 0.9979 -0.0000 0.0640
vn 0.0000 0.5547 -0.8321
vn 0.0000 0.5547 -0.8321
vn -0.0000 -0.0000 -1.0000
vn -0.0000 -0.0000 -1.0000
vn 0.0000 -0.7071 -0.7071
vn -0.0000 -0.7071 -0.7071
vn 0.0000 -0.9806 0.1961
vn 0.0000 -0.9806 0.1961
vn 0.0000 -0.6000 0.8000
vn 0.0000 -0.6000 0.8000
vn 0.0000 0.1644 0.9864
vn 0.0000 0.1644 0.9864
vn 0.0000 0.9864 -0.1644
vn 0.0000 0.9864 -0.1644
vn 0.0000 0.8321 0.5547
vn 0.0000 0.8321 0.5547
vn -0.9979 0.0000 -0.0640
vn -0.9979 -0.0000 -0.0640
vn -0.9979 0.0000 -0.0640
vn -0.9979 0.0000 -0.0640
vn -0.9979 0.0000 -0.0640
vn -0.9979 0.0000 -0.0640
vn -0.9979 -0.0000 -0.0640
vn -0.9979 0.0000 -0.0640
vn -0.9979 0.0000 -0.0640
vn -0.9979 -0.0000 -0.0640
vn -0.9979 -0.0000 -0.0640
vn -0.9979 0.0000 -0.0640
vn -0.9979 0.0000 -0.0640
vn -0.9979 0.0000 -0.0640
vn -0.9979 -0.0000 -0.0640
vn -0.9979 0.0000 -0.0640
vn -0.9979 -0.0000 -0.0640
vn -0.9979 0.0000 -0.0640
vn -0.9979 -0.0000 -0.0640
vn -0.9979 0.0000 -0.0640
vn -0.9979 0.0000 -0.0640
vn -0.9979 -0.0000 -0.0640
vn -0.9979 -0.0000 -0.0640
vn -0.9979 -0.0000 -0.0640
vn -0.9979 -0.0000 -0.0640
vn -0.9979 0.0000 -0.0640
vn -0.9979 0.0000 -0.0640
vn -0.9979 0.0000 -0.0640
vn -0.9979 -0.0000 -0.0640
vn -0.9979 0.0000 -0.0640
vn -0.9979 -0.0000 -0.0640
vn -0.9979 0.0000 -0.0640
vn 0.9979 -0.0000 0.0640
vn 0.9979 0.0000 0.0640
vn 0.9979 -0.0000 0.0640
vn 0.9979 -0.0000 0.0640
vn 0.9979 -0.0000 0.0640
vn 0.9979 -0.0000 0.0640
vn 0.9979 0.0000 0.0640
vn 0.9979 -0.0000 0.0640
vn 0.9979 0.0000 0.0640
vn 0.9979 0.0000 0.0640
vn 0.9979 0.0000 0.0640
vn 0.9979 -0.0000 0.0640
vn 0.9979 0.0000 0.0640
vn 0.9979 0.0000 0.0640
vn 0.9979 -0.0000 0.0640
vn 0.9979 -0.0000 0.0640
vn 0.9979 0.0000 0.0640
vn 0.9979 -0.0000 0.0640
vn 0.9979 -0.0000 0.0640
vn 0.9979 -0.0000 0.0640
vn 0.9979 -0.0000 0.0640
vn 0.9979 0.0000 0.0640
vn 0.9979 0.0000 0.0640
vn 0.9979 -0.0000 0.0640
vn 0.9979 0.0000 0.0640
vn 0.9979 -0.0000 0.0640
vn 0.9979 -0.0000 0.0640
vn 0.9979 -0.0000 0.0640
vn 0.9979 0.0000 0.0640
vn 0.9979 0.0000 0.0640
vn 0.9979 0.0000 0.0640
vn 0.9979 -0.0000 0.0640
vn 0.0000 -0.4614 -0.8872
vn -0.0000 -0.4614 -0.8872
vn 0.0000 -0.7071 -0.7071
vn -0.0000 -0.7071 -0.7071
vn 0.0000 -0.8437 -0.5369
vn -0.0000 -0.8437 -0.5369
vn 0.0000 -0.9594 -0.2822
vn -0.0000 -0.9594 -0.2822
vn -0.0000 -1.0000 0.0000
vn 0.0000 -1.0000 0.0000
vn 0.0000 -0.7071 -0.7071
vn -0.0000 -0.7071 -0.7071
vn 0.0000 0.2169 -0.9762
vn 0.0000 0.2169 -0.9762
vn -0.0000 -0.0000 -1.0000
vn -0.0000 -0.0000 -1.0000
vn 0.0000 0.7071 -0.7071
vn 0.0000 0.7071 -0.7071
vn 0.0000 0.9986 -0.0526
vn 0.0000 0.9986 -0.0526
vn 0.0000 0.8575 -0.5145
vn 0.0000 0.8575 -0.5145
vn 0.0000 0.5145 -0.8575
vn 0.0000 0.5145 -0.8575
vn -0.0000 -0.0000 -1.0000
vn -0.0000 -0.0000 -1.0000
vn 0.0000 -0.3939 -0.9191
vn -0.0000 -0.3939 -0.9191
vn 0.0000 -0.7682 -0.6402
vn -0.0000 -0.7682 -0.6402
vn 0.0000 -0.9988 -0.0499
vn -0.0000 -0.9988 -0.0499
vn 0.0000 -0.7071 -0.7071
vn -0.0000 -0.7071 -0.7071
vn -0.0000 -0.0000 -1.0000
vn -0.0000 -0.0000 -1.0000
vn 0.0000 -0.3846 -0.9231
vn -0.0000 -0.3846 -0.9231
vn 0.0000 -0.8575 -0.5145
vn -0.0000 -0.8575 -0.5145
vn 0.0000 -0.9978 0.0665
vn 0.0000 -0.9978 0.0665
vn 0.0000 -0.8137 0.5812
vn 0.0000 -0.8137 0.5812
vn 0.0000 -0.4472 0.8944
vn 0.0000 -0.4472 0.8944
vn 0.0000 -0.0000 1.0000
vn 0.0000 -0.0000 1.0000
vn 0.0000 0.7071 0.7071
vn 0.0000 0.7071 0.7071
vn 0.0000 0.9975 -0.0712
vn 0.0000 0.9975 -0.0712
vn 0.0000 0.8087 -0.5882
vn 0.0000 0.8087 -0.5882
vn 0.0000 0.7071 0.7071
vn 0.0000 0.7071 0.7071
vn 0.0000 0.0434 0.9991
vn 0.0000 0.0434 0.9991
vn 0.0000 0.4472 0.8944
vn 0.0000 0.4472 0.8944
vn 0.0000 0.7071 0.7071
vn 0.0000 0.7071 0.7071
vn 0.0000 0.8716 0.4903
vn 0.0000 0.8716 0.4903
vn 0.0000 -0.1699 -0.9855
vn -0.0000 -0.1699 -0.9855
vn 0.0000 0.9615 0.2747
vn 0.0000 0.9615 0.2747
vn -0.9979 -0.0000 -0.0640
vn -0.9979 0.0000 -0.0640
vn -0.9979 -0.0000 -0.0640
vn -0.9979 0.0000 -0.0640
vn -0.9979 -0.0000 -0.0640
vn -0.9979 -0.0000 -0.0640
vn -0.9979 0.0000 -0.0640
vn -0.9979 0.0000 -0.0640
vn -0.9979 -0.0000 -0.0640
vn -0.9979 0.0000 -0.0640
vn -0.9979 -0.0000 -0.0640
vn -0.9979 0.0000 -0.0640
vn -0.9979 0.0000 -0.0640
vn -0.9979 -0.0000 -0.0640
vn -0.9979 0.0000 -0.0640
vn -0.9979 0.0000 -0.0640
vn -0.9979 0.0000 -0.0640
vn -0.9979 0.0000 -0.0640
vn -0.9979 -0.0000 -0.0640
vn -0.9979 0.0000 -0.0640
vn -0.9979 0.0000 -0.0640
vn -0.9979 0.0000 -0.0640
vn -0.9979 0.0000 -0.0640
vn -0.9979 0.0000 -0.0640
vn -0.9979 -0.0000 -0.0640
vn -0.9979 0.0000 -0.0640
vn -0.9979 0.0000 -0.0640
vn -0.9979 0.0000 -0.0640
vn -0.9979 0.0000 -0.0640
vn -0.9979 -0.0000 -0.0640
vn -0.9979 -0.0000 -0.0640
vn -0.9979 -0.0000 -0.0640
vn -0.9979 0.0000 -0.0640
vn -0.9979 -0.0000 -0.0640
vn -0.9979 0.0000 -0.0640
vn -0.9979 -0.0000 -0.0640
vn -0.9979 0.0000 -0.0640
vn -0.9979 -0.0000 -0.0640
vn -0.9979 0.0000 -0.0640
vn -0.9979 0.0000 -0.0640
vn -0.9979 -0.0000 -0.0640
vn -0.9979 -0.0000 -0.0640
vn -0.9979 0.0000 -0.0640
vn -0.9979 -0.0000 -0.0640
vn -0.9979 -0.0000 -0.0640
vn -0.9979 -0.0000 -0.0640
vn -0.9979 0.0000 -0.0640
vn -0.9979 0.0000 -0.0640
vn -0.9979 -0.0000 -0.0640
vn -0.9979 0.0000 -0.0640
vn -0.9979 0.0000 -0.0640
vn -0.9979 -0.0000 -0.0640
vn -0.9979 0.0000 -0.0640
vn -0.9979 -0.0000 -0.0640
vn -0.9979 0.0000 -0.0640
vn -0.9979 -0.0000 -0.0640
vn -0.9979 -0.0000 -0.0640
vn -0.9979 -0.0000 -0.0640
vn -0.9979 0.0000 -0.0640
vn -0.9979 0.0000 -0.0640
vn -0.9979 0.0000 -0.0640
vn -0.9979 0.0000 -0.0640
vn -0.9979 -0.0000 -0.0640
vn -0.9979 -0.0000 -0.0640
vn -0.9979 -0.0000 -0.0640
vn -0.9979 0.0000 -0.0640
vn -0.9979 -0.0000 -0.0640
vn -0.9979 0.0000 -0.0640
vn -0.9979 0.0000 -0.0640
vn -0.9979 -0.0000 -0.0640
vn -0.9979 -0.0000 -0.0640
vn -0.9979 0.0000 -0.0640
vn -0.9979 0.0000 -0.0640
vn -0.9979 -0.0000 -0.0640
vn -0.9979 -0.0000 -0.0640
vn -0.9979 0.0000 -0.0640
vn -0.9979 0.0000 -0.0640
vn -0.9979 0.0000 -0.0640
vn -0.9979 0.0000 -0.0640
vn -0.9979 -0.0000 -0.0640
vn -0.9979 0.0000 -0.0640
vn -0.9979 0.0000 -0.0640
vn -0.9979 0.0000 -0.0640
vn -0.9979 0.0000 -0.0640
vn -0.9979 0.0000 -0.0640
vn -0.9979 0.0000 -0.0640
vn -0.9979 0.0000 -0.0640
vn -0.9979 0.0000 -0.0640
vn -0.9979 0.0000 -0.0640
vn -0.9979 0.0000 -0.0640
vn -0.9979 -0.0000 -0.0640
vn -0.9979 -0.0000 -0.0640
vn -0.9979 -0.0000 -0.0640
vn -0.9979 -0.0000 -0.0640
vn -0.9979 0.0000 -0.0640
vn -0.9979 0.0000 -0.0640
vn -0.9979 -0.0000 -0.0640
vn -0.9979 -0.0000 -0.0640
vn -0.9979 0.0000 -0.0640
vn -0.9979 -0.0000 -0.0640
vn -0.9979 -0.0000 -0.0640
vn -0.9979 0.0000 -0.0640
vn -0.9979 -0.0000 -0.0640
vn -0.9979 0.0000 -0.0640
vn -0.9979 0.0000 -0.0640
vn -0.9979 0.0000 -0.0640
vn -0.9979 0.0000 -0.0640
vn -0.9979 0.0000 -0.0640
vn -0.9979 0.0000 -0.0640
vn -0.9979 0.0000 -0.0640
vn -0.9979 -0.0000 -0.0640
vn -0.9979 -0.0000 -0.0640
vn -0.9979 -0.0000 -0.0640
vn -0.9979 0.0000 -0.0640
vn -0.9979 -0.0000 -0.0640
vn -0.9979 0.0000 -0.0640
vn -0.9979 0.0000 -0.0640
vn -0.9979 -0.0000 -0.0640
vn -0.9979 0.0000 -0.0640
vn -0.9979 0.0000 -0.0640
vn -0.9979 -0.0000 -0.0640
vn -0.9979 -0.0000 -0.0640
vn -0.9979 -0.0000 -0.0640
vn -0.9979 0.0000 -0.0640
vn -0.9979 0.0000 -0.0640
vn -0.9979 0.0000 -0.0640
vn -0.9979 0.0000 -0.0640
vn -0.9979 0.0000 -0.0640
vn -0.9979 0.0000 -0.0640
vn -0.9979 0.0000 -0.0640
vn -0.9979 -0.0000 -0.0640
vn -0.9979 -0.0000 -0.0640
vn -0.9979 -0.0000 -0.0640
vn -0.9979 0.0000 -0.0640
vn -0.9979 -0.0000 -0.0640
vn -0.9979 0.0000 -0.0640
vn -0.9979 0.0000 -0.0640
vn -0.9979 -0.0000 -0.0640
vn -0.9979 0.0000 -0.0640
vn 0.9979 0.0000 0.0640
vn 0.9979 -0.0000 0.0640
vn 0.9979 0.0000 0.0640
vn 0.9979 -0.0000 0.0640
vn 0.9979 0.0000 0.0640
vn 0.9979 0.0000 0.0640
vn 0.9979 -0.0000 0.0640
vn 0.9979 0.0000 0.0640
vn 0.9979 0.0000 0.0640
vn 0.9979 -0.0000 0.0640
vn 0.9979 0.0000 0.0640
vn 0.9979 -0.0000 0.0640
vn 0.9979 -0.0000 0.0640
vn 0.9979 0.0000 0.0640
vn 0.9979 -0.0000 0.0640
vn 0.9979 -0.0000 0.0640
vn 0.9979 0.0000 0.0640
vn 0.9979 0.0000 0.0640
vn 0.9979 0.0000 0.0640
vn 0.9979 0.0000 0.0640
vn 0.9979 0.0000 0.0640
vn 0.9979 -0.0000 0.0640
vn 0.9979 -0.0000 0.0640
vn 0.9979 -0.0000 0.0640
vn 0.9979 0.0000 0.0640
vn 0.9979 -0.0000 0.0640
vn 0.9979 0.0000 0.0640
vn 0.9979 -0.0000 0.0640
vn 0.9979 -0.0000 0.0640
vn 0.9979 0.0000 0.0640
vn 0.9979 0.0000 0.0640
vn 0.9979 0.0000 0.0640
vn 0.9979 -0.0000 0.0640
vn 0.9979 0.0000 0.0640
vn 0.9979 -0.0000 0.0640
vn 0.9979 0.0000 0.0640
vn 0.9979 -0.0000 0.0640
vn 0.9979 0.0000 0.0640
vn 0.9979 0.0000 0.0640
vn 0.9979 -0.0000 0.0640
vn 0.9979 0.0000 0.0640
vn 0.9979 0.0000 0.0640
vn 0.9979 -0.0000 0.0640
vn 0.9979 0.0000 0.0640
vn 0.9979 0.0000 0.0640
vn 0.9979 0.0000 0.0640
vn 0.9979 0.0000 0.0640
vn 0.9979 -0.0000 0.0640
vn 0.9979 0.0000 0.0640
vn 0.9979 0.0000 0.0640
vn 0.9979 0.0000 0.0640
vn 0.9979 0.0000 0.0640
vn 0.9979 0.0000 0.0640
vn 0.9979 0.0000 0.0640
vn 0.9979 -0.0000 0.0640
vn 0.9979 0.0000 0.0640
vn 0.9979 0.0000 0.0640
vn 0.9979 0.0000 0.0640
vn 0.9979 -0.0000 0.0640
vn 0.9979 -0.0000 0.0640
vn 0.9979 -0.0000 0.0640
vn 0.9979 -0.0000 0.0640
vn 0.9979 0.0000 0.0640
vn 0.9979 0.0000 0.0640
vn 0.9979 0.0000 0.0640
vn 0.9979 -0.0000 0.0640
vn 0.9979 0.0000 0.0640
vn 0.9979 0.0000 0.0640
vn 0.9979 -0.0000 0.0640
vn 0.9979 0.0000 0.0640
vn 0.9979 -0.0000 0.0640
vn 0.9979 -0.0000 0.0640
vn 0.9979 -0.0000 0.0640
vn 0.9979 0.0000 0.0640
vn 0.9979 0.0000 0.0640
vn 0.9979 -0.0000 0.0640
vn 0.9979 0.0000 0.0640
vn 0.9979 -0.0000 0.0640
vn 0.9979 -0.0000 0.0640
vn 0.9979 0.0000 0.0640
vn 0.9979 -0.0000 0.0640
vn 0.9979 -0.0000 0.0640
vn 0.9979 0.0000 0.0640
vn 0.9979 -0.0000 0.0640
vn 0.9979 -0.0000 0.0640
vn 0.9979 -0.0000 0.0640
vn 0.9979 -0.0000 0.0640
vn 0.9979 -0.0000 0.0640
vn 0.9979 0.0000 0.0640
vn 0.9979 0.0000 0.0640
vn 0.9979 0.0000 0.0640
vn 0.9979 0.0000 0.0640
vn 0.9979 0.0000 0.0640
vn 0.9979 0.0000 0.0640
vn 0.9979 -0.0000 0.0640
vn 0.9979 -0.0000 0.0640
vn 0.9979 0.0000 0.0640
vn 0.9979 0.0000 0.0640
vn 0.9979 -0.0000 0.0640
vn 0.9979 0.0000 0.0640
vn 0.9979 0.0000 0.0640
vn 0.9979 -0.0000 0.0640
vn 0.9979 0.0000 0.0640
vn 0.9979 -0.0000 0.0640
vn 0.9979 -0.0000 0.0640
vn 0.9979 -0.0000 0.0640
vn 0.9979 -0.0000 0.0640
vn 0.9979 -0.0000 0.0640
vn 0.9979 -0.0000 0.0640
vn 0.9979 -0.0000 0.0640
vn 0.9979 0.0000 0.0640
vn 0.9979 0.0000 0.0640
vn 0.9979 0.0000 0.0640
vn 0.9979 -0.0000 0.0640
vn 0.9979 0.0000 0.0640
vn 0.9979 -0.0000 0.0640
vn 0.9979 -0.0000 0.0640
vn 0.9979 0.0000 0.0640
vn 0.9979 0.0000 0.0640
vn 0.9979 0.0000 0.0640
vn 0.9979 0.0000 0.0640
vn 0.9979 -0.0000 0.0640
vn 0.9979 0.0000 0.0640
vn 0.9979 -0.0000 0.0640
vn 0.9979 -0.0000 0.0640
vn 0.9979 0.0000 0.0640
vn 0.9979 -0.0000 0.0640
vn 0.9979 -0.0000 0.0640
vn 0.9979 0.0000 0.0640
vn 0.9979 -0.0000 0.0640
vn 0.9979 0.0000 0.0640
vn 0.9979 0.0000 0.0640
vn 0.9979 0.0000 0.0640
vn 0.9979 -0.0000 0.0640
vn 0.9979 0.0000 0.0640
vn 0.9979 -0.0000 0.0640
vn 0.9979 0.0000 0.0640
vn 0.9979 0.0000 0.0640
vn 0.9979 -0.0000 0.0640
vn 0.0000 0.8944 0.4472
vn 0.0000 0.8944 0.4472
vn 0.0000 1.0000 0.0000
vn 0.0000 1.0000 0.0000
vn 0.0000 0.8742 -0.4856
vn 0.0000 0.8742 -0.4856
vn 0.0000 0.8321 0.5547
vn 0.0000 0.8321 0.5547
vn 0.0000 1.0000 0.0000
vn 0.0000 1.0000 0.0000
vn 0.0000 0.7526 -0.6585
vn 0.0000 0.7526 -0.6585
vn 0.0000 0.9973 -0.0739
vn 0.0000 0.9973 -0.0739
vn 0.0000 0.9701 0.2425
vn 0.0000 0.9701 0.2425
vn 0.0000 0.8000 -0.6000
vn 0.0000 0.8000 -0.6000
vn 0.0000 1.0000 0.0000
vn 0.0000 1.0000 0.0000
vn 0.0000 0.6332 -0.7740
vn 0.0000 0.6332 -0.7740
vn 0.0000 0.9884 0.1521
vn 0.0000 0.9884 0.1521
vn 0.0000 0.9138 -0.4061
vn 0.0000 0.9138 -0.4061
vn 0.0000 0.7809 0.6247
vn 0.0000 0.7809 0.6247
vn 0.0000 1.0000 0.0000
vn 0.0000 1.0000 0.0000
vn 0.0000 0.8321 -0.5547
vn 0.0000 0.8321 -0.5547
vn 0.0000 0.3939 -0.9191
vn 0.0000 0.3939 -0.9191
vn 0.0000 -0.0278 -0.9996
vn -0.0000 -0.0278 -0.9996
vn 0.0000 -0.7682 -0.6402
vn -0.0000 -0.7682 -0.6402
vn -0.0000 -1.0000 0.0000
vn 0.0000 -1.0000 0.0000
vn 0.0000 -0.7071 0.7071
vn 0.0000 -0.7071 0.7071
vn 0.0000 -0.9839 -0.1789
vn -0.0000 -0.9839 -0.1789
vn 0.0000 -0.9487 0.3162
vn 0.0000 -0.9487 0.3162
vn 0.0000 -0.7682 0.6402
vn 0.0000 -0.7682 0.6402
vn 0.0000 -0.1644 -0.9864
vn -0.0000 -0.1644 -0.9864
vn 0.0000 -0.5547 -0.8321
vn -0.0000 -0.5547 -0.8321
vn 0.0000 -0.8742 -0.4856
vn -0.0000 -0.8742 -0.4856
vn 0.0000 -0.9971 0.0767
vn 0.0000 -0.9971 0.0767
vn 0.0000 -0.7433 0.6690
vn 0.0000 -0.7433 0.6690
vn 0.0000 -0.1789 0.9839
vn 0.0000 -0.1789 0.9839
vn 0.0000 0.3714 0.9285
vn 0.0000 0.3714 0.9285
vn 0.0000 -0.6585 0.7526
vn 0.0000 -0.6585 0.7526
vn 0.0000 0.1104 0.9939
vn 0.0000 0.1104 0.9939
vn 0.0000 -0.8321 0.5547
vn 0.0000 -0.8321 0.5547
vn 0.0000 -0.6585 -0.7526
vn -0.0000 -0.6585 -0.7526
vn 0.0000 -0.2631 -0.9648
vn -0.0000 -0.2631 -0.9648
vn 0.0000 0.1789 -0.9839
vn 0.0000 0.1789 -0.9839
vn 0.0000 -0.4961 -0.8682
vn -0.0000 -0.4961 -0.8682
vn 0.0000 -0.9762 -0.2169
vn -0.0000 -0.9762 -0.2169
vn 0.0000 -0.9864 0.1644
vn 0.0000 -0.9864 0.1644
vn 0.0000 -0.7071 0.7071
vn 0.0000 -0.7071 0.7071
vn 0.0000 -0.0000 1.0000
vn 0.0000 -0.0000 1.0000
vn 0.0000 0.4061 0.9138
vn 0.0000 0.4061 0.9138
vn 0.0000 -0.6585 0.7526
vn 0.0000 -0.6585 0.7526
vn 0.0000 0.6139 0.7894
vn 0.0000 0.6139 0.7894
vn 0.0000 0.0712 0.9975
vn 0.0000 0.0712 0.9975
vn -0.0000 -0.0000 -1.0000
vn -0.0000 -0.0000 -1.0000
vn 0.0000 0.7809 -0.6247
vn 0.0000 0.7809 -0.6247
vn 0.0000 0.7071 0.7071
vn 0.0000 0.7071 0.7071
vn 0.0000 0.0400 0.9992
vn 0.0000 0.0400 0.9992
vn 0.0000 -0.1240 0.9923
vn 0.0000 -0.1240 0.9923
vn 0.0000 -0.7071 -0.7071
vn -0.0000 -0.7071 -0.7071
vn 0.0000 -0.8944 0.4472
vn 0.0000 -0.8944 0.4472
vn 0.0000 -0.2425 -0.9701
vn -0.0000 -0.2425 -0.9701
vn 0.0000 0.3939 -0.9191
vn 0.0000 0.3939 -0.9191
vn 0.0000 0.7682 -0.6402
vn 0.0000 0.7682 -0.6402
vn 0.0000 0.9965 -0.0830
vn 0.0000 0.9965 -0.0830
vn 0.0000 0.7474 0.6644
vn 0.0000 0.7474 0.6644
vn 0.0000 0.0995 0.9950
vn 0.0000 0.0995 0.9950
vn 0.0000 -0.5735 0.8192
vn 0.0000 -0.5735 0.8192
vn 0.0000 -0.8437 -0.5369
vn -0.0000 -0.8437 -0.5369
vn 0.0000 -0.9285 0.3714
vn 0.0000 -0.9285 0.3714
vn 0.0000 -0.0995 -0.9950
vn -0.0000 -0.0995 -0.9950
vn 0.0000 -0.9487 0.3162
vn 0.0000 -0.9487 0.3162
vn 0.0000 -0.0000 1.0000
vn 0.0000 -0.0000 1.0000
vn 0.0000 -0.6000 0.8000
vn 0.0000 -0.6000 0.8000
vn -0.0000 -1.0000 0.0000
vn 0.0000 -1.0000 0.0000
vn 0.0000 -0.5547 -0.8321
vn -0.0000 -0.5547 -0.8321
vn 0.0000 -0.0665 -0.9978
vn -0.0000 -0.0665 -0.9978
vn 0.0000 -0.9701 -0.2425
vn -0.0000 -0.9701 -0.2425
vn 0.0000 -0.6139 -0.7894
vn -0.0000 -0.6139 -0.7894
vn 0.0000 0.1961 -0.9806
vn 0.0000 0.1961 -0.9806
vn 0.0000 0.8000 -0.6000
vn 0.0000 0.8000 -0.6000
vn 0.0000 1.0000 0.0000
vn 0.0000 1.0000 0.0000
vn 0.0000 0.7894 0.6139
vn 0.0000 0.7894 0.6139
vn 0.0000 0.1240 0.9923
vn 0.0000 0.1240 0.9923
vn 0.0000 -0.6000 0.8000
vn 0.0000 -0.6000 0.8000
vn 0.0000 0.2169 0.9762
vn 0.0000 0.2169 0.9762
vn 0.0000 0.9701 0.2425
vn 0.0000 0.9701 0.2425
vn 0.0000 -0.0830 -0.9965
vn -0.0000 -0.0830 -0.9965
vn 0.0000 0.8575 -0.5145
vn 0.0000 0.8575 -0.5145
vn 0.0000 0.6247 0.7809
vn 0.0000 0.6247 0.7809
vn 0.0000 0.0739 0.9973
vn 0.0000 0.0739 0.9973
vn 0.0000 -0.8575 -0.5145
vn -0.0000 -0.8575 -0.5145
vn 0.0000 -0.7071 0.7071
vn 0.0000 -0.7071 0.7071
vn 0.0000 0.4472 -0.8944
vn 0.0000 0.4472 -0.8944
vn 0.0000 0.9864 -0.1644
vn 0.0000 0.9864 -0.1644
vn 0.0000 -0.3714 -0.9285
vn -0.0000 -0.3714 -0.9285
vn -0.0000 -0.0000 -1.0000
vn -0.0000 -0.0000 -1.0000
vn 0.0000 0.8944 -0.4472
vn 0.0000 0.8944 -0.4472
vn 0.0000 0.6247 0.7809
vn 0.0000 0.6247 0.7809
vn 0.0000 0.2290 0.9734
vn 0.0000 0.2290 0.9734
vn 0.0000 -0.8944 0.4472
vn 0.0000 -0.8944 0.4472
vn 0.0000 -0.6000 -0.8000
vn -0.0000 -0.6000 -0.8000
vn 0.0000 -0.9971 0.0767
vn 0.0000 -0.9971 0.0767
vn 0.0000 -0.0370 -0.9993
vn -0.0000 -0.0370 -0.9993
vn 0.0000 -0.9983 0.0587
vn 0.0000 -0.9983 0.0587
vn 0.0000 -0.5547 -0.8321
vn -0.0000 -0.5547 -0.8321
vn 0.0000 0.5145 -0.8575
vn 0.0000 0.5145 -0.8575
vn 0.0000 0.9839 -0.1789
vn 0.0000 0.9839 -0.1789
vn 0.0000 -0.4472 -0.8944
vn -0.0000 -0.4472 -0.8944
vn -0.0000 -1.0000 0.0000
vn 0.0000 -1.0000 0.0000
vn 0.0000 -0.8000 -0.6000
vn -0.0000 -0.8000 -0.6000
vn 0.0000 -0.0995 -0.9950
vn -0.0000 -0.0995 -0.9950
vn 0.0000 0.7682 -0.6402
vn 0.0000 0.7682 -0.6402
vn 0.0000 0.9923 -0.1240
vn 0.0000 0.9923 -0.1240
vn 0.0000 0.8000 0.6000
vn 0.0000 0.8000 0.6000
vn 0.0000 -0.1961 0.9806
vn 0.0000 -0.1961 0.9806
vn 0.0000 -0.9971 0.0767
vn 0.0000 -0.9971 0.0767
vn 0.0000 -0.5547 0.8321
vn 0.0000 -0.5547 0.8321
vn 0.0000 0.9971 0.0767
vn 0.0000 0.9971 0.0767
vn 0.0000 0.4472 0.8944
vn 0.0000 0.4472 0.8944
vn 0.0000 -0.3714 0.9285
vn 0.0000 -0.3714 0.9285
vn 0.0000 0.8000 0.6000
vn 0.0000 0.8000 0.6000
vn 0.0000 0.1644 0.9864
vn 0.0000 0.1644 0.9864
vn 0.0000 0.9487 0.3162
vn 0.0000 0.9487 0.3162
vn 0.0000 -0.1961 0.9806
vn 0.0000 -0.1961 0.9806
vn 0.0000 -0.9487 0.3162
vn 0.0000 -0.9487 0.3162
vn 0.0000 -0.0000 1.0000
vn 0.0000 -0.0000 1.0000
vn 0.0000 -0.8000 -0.6000
vn -0.0000 -0.8000 -0.6000
vn 0.0000 -0.7071 0.7071
vn 0.0000 -0.7071 0.7071
vn 0.0000 -0.1644 -0.9864
vn -0.0000 -0.1644 -0.9864
vn 0.0000 0.6644 -0.7474
vn 0.0000 0.6644 -0.7474
vn 0.0000 0.9839 -0.1789
vn 0.0000 0.9839 -0.1789
vn 0.0000 0.8321 0.5547
vn 0.0000 0.8321 0.5547
vn 0.0000 0.1789 0.9839
vn 0.0000 0.1789 0.9839
vn 0.0000 -0.6139 0.7894
vn 0.0000 -0.6139 0.7894
vn 0.0000 -0.8437 -0.5369
vn -0.0000 -0.8437 -0.5369
vn 0.0000 -0.9285 0.3714
vn 0.0000 -0.9285 0.3714
vn -0.9979 -0.0000 -0.0640
vn -0.9979 0.0000 -0.0640
vn -0.9979 -0.0000 -0.0640
vn -0.9979 0.0000 -0.0640
vn -0.9979 0.0000 -0.0640
vn -0.9979 -0.0000 -0.0640
vn -0.9979 -0.0000 -0.0640
vn -0.9979 -0.0000 -0.0640
vn -0.9979 -0.0000 -0.0640
vn -0.9979 -0.0000 -0.0640
vn -0.9979 -0.0000 -0.0640
vn -0.9979 -0.0000 -0.0640
vn -0.9979 0.0000 -0.0640
vn -0.9979 0.0000 -0.0640
vn -0.9979 0.0000 -0.0640
vn -0.9979 -0.0000 -0.0640
vn -0.9979 -0.0000 -0.0640
vn -0.9979 0.0000 -0.0640
vn -0.9979 0.0000 -0.0640
vn -0.9979 0.0000 -0.0640
vn -0.9979 -0.0000 -0.0640
vn -0.9979 0.0000 -0.0640
vn -0.9979 0.0000 -0.0640
vn -0.9979 0.0000 -0.0640
vn -0.9979 0.0000 -0.0640
vn -0.9979 0.0000 -0.0640
vn -0.9979 0.0000 -0.0640
vn -0.9979 0.0000 -0.0640
vn -0.9979 -0.0000 -0.0640
vn -0.9979 0.0000 -0.0640
vn -0.9979 0.0000 -0.0640
vn -0.9979 0.0000 -0.0640
vn -0.9979 -0.0000 -0.0640
vn -0.9979 -0.0000 -0.0640
vn -0.9979 0.0000 -0.0640
vn -0.9979 -0.0000 -0.0640
vn -0.9979 0.0000 -0.0640
vn -0.9979 -0.0000 -0.0640
vn -0.9979 0.0000 -0.0640
vn -0.9979 0.0000 -0.0640
vn -0.9979 0.0000 -0.0640
vn -0.9979 0.0000 -0.0640
vn -0.9979 -0.0000 -0.0640
vn -0.9979 -0.0000 -0.0640
vn -0.9979 0.0000 -0.0640
vn -0.9979 0.0000 -0.0640
vn -0.9979 0.0000 -0.0640
vn -0.9979 0.0000 -0.0640
vn -0.9979 -0.0000 -0.0640
vn -0.9979 0.0000 -0.0640
vn -0.9979 -0.0000 -0.0640
vn -0.9979 -0.0000 -0.0640
vn -0.9979 0.0000 -0.0640
vn -0.9979 -0.0000 -0.0640
vn -0.9979 0.0000 -0.0640
vn -0.9979 0.0000 -0.0640
vn -0.9979 0.0000 -0.0640
vn -0.9979 -0.0000 -0.0640
vn -0.9979 0.0000 -0.0640
vn -0.9979 0.0000 -0.0640
vn -0.9979 0.0000 -0.0640
vn -0.9979 -0.0000 -0.0640
vn -0.9979 -0.0000 -0.0640
vn -0.9979 0.0000 -0.0640
vn -0.9979 -0.0000 -0.0640
vn -0.9979 0.0000 -0.0640
vn -0.9979 0.0000 -0.0640
vn -0.9979 -0.0000 -0.0640
vn -0.9979 0.0000 -0.0640
vn -0.9979 0.0000 -0.0640
vn -0.9979 0.0000 -0.0640
vn -0.9979 0.0000 -0.0640
vn -0.9979 -0.0000 -0.0640
vn -0.9979 0.0000 -0.0640
vn -0.9979 -0.0000 -0.0640
vn -0.9979 0.0000 -0.0640
vn -0.9979 -0.0000 -0.0640
vn -0.9979 0.0000 -0.0640
vn -0.9979 0.0000 -0.0640
vn -0.9979 0.0000 -0.0640
vn -0.9979 0.0000 -0.0640
vn -0.9979 0.0000 -0.0640
vn -0.9979 0.0000 -0.0640
vn -0.9979 -0.0000 -0.0640
vn -0.9979 0.0000 -0.0640
vn -0.9979 -0.0000 -0.0640
vn -0.9979 0.0000 -0.0640
vn -0.9979 0.0000 -0.0640
vn -0.9979 -0.0000 -0.0640
vn -0.9979 0.0000 -0.0640
vn -0.9979 0.0000 -0.0640
vn -0.9979 -0.0000 -0.0640
vn -0.9979 0.0000 -0.0640
vn -0.9979 -0.0000 -0.0640
vn -0.9979 0.0000 -0.0640
vn -0.9979 -0.0000 -0.0640
vn -0.9979 0.0000 -0.0640
vn -0.9979 0.0000 -0.0640
vn -0.9979 0.0000 -0.0640
vn -0.9979 0.0000 -0.0640
vn -0.9979 -0.0000 -0.0640
vn -0.9979 -0.0000 -0.0640
vn -0.9979 0.0000 -0.0640
vn -0.9979 0.0000 -0.0640
vn -0.9979 -0.0000 -0.0640
vn -0.9979 0.0000 -0.0640
vn -0.9979 -0.0000 -0.0640
vn -0.9979 -0.0000 -0.0640
vn -0.9979 -0.0000 -0.0640
vn -0.9979 0.0000 -0.0640
vn -0.9979 0.0000 -0.0640
vn -0.9979 0.0000 -0.0640
vn -0.9979 -0.0000 -0.0640
vn -0.9979 0.0000 -0.0640
vn -0.9979 0.0000 -0.0640
vn -0.9979 0.0000 -0.0640
vn -0.9979 0.0000 -0.0640
vn -0.9979 0.0000 -0.0640
vn -0.9979 0.0000 -0.0640
vn -0.9979 0.0000 -0.0640
vn -0.9979 -0.0000 -0.0640
vn -0.9979 -0.0000 -0.0640
vn -0.9979 0.0000 -0.0640
vn -0.9979 -0.0000 -0.0640
vn -0.9979 -0.0000 -0.0640
vn -0.9979 0.0000 -0.0640
vn -0.9979 -0.0000 -0.0640
vn -0.9979 0.0000 -0.0640
vn -0.9979 0.0000 -0.0640
vn -0.9979 0.0000 -0.0640
vn -0.9979 0.0000 -0.0640
vn -0.9979 0.0000 -0.0640
vn -0.9979 0.0000 -0.0640
vn -0.9979 0.0000 -0.0640
vn -0.9979 -0.0000 -0.0640
vn -0.9979 -0.0000 -0.0640
vn -0.9979 0.0000 -0.0640
vn -0.9979 -0.0000 -0.0640
vn -0.9979 0.0000 -0.0640
vn -0.9979 -0.0000 -0.0640
vn -0.9979 -0.0000 -0.0640
vn -0.9979 -0.0000 -0.0640
vn -0.9979 0.0000 -0.0640
vn -0.9979 -0.0000 -0.0640
vn -0.9979 0.0000 -0.0640
vn -0.9979 0.0000 -0.0640
vn -0.9979 0.0000 -0.0640
vn -0.9979 0.0000 -0.0640
vn -0.9979 0.0000 -0.0640
vn -0.9979 -0.0000 -0.0640
vn -0.9979 0.0000 -0.0640
vn -0.9979 0.0000 -0.0640
vn -0.9979 0.0000 -0.0640
vn -0.9979 -0.0000 -0.0640
vn -0.9979 0.0000 -0.0640
vn -0.9979 0.0000 -0.0640
vn -0.9979 -0.0000 -0.0640
vn -0.9979 0.0000 -0.0640
vn -0.9979 0.0000 -0.0640
vn -0.9979 -0.0000 -0.0640
vn -0.9979 0.0000 -0.0640
vn -0.9979 -0.0000 -0.0640
vn -0.9979 -0.0000 -0.0640
vn -0.9979 0.0000 -0.0640
vn -0.9979 -0.0000 -0.0640
vn -0.9979 -0.0000 -0.0640
vn -0.9979 0.0000 -0.0640
vn -0.9979 0.0000 -0.0640
vn -0.9979 0.0000 -0.0640
vn -0.9979 0.0000 -0.0640
vn -0.9979 0.0000 -0.0640
vn -0.9979 -0.0000 -0.0640
vn -0.9979 0.0000 -0.0640
vn -0.9979 -0.0000 -0.0640
vn -0.9979 -0.0000 -0.0640
vn -0.9979 -0.0000 -0.0640
vn -0.9979 0.0000 -0.0640
vn -0.9979 0.0000 -0.0640
vn -0.9979 -0.0000 -0.0640
vn -0.9979 0.0000 -0.0640
vn -0.9979 0.0000 -0.0640
vn -0.9979 0.0000 -0.0640
vn -0.9979 -0.0000 -0.0640
vn -0.9979 0.0000 -0.0640
vn -0.9979 0.0000 -0.0640
vn -0.9979 -0.0000 -0.0640
vn -0.9979 0.0000 -0.0640
vn -0.9979 -0.0000 -0.0640
vn -0.9979 -0.0000 -0.0640
vn -0.9979 -0.0000 -0.0640
vn -0.9979 -0.0000 -0.0640
vn -0.9979 0.0000 -0.0640
vn -0.9979 0.0000 -0.0640
vn -0.9979 0.0000 -0.0640
vn -0.9979 -0.0000 -0.0640
vn -0.9979 -0.0000 -0.0640
vn -0.9979 0.0000 -0.0640
vn -0.9979 0.0000 -0.0640
vn -0.9979 0.0000 -0.0640
vn -0.9979 0.0000 -0.0640
vn -0.9979 0.0000 -0.0640
vn -0.9979 -0.0000 -0.0640
vn -0.9979 0.0000 -0.0640
vn -0.9979 -0.0000 -0.0640
vn -0.9979 0.0000 -0.0640
vn 0.9979 0.0000 0.0640
vn 0.9979 -0.0000 0.0640
vn 0.9979 0.0000 0.0640
vn 0.9979 0.0000 0.0640
vn 0.9979 0.0000 0.0640
vn 0.9979 -0.0000 0.0640
vn 0.9979 0.0000 0.0640
vn 0.9979 0.0000 0.0640
vn 0.9979 0.0000 0.0640
vn 0.9979 -0.0000 0.0640
vn 0.9979 0.0000 0.0640
vn 0.9979 -0.0000 0.0640
vn 0.9979 0.0000 0.0640
vn 0.9979 -0.0000 0.0640
vn 0.9979 -0.0000 0.0640
vn 0.9979 0.0000 0.0640
vn 0.9979 0.0000 0.0640
vn 0.9979 -0.0000 0.0640
vn 0.9979 -0.0000 0.0640
vn 0.9979 -0.0000 0.0640
vn 0.9979 0.0000 0.0640
vn 0.9979 -0.0000 0.0640
vn 0.9979 -0.0000 0.0640
vn 0.9979 0.0000 0.0640
vn 0.9979 -0.0000 0.0640
vn 0.9979 0.0000 0.0640
vn 0.9979 -0.0000 0.0640
vn 0.9979 -0.0000 0.0640
vn 0.9979 0.0000 0.0640
vn 0.9979 -0.0000 0.0640
vn 0.9979 -0.0000 0.0640
vn 0.9979 -0.0000 0.0640
vn 0.9979 0.0000 0.0640
vn 0.9979 0.0000 0.0640
vn 0.9979 -0.0000 0.0640
vn 0.9979 0.0000 0.0640
vn 0.9979 -0.0000 0.0640
vn 0.9979 0.0000 0.0640
vn 0.9979 -0.0000 0.0640
vn 0.9979 -0.0000 0.0640
vn 0.9979 -0.0000 0.0640
vn 0.9979 -0.0000 0.0640
vn 0.9979 0.0000 0.0640
vn 0.9979 0.0000 0.0640
vn 0.9979 -0.0000 0.0640
vn 0.9979 -0.0000 0.0640
vn 0.9979 -0.0000 0.0640
vn 0.9979 -0.0000 0.0640
vn 0.9979 0.0000 0.0640
vn 0.9979 0.0000 0.0640
vn 0.9979 0.0000 0.0640
vn 0.9979 0.0000 0.0640
vn 0.9979 -0.0000 0.0640
vn 0.9979 0.0000 0.0640
vn 0.9979 0.0000 0.0640
vn 0.9979 0.0000 0.0640
vn 0.9979 -0.0000 0.0640
vn 0.9979 0.0000 0.0640
vn 0.9979 0.0000 0.0640
vn 0.9979 0.0000 0.0640
vn 0.9979 -0.0000 0.0640
vn 0.9979 0.0000 0.0640
vn 0.9979 0.0000 0.0640
vn 0.9979 0.0000 0.0640
vn 0.9979 0.0000 0.0640
vn 0.9979 -0.0000 0.0640
vn 0.9979 -0.0000 0.0640
vn 0.9979 0.0000 0.0640
vn 0.9979 -0.0000 0.0640
vn 0.9979 -0.0000 0.0640
vn 0.9979 0.0000 0.0640
vn 0.9979 0.0000 0.0640
vn 0.9979 0.0000 0.0640
vn 0.9979 0.0000 0.0640
vn 0.9979 0.0000 0.0640
vn 0.9979 -0.0000 0.0640
vn 0.9979 0.0000 0.0640
vn 0.9979 -0.0000 0.0640
vn 0.9979 -0.0000 0.0640
vn 0.9979 -0.0000 0.0640
vn 0.9979 -0.0000 0.0640
vn 0.9979 0.0000 0.0640
vn 0.9979 -0.0000 0.0640
vn 0.9979 0.0000 0.0640
vn 0.9979 0.0000 0.0640
vn 0.9979 0.0000 0.0640
vn 0.9979 -0.0000 0.0640
vn 0.9979 -0.0000 0.0640
vn 0.9979 0.0000 0.0640
vn 0.9979 -0.0000 0.0640
vn 0.9979 -0.0000 0.0640
vn 0.9979 -0.0000 0.0640
vn 0.9979 0.0000 0.0640
vn 0.9979 0.0000 0.0640
vn 0.9979 -0.0000 0.0640
vn 0.9979 -0.0000 0.0640
vn 0.9979 -0.0000 0.0640
vn 0.9979 -0.0000 0.0640
vn 0.9979 -0.0000 0.0640
vn 0.9979 -0.0000 0.0640
vn 0.9979 0.0000 0.0640
vn 0.9979 0.0000 0.0640
vn 0.9979 -0.0000 0.0640
vn 0.9979 -0.0000 0.0640
vn 0.9979 0.0000 0.0640
vn 0.9979 0.0000 0.0640
vn 0.9979 0.0000 0.0640
vn 0.9979 0.0000 0.0640
vn 0.9979 -0.0000 0.0640
vn 0.9979 -0.0000 0.0640
vn 0.9979 0.0000 0.0640
vn 0.9979 0.0000 0.0640
vn 0.9979 0.0000 0.0640
vn 0.9979 0.0000 0.0640
vn 0.9979 -0.0000 0.0640
vn 0.9979 0.0000 0.0640
vn 0.9979 0.0000 0.0640
vn 0.9979 -0.0000 0.0640
vn 0.9979 -0.0000 0.0640
vn 0.9979 -0.0000 0.0640
vn 0.9979 0.0000 0.0640
vn 0.9979 0.0000 0.0640
vn 0.9979 -0.0000 0.0640
vn 0.9979 0.0000 0.0640
vn 0.9979 0.0000 0.0640
vn 0.9979 -0.0000 0.0640
vn 0.9979 0.0000 0.0640
vn 0.9979 0.0000 0.0640
vn 0.9979 -0.0000 0.0640
vn 0.9979 -0.0000 0.0640
vn 0.9979 -0.0000 0.0640
vn 0.9979 -0.0000 0.0640
vn 0.9979 -0.0000 0.0640
vn 0.9979 -0.0000 0.0640
vn 0.9979 0.0000 0.0640
vn 0.9979 0.0000 0.0640
vn 0.9979 -0.0000 0.0640
vn 0.9979 0.0000 0.0640
vn 0.9979 -0.0000 0.0640
vn 0.9979 0.0000 0.0640
vn 0.9979 -0.0000 0.0640
vn 0.9979 0.0000 0.0640
vn 0.9979 0.0000 0.0640
vn 0.9979 0.0000 0.0640
vn 0.9979 -0.0000 0.0640
vn 0.9979 -0.0000 0.0640
vn 0.9979 0.0000 0.0640
vn 0.9979 0.0000 0.0640
vn 0.9979 -0.0000 0.0640
vn 0.9979 -0.0000 0.0640
vn 0.9979 -0.0000 0.0640
vn 0.9979 -0.0000 0.0640
vn 0.9979 -0.0000 0.0640
vn 0.9979 0.0000 0.0640
vn 0.9979 -0.0000 0.0640
vn 0.9979 -0.0000 0.0640
vn 0.9979 0.0000 0.0640
vn 0.9979 -0.0000 0.0640
vn 0.9979 -0.0000 0.0640
vn 0.9979 0.0000 0.0640
vn 0.9979 -0.0000 0.0640
vn 0.9979 0.0000 0.0640
vn 0.9979 0.0000 0.0640
vn 0.9979 -0.0000 0.0640
vn 0.9979 0.0000 0.0640
vn 0.9979 0.0000 0.0640
vn 0.9979 -0.0000 0.0640
vn 0.9979 -0.0000 0.0640
vn 0.9979 -0.0000 0.0640
vn 0.9979 -0.0000 0.0640
vn 0.9979 0.0000 0.0640
vn 0.9979 0.0000 0.0640
vn 0.9979 -0.0000 0.0640
vn 0.9979 0.0000 0.0640
vn 0.9979 -0.0000 0.0640
vn 0.9979 0.0000 0.0640
vn 0.9979 -0.0000 0.0640
vn 0.9979 -0.0000 0.0640
vn 0.9979 0.0000 0.0640
vn 0.9979 -0.0000 0.0640
vn 0.9979 -0.0000 0.0640
vn 0.9979 0.0000 0.0640
vn 0.9979 -0.0000 0.0640
vn 0.9979 0.0000 0.0640
vn 0.9979 -0.0000 0.0640
vn 0.9979 0.0000 0.0640
vn 0.9979 -0.0000 0.0640
vn 0.9979 0.0000 0.0640
vn 0.9979 0.0000 0.0640
vn 0.9979 0.0000 0.0640
vn 0.9979 0.0000 0.0640
vn 0.9979 0.0000 0.0640
vn 0.9979 -0.0000 0.0640
vn 0.9979 -0.0000 0.0640
vn 0.9979 0.0000 0.0640
vn 0.9979 0.0000 0.0640
vn 0.9979 -0.0000 0.0640
vn 0.9979 0.0000 0.0640
vn 0.9979 -0.0000 0.0640
vn 0.9979 -0.0000 0.0640
vn 0.9979 -0.0000 0.0640
vn 0.9979 0.0000 0.0640
vn 0.9979 -0.0000 0.0640
vn 0.9979 0.0000 0.0640
vn 0.9979 0.0000 0.0640
vn 0.0000 0.3939 -0.9191
vn 0.0000 0.3939 -0.9191
vn 0.0000 -0.3714 -0.9285
vn -0.0000 -0.3714 -0.9285
vn 0.0000 -0.7593 -0.6508
vn -0.0000 -0.7593 -0.6508
vn 0.0000 -0.2425 -0.9701
vn -0.0000 -0.2425 -0.9701
vn 0.0000 0.2747 -0.9615
vn 0.0000 0.2747 -0.9615
vn 0.0000 -0.4472 -0.8944
vn -0.0000 -0.4472 -0.8944
vn 0.0000 -0.8321 -0.5547
vn -0.0000 -0.8321 -0.5547
vn 0.0000 -0.9989 0.0476
vn 0.0000 -0.9989 0.0476
vn 0.0000 -0.8000 0.6000
vn 0.0000 -0.8000 0.6000
vn 0.0000 -0.9191 -0.3939
vn -0.0000 -0.9191 -0.3939
vn 0.0000 -0.9939 0.1104
vn 0.0000 -0.9939 0.1104
vn 0.0000 -0.7433 0.6690
vn 0.0000 -0.7433 0.6690
vn 0.0000 -0.0905 0.9959
vn 0.0000 -0.0905 0.9959
vn 0.0000 -0.9578 0.2873
vn 0.0000 -0.9578 0.2873
vn 0.0000 -0.1240 -0.9923
vn -0.0000 -0.1240 -0.9923
vn 0.0000 0.5547 -0.8321
vn 0.0000 0.5547 -0.8321
vn -0.0000 -0.0000 -1.0000
vn -0.0000 -0.0000 -1.0000
vn 0.0000 -0.6247 -0.7809
vn -0.0000 -0.6247 -0.7809
vn 0.0000 -0.9417 -0.3363
vn -0.0000 -0.9417 -0.3363
vn -0.0000 -1.0000 0.0000
vn 0.0000 -1.0000 0.0000
vn 0.0000 -0.8137 0.5812
vn 0.0000 -0.8137 0.5812
vn 0.0000 -0.6459 -0.7634
vn -0.0000 -0.6459 -0.7634
vn 0.0000 -0.9912 -0.1322
vn -0.0000 -0.9912 -0.1322
vn 0.0000 -0.8192 0.5735
vn 0.0000 -0.8192 0.5735
vn 0.0000 -0.4472 0.8944
vn 0.0000 -0.4472 0.8944
vn 0.0000 -0.9899 -0.1414
vn -0.0000 -0.9899 -0.1414
vn 0.0000 -0.8480 0.5300
vn 0.0000 -0.8480 0.5300
vn 0.0000 -0.2800 0.9600
vn 0.0000 -0.2800 0.9600
vn 0.0000 0.0995 0.9950
vn 0.0000 0.0995 0.9950
vn 0.0000 0.7593 0.6508
vn 0.0000 0.7593 0.6508
vn 0.0000 0.9806 0.1961
vn 0.0000 0.9806 0.1961
vn 0.0000 0.8849 0.4657
vn 0.0000 0.8849 0.4657
vn 0.0000 0.9231 -0.3846
vn 0.0000 0.9231 -0.3846
vn 0.0000 0.7809 0.6247
vn 0.0000 0.7809 0.6247
vn 0.0000 0.9487 0.3162
vn 0.0000 0.9487 0.3162
vn 0.0000 1.0000 0.0000
vn 0.0000 1.0000 0.0000
vn 0.0000 0.8321 -0.5547
vn 0.0000 0.8321 -0.5547
vn 0.0000 0.4472 0.8944
vn 0.0000 0.4472 0.8944
vn 0.0000 0.8137 0.5812
vn 0.0000 0.8137 0.5812
vn 0.0000 0.9997 0.0263
vn 0.0000 0.9997 0.0263
vn 0.0000 0.8575 -0.5145
vn 0.0000 0.8575 -0.5145
vn 0.0000 0.4961 -0.8682
vn 0.0000 0.4961 -0.8682
vn 0.0000 0.7071 0.7071
vn 0.0000 0.7071 0.7071
vn 0.0000 0.9899 0.1414
vn 0.0000 0.9899 0.1414
vn 0.0000 0.9864 -0.1644
vn 0.0000 0.9864 -0.1644
vn 0.0000 -0.1240 -0.9923
vn -0.0000 -0.1240 -0.9923
vn 0.0000 0.7474 -0.6644
vn 0.0000 0.7474 -0.6644
vn 0.0000 0.5547 -0.8321
vn 0.0000 0.5547 -0.8321
vn 0.0000 0.9806 -0.1961
vn 0.0000 0.9806 -0.1961
vn 0.0000 -0.0995 -0.9950
vn -0.0000 -0.0995 -0.9950
vn 0.0000 -0.9955 0.0948
vn 0.0000 -0.9955 0.0948
vn 0.0000 -0.1961 -0.9806
vn -0.0000 -0.1961 -0.9806
vn 0.0000 0.9806 -0.1961
vn 0.0000 0.9806 -0.1961
vn 0.0000 0.6000 0.8000
vn 0.0000 0.6000 0.8000
vn 0.0000 -0.8575 0.5145
vn 0.0000 -0.8575 0.5145
vn 0.0000 -0.0000 1.0000
vn 0.0000 -0.0000 1.0000
vn 0.0000 0.4472 0.8944
vn 0.0000 0.4472 0.8944
vn 0.0000 -0.2425 0.9701
vn 0.0000 -0.2425 0.9701
vn 0.0000 -0.8944 0.4472
vn 0.0000 -0.8944 0.4472
vn 0.0000 -0.4472 -0.8944
vn -0.0000 -0.4472 -0.8944
vn 0.0000 -0.9981 0.0624
vn 0.0000 -0.9981 0.0624
vn 0.0000 0.9864 -0.1644
vn 0.0000 0.9864 -0.1644
vn -0.0000 -0.0000 -1.0000
vn -0.0000 -0.0000 -1.0000
vn 0.0000 -0.9975 -0.0712
vn -0.0000 -0.9975 -0.0712
vn 0.0000 -0.5145 -0.8575
vn -0.0000 -0.5145 -0.8575
vn 0.0000 0.1414 -0.9899
vn 0.0000 0.1414 -0.9899
vn 0.0000 0.8575 -0.5145
vn 0.0000 0.8575 -0.5145
vn 0.0000 1.0000 0.0000
vn 0.0000 1.0000 0.0000
vn 0.0000 0.5547 0.8321
vn 0.0000 0.5547 0.8321
vn 0.0000 -0.7071 0.7071
vn 0.0000 -0.7071 0.7071
vn 0.0000 -0.9965 0.0830
vn 0.0000 -0.9965 0.0830
vn 0.0000 -0.0000 1.0000
vn 0.0000 -0.0000 1.0000
vn 0.0000 0.9971 0.0767
vn 0.0000 0.9971 0.0767
vn 0.0000 0.4472 0.8944
vn 0.0000 0.4472 0.8944
vn 0.0000 -0.1961 0.9806
vn 0.0000 -0.1961 0.9806
vn 0.0000 -0.8944 0.4472
vn 0.0000 -0.8944 0.4472
vn -0.0000 -0.0000 -1.0000
vn -0.0000 -0.0000 -1.0000
vn -0.0000 -1.0000 0.0000
vn 0.0000 -1.0000 0.0000
vn -0.0000 -0.0000 -1.0000
vn -0.0000 -0.0000 -1.0000
vn 0.0000 -0.3846 0.9231
vn 0.0000 -0.3846 0.9231
vn 0.0000 -0.9487 0.3162
vn 0.0000 -0.9487 0.3162
vn 0.0000 -0.7071 -0.7071
vn -0.0000 -0.7071 -0.7071
vn 0.0000 0.0688 -0.9976
vn 0.0000 0.0688 -0.9976
vn 0.0000 -0.8000 -0.6000
vn -0.0000 -0.8000 -0.6000
vn 0.0000 -0.7071 0.7071
vn 0.0000 -0.7071 0.7071
vn 0.0000 -0.0995 -0.9950
vn -0.0000 -0.0995 -0.9950
vn 0.0000 0.7071 -0.7071
vn 0.0000 0.7071 -0.7071
vn 0.0000 0.9839 0.1789
vn 0.0000 0.9839 0.1789
vn 0.0000 0.6402 0.7682
vn 0.0000 0.6402 0.7682
vn 0.0000 -0.0905 0.9959
vn 0.0000 -0.0905 0.9959
vn 0.0000 -0.8137 0.5812
vn 0.0000 -0.8137 0.5812
vn 0.0000 0.0830 0.9965
vn 0.0000 0.0830 0.9965
vn 0.0000 0.8321 -0.5547
vn 0.0000 0.8321 -0.5547
vn -0.0000 -0.0000 -1.0000
vn -0.0000 -0.0000 -1.0000
vn 0.0000 0.7071 -0.7071
vn 0.0000 0.7071 -0.7071
vn 0.0000 0.8000 0.6000
vn 0.0000 0.8000 0.6000
vn 0.0000 -0.0384 0.9993
vn 0.0000 -0.0384 0.9993
vn 0.0000 -0.8321 -0.5547
vn -0.0000 -0.8321 -0.5547
vn 0.0000 -0.7071 0.7071
vn 0.0000 -0.7071 0.7071
vn 0.0000 0.3162 -0.9487
vn 0.0000 0.3162 -0.9487
vn 0.0000 -0.5145 -0.8575
vn -0.0000 -0.5145 -0.8575
vn 0.0000 0.1789 -0.9839
vn 0.0000 0.1789 -0.9839
vn 0.0000 0.7809 -0.6247
vn 0.0000 0.7809 -0.6247
vn 0.0000 0.9912 0.1322
vn 0.0000 0.9912 0.1322
vn 0.0000 0.3714 0.9285
vn 0.0000 0.3714 0.9285
vn 0.0000 -0.7071 0.7071
vn 0.0000 -0.7071 0.7071
vn 0.0000 -0.9806 -0.1961
vn -0.0000 -0.9806 -0.1961
vn 0.0000 -0.7071 0.7071
vn 0.0000 -0.7071 0.7071
vn 0.0000 0.4472 0.8944
vn 0.0000 0.4472 0.8944
vn 0.0000 0.9806 0.1961
vn 0.0000 0.9806 0.1961
vn 0.0000 -0.1961 0.9806
vn 0.0000 -0.1961 0.9806
vn -0.0000 -1.0000 0.0000
vn 0.0000 -1.0000 0.0000
vn 0.0000 -0.4472 0.8944
vn 0.0000 -0.4472 0.8944
vn 0.0000 0.9648 0.2631
vn 0.0000 0.9648 0.2631
vn 0.0000 0.1644 0.9864
vn 0.0000 0.1644 0.9864
vn 0.0000 -0.3162 -0.9487
vn -0.0000 -0.3162 -0.9487
vn -0.0000 -1.0000 0.0000
vn 0.0000 -1.0000 0.0000
vn -0.0000 -0.0000 -1.0000
vn -0.0000 -0.0000 -1.0000
vn 0.0000 0.8321 -0.5547
vn 0.0000 0.8321 -0.5547
vn 0.0000 0.9701 0.2425
vn 0.0000 0.9701 0.2425
vn 0.0000 -0.5547 -0.8321
vn -0.0000 -0.5547 -0.8321
vn 0.0000 -0.9701 -0.2425
vn -0.0000 -0.9701 -0.2425
vn 0.0000 -0.6247 -0.7809
vn -0.0000 -0.6247 -0.7809
vn 0.0000 0.1644 -0.9864
vn 0.0000 0.1644 -0.9864
vn 0.0000 0.7809 -0.6247
vn 0.0000 0.7809 -0.6247
vn 0.0000 0.9806 0.1961
vn 0.0000 0.9806 0.1961
vn 0.0000 0.7071 0.7071
vn 0.0000 0.7071 0.7071
vn 0.0000 -0.8000 0.6000
vn 0.0000 -0.8000 0.6000
vn 0.0000 -0.9701 -0.2425
vn -0.0000 -0.9701 -0.2425
vn 0.0000 0.3162 0.9487
vn 0.0000 0.3162 0.9487
vn 0.0000 0.9701 0.2425
vn 0.0000 0.9701 0.2425
vn 0.0000 0.6000 0.8000
vn 0.0000 0.6000 0.8000
vn 0.0000 -0.0000 1.0000
vn 0.0000 -0.0000 1.0000
vn 0.0000 -0.9487 -0.3162
vn -0.0000 -0.9487 -0.3162
vn 0.0000 -0.7071 0.7071
vn 0.0000 -0.7071 0.7071
vn 0.0000 -0.9247 -0.3807
vn -0.0000 -0.9247 -0.3807
vn -0.0000 -0.0000 -1.0000
vn -0.0000 -0.0000 -1.0000
vn 0.0000 0.8321 -0.5547
vn 0.0000 0.8321 -0.5547
vn 0.0000 0.9487 0.3162
vn 0.0000 0.9487 0.3162
vn 0.0000 0.1961 -0.9806
vn 0.0000 0.1961 -0.9806
vn 0.0000 -0.7071 -0.7071
vn -0.0000 -0.7071 -0.7071
vn 0.0000 -0.9662 -0.2577
vn -0.0000 -0.9662 -0.2577
vn 0.0000 -0.7071 -0.7071
vn -0.0000 -0.7071 -0.7071
vn 0.0000 0.2425 -0.9701
vn 0.0000 0.2425 -0.9701
vn 0.0000 0.9487 -0.3162
vn 0.0000 0.9487 -0.3162
vn 0.0000 0.9578 0.2873
vn 0.0000 0.9578 0.2873
vn 0.0000 0.8742 0.4856
vn 0.0000 0.8742 0.4856
vn 0.0000 -0.3162 0.9487
vn 0.0000 -0.3162 0.9487
vn 0.0000 -0.9487 0.3162
vn 0.0000 -0.9487 0.3162
vn 0.0000 -0.0000 1.0000
vn 0.0000 -0.0000 1.0000
vn 0.0000 -0.9899 0.1414
vn 0.0000 -0.9899 0.1414
vn 0.0000 -0.5547 0.8321
vn 0.0000 -0.5547 0.8321
vn 0.0000 0.4061 -0.9138
vn 0.0000 0.4061 -0.9138
vn 0.0000 -0.5547 -0.8321
vn -0.0000 -0.5547 -0.8321
vn 0.0000 -0.5369 0.8437
vn 0.0000 -0.5369 0.8437
vn -0.0000 -1.0000 0.0000
vn 0.0000 -1.0000 0.0000
vn 0.0000 -0.5547 -0.8321
vn -0.0000 -0.5547 -0.8321
vn 0.0000 0.2600 -0.9656
vn 0.0000 0.2600 -0.9656
vn 0.0000 0.7071 -0.7071
vn 0.0000 0.7071 -0.7071
vn 0.0000 -0.7682 -0.6402
vn -0.0000 -0.7682 -0.6402
vn 0.0000 -0.2873 -0.9578
vn -0.0000 -0.2873 -0.9578
vn 0.0000 0.7071 -0.7071
vn 0.0000 0.7071 -0.7071
vn 0.0000 0.9806 0.1961
vn 0.0000 0.9806 0.1961
vn 0.0000 0.6508 0.7593
vn 0.0000 0.6508 0.7593
vn 0.0000 -0.1789 0.9839
vn 0.0000 -0.1789 0.9839
vn 0.0000 -0.7809 0.6247
vn 0.0000 -0.7809 0.6247
vn 0.0000 -0.9864 0.1644
vn 0.0000 -0.9864 0.1644
vn 0.0000 -0.0000 1.0000
vn 0.0000 -0.0000 1.0000
vn 0.0000 0.7071 0.7071
vn 0.0000 0.7071 0.7071
vn 0.0000 0.4741 -0.8805
vn 0.0000 0.4741 -0.8805
vn 0.0000 0.8000 0.6000
vn 0.0000 0.8000 0.6000
vn 0.0000 -0.2249 0.9744
vn 0.0000 -0.2249 0.9744
vn 0.0000 -0.7071 -0.7071
vn -0.0000 -0.7071 -0.7071
vn 0.0000 -0.6508 0.7593
vn 0.0000 -0.6508 0.7593
vn 0.0000 -0.6247 -0.7809
vn -0.0000 -0.6247 -0.7809
vn 0.0000 0.4961 -0.8682
vn 0.0000 0.4961 -0.8682
vn 0.0000 -0.0767 -0.9971
vn -0.0000 -0.0767 -0.9971
vn 0.0000 0.6585 -0.7526
vn 0.0000 0.6585 -0.7526
vn 0.0000 0.9864 0.1644
vn 0.0000 0.9864 0.1644
vn 0.0000 0.8517 0.5241
vn 0.0000 0.8517 0.5241
vn 0.0000 -0.0000 1.0000
vn 0.0000 -0.0000 1.0000
vn 0.0000 -0.8321 0.5547
vn 0.0000 -0.8321 0.5547
vn 0.0000 -0.9138 -0.4061
vn -0.0000 -0.9138 -0.4061
vn 0.0000 -0.9285 0.3714
vn 0.0000 -0.9285 0.3714
vn 0.0000 0.3162 0.9487
vn 0.0000 0.3162 0.9487
vn 0.0000 0.8944 0.4472
vn 0.0000 0.8944 0.4472
vn 0.0000 -0.5145 0.8575
vn 0.0000 -0.5145 0.8575
vn 0.0000 -0.9806 -0.1961
vn -0.0000 -0.9806 -0.1961
vn 0.0000 0.3162 0.9487
vn 0.0000 0.3162 0.9487
vn 0.0000 0.9285 0.3714
vn 0.0000 0.9285 0.3714
vn 0.0000 0.2425 0.9701
vn 0.0000 0.2425 0.9701
vn 0.0000 -0.9615 -0.2747
vn -0.0000 -0.9615 -0.2747
vn 0.0000 -0.8000 0.6000
vn 0.0000 -0.8000 0.6000
vn -0.9979 0.0000 -0.0640
vn -0.9979 -0.0000 -0.0640
vn -0.9979 0.0000 -0.0640
vn -0.9979 0.0000 -0.0640
vn -0.9979 -0.0000 -0.0640
vn -0.9979 -0.0000 -0.0640
vn -0.9979 -0.0000 -0.0640
vn -0.9979 -0.0000 -0.0640
vn -0.9979 -0.0000 -0.0640
vn -0.9979 -0.0000 -0.0640
vn -0.9979 0.0000 -0.0640
vn -0.9979 -0.0000 -0.0640
vn -0.9979 -0.0000 -0.0640
vn -0.9979 0.0000 -0.0640
vn -0.9979 0.0000 -0.0640
vn -0.9979 0.0000 -0.0640
vn -0.9979 0.0000 -0.0640
vn -0.9979 0.0000 -0.0640
vn -0.9979 -0.0000 -0.0640
vn -0.9979 0.0000 -0.0640
vn -0.9979 0.0000 -0.0640
vn -0.9979 -0.0000 -0.0640
vn -0.9979 -0.0000 -0.0640
vn -0.9979 0.0000 -0.0640
vn -0.9979 0.0000 -0.0640
vn -0.9979 0.0000 -0.0640
vn -0.9979 0.0000 -0.0640
vn -0.9979 0.0000 -0.0640
vn -0.9979 -0.0000 -0.0640
vn -0.9979 -0.0000 -0.0640
vn -0.9979 -0.0000 -0.0640
vn -0.9979 -0.0000 -0.0640
vn -0.9979 -0.0000 -0.0640
vn -0.9979 0.0000 -0.0640
vn -0.9979 0.0000 -0.0640
vn -0.9979 0.0000 -0.0640
vn -0.9979 0.0000 -0.0640
vn -0.9979 0.0000 -0.0640
vn -0.9979 0.0000 -0.0640
vn -0.9979 -0.0000 -0.0640
vn -0.9979 -0.0000 -0.0640
vn -0.9979 0.0000 -0.0640
vn -0.9979 0.0000 -0.0640
vn -0.9979 -0.0000 -0.0640
vn -0.9979 0.0000 -0.0640
vn -0.9979 -0.0000 -0.0640
vn -0.9979 -0.0000 -0.0640
vn -0.9979 0.0000 -0.0640
vn -0.9979 -0.0000 -0.0640
vn -0.9979 -0.0000 -0.0640
vn -0.9979 -0.0000 -0.0640
vn -0.9979 0.0000 -0.0640
vn -0.9979 -0.0000 -0.0640
vn -0.9979 -0.0000 -0.0640
vn -0.9979 0.0000 -0.0640
vn -0.9979 0.0000 -0.0640
vn -0.9979 0.0000 -0.0640
vn -0.9979 -0.0000 -0.0640
vn -0.9979 0.0000 -0.0640
vn -0.9979 -0.0000 -0.0640
vn -0.9979 0.0000 -0.0640
vn -0.9979 0.0000 -0.0640
vn -0.9979 -0.0000 -0.0640
vn -0.9979 -0.0000 -0.0640
vn -0.9979 0.0000 -0.0640
vn -0.9979 0.0000 -0.0640
vn -0.9979 0.0000 -0.0640
vn -0.9979 0.0000 -0.0640
vn -0.9979 0.0000 -0.0640
vn -0.9979 -0.0000 -0.0640
vn -0.9979 0.0000 -0.0640
vn -0.9979 -0.0000 -0.0640
vn -0.9979 0.0000 -0.0640
vn -0.9979 -0.0000 -0.0640
vn -0.9979 0.0000 -0.0640
vn -0.9979 0.0000 -0.0640
vn -0.9979 0.0000 -0.0640
vn -0.9979 -0.0000 -0.0640
vn -0.9979 0.0000 -0.0640
vn -0.9979 -0.0000 -0.0640
vn -0.9979 -0.0000 -0.0640
vn -0.9979 0.0000 -0.0640
vn -0.9979 -0.0000 -0.0640
vn -0.9979 0.0000 -0.0640
vn -0.9979 0.0000 -0.0640
vn -0.9979 -0.0000 -0.0640
vn -0.9979 -0.0000 -0.0640
vn -0.9979 -0.0000 -0.0640
vn -0.9979 -0.0000 -0.0640
vn -0.9979 0.0000 -0.0640
vn -0.9979 0.0000 -0.0640
vn -0.9979 0.0000 -0.0640
vn -0.9979 0.0000 -0.0640
vn -0.9979 -0.0000 -0.0640
vn -0.9979 -0.0000 -0.0640
vn -0.9979 0.0000 -0.0640
vn -0.9979 -0.0000 -0.0640
vn -0.9979 -0.0000 -0.0640
vn -0.9979 -0.0000 -0.0640
vn -0.9979 0.0000 -0.0640
vn -0.9979 -0.0000 -0.0640
vn -0.9979 -0.0000 -0.0640
vn -0.9979 0.0000 -0.0640
vn -0.9979 -0.0000 -0.0640
vn -0.9979 -0.0000 -0.0640
vn -0.9979 -0.0000 -0.0640
vn -0.9979 0.0000 -0.0640
vn -0.9979 0.0000 -0.0640
vn -0.9979 0.0000 -0.0640
vn -0.9979 -0.0000 -0.0640
vn -0.9979 -0.0000 -0.0640
vn -0.9979 0.0000 -0.0640
vn -0.9979 0.0000 -0.0640
vn -0.9979 -0.0000 -0.0640
vn -0.9979 0.0000 -0.0640
vn -0.9979 0.0000 -0.0640
vn -0.9979 0.0000 -0.0640
vn -0.9979 -0.0000 -0.0640
vn -0.9979 0.0000 -0.0640
vn -0.9979 -0.0000 -0.0640
vn -0.9979 0.0000 -0.0640
vn -0.9979 -0.0000 -0.0640
vn -0.9979 -0.0000 -0.0640
vn -0.9979 -0.0000 -0.0640
vn -0.9979 0.0000 -0.0640
vn -0.9979 -0.0000 -0.0640
vn -0.9979 -0.0000 -0.0640
vn -0.9979 -0.0000 -0.0640
vn -0.9979 -0.0000 -0.0640
vn -0.9979 -0.0000 -0.0640
vn -0.9979 0.0000 -0.0640
vn -0.9979 0.0000 -0.0640
vn -0.9979 0.0000 -0.0640
vn -0.9979 0.0000 -0.0640
vn -0.9979 -0.0000 -0.0640
vn -0.9979 -0.0000 -0.0640
vn -0.9979 0.0000 -0.0640
vn -0.9979 0.0000 -0.0640
vn -0.9979 -0.0000 -0.0640
vn -0.9979 -0.0000 -0.0640
vn -0.9979 0.0000 -0.0640
vn -0.9979 -0.0000 -0.0640
vn -0.9979 0.0000 -0.0640
vn -0.9979 0.0000 -0.0640
vn -0.9979 0.0000 -0.0640
vn -0.9979 0.0000 -0.0640
vn -0.9979 0.0000 -0.0640
vn -0.9979 0.0000 -0.0640
vn -0.9979 0.0000 -0.0640
vn -0.9979 0.0000 -0.0640
vn -0.9979 0.0000 -0.0640
vn -0.9979 0.0000 -0.0640
vn -0.9979 -0.0000 -0.0640
vn -0.9979 -0.0000 -0.0640
vn -0.9979 0.0000 -0.0640
vn -0.9979 -0.0000 -0.0640
vn -0.9979 0.0000 -0.0640
vn -0.9979 0.0000 -0.0640
vn -0.9979 0.0000 -0.0640
vn -0.9979 -0.0000 -0.0640
vn -0.9979 0.0000 -0.0640
vn -0.9979 0.0000 -0.0640
vn -0.9979 -0.0000 -0.0640
vn -0.9979 0.0000 -0.0640
vn -0.9979 0.0000 -0.0640
vn -0.9979 -0.0000 -0.0640
vn -0.9979 -0.0000 -0.0640
vn -0.9979 0.0000 -0.0640
vn -0.9979 -0.0000 -0.0640
vn -0.9979 0.0000 -0.0640
vn -0.9979 0.0000 -0.0640
vn -0.9979 0.0000 -0.0640
vn -0.9979 0.0000 -0.0640
vn -0.9979 -0.0000 -0.0640
vn -0.9979 -0.0000 -0.0640
vn -0.9979 -0.0000 -0.0640
vn -0.9979 -0.0000 -0.0640
vn -0.9979 0.0000 -0.0640
vn -0.9979 0.0000 -0.0640
vn -0.9979 0.0000 -0.0640
vn -0.9979 0.0000 -0.0640
vn -0.9979 -0.0000 -0.0640
vn -0.9979 0.0000 -0.0640
vn -0.9979 0.0000 -0.0640
vn -0.9979 -0.0000 -0.0640
vn -0.9979 0.0000 -0.0640
vn 0.9979 -0.0000 0.0640
vn 0.9979 0.0000 0.0640
vn 0.9979 -0.0000 0.0640
vn 0.9979 -0.0000 0.0640
vn 0.9979 0.0000 0.0640
vn 0.9979 0.0000 0.0640
vn 0.9979 0.0000 0.0640
vn 0.9979 0.0000 0.0640
vn 0.9979 0.0000 0.0640
vn 0.9979 0.0000 0.0640
vn 0.9979 -0.0000 0.0640
vn 0.9979 0.0000 0.0640
vn 0.9979 0.0000 0.0640
vn 0.9979 -0.0000 0.0640
vn 0.9979 -0.0000 0.0640
vn 0.9979 -0.0000 0.0640
vn 0.9979 -0.0000 0.0640
vn 0.9979 -0.0000 0.0640
vn 0.9979 0.0000 0.0640
vn 0.9979 -0.0000 0.0640
vn 0.9979 -0.0000 0.0640
vn 0.9979 0.0000 0.0640
vn 0.9979 0.0000 0.0640
vn 0.9979 -0.0000 0.0640
vn 0.9979 0.0000 0.0640
vn 0.9979 -0.0000 0.0640
vn 0.9979 -0.0000 0.0640
vn 0.9979 -0.0000 0.0640
vn 0.9979 0.0000 0.0640
vn 0.9979 0.0000 0.0640
vn 0.9979 0.0000 0.0640
vn 0.9979 0.0000 0.0640
vn 0.9979 0.0000 0.0640
vn 0.9979 -0.0000 0.0640
vn 0.9979 -0.0000 0.0640
vn 0.9979 -0.0000 0.0640
vn 0.9979 -0.0000 0.0640
vn 0.9979 -0.0000 0.0640
vn 0.9979 -0.0000 0.0640
vn 0.9979 0.0000 0.0640
vn 0.9979 0.0000 0.0640
vn 0.9979 -0.0000 0.0640
vn 0.9979 -0.0000 0.0640
vn 0.9979 0.0000 0.0640
vn 0.9979 -0.0000 0.0640
vn 0.9979 0.0000 0.0640
vn 0.9979 0.0000 0.0640
vn 0.9979 -0.0000 0.0640
vn 0.9979 0.0000 0.0640
vn 0.9979 -0.0000 0.0640
vn 0.9979 -0.0000 0.0640
vn 0.9979 -0.0000 0.0640
vn 0.9979 -0.0000 0.0640
vn 0.9979 0.0000 0.0640
vn 0.9979 -0.0000 0.0640
vn 0.9979 -0.0000 0.0640
vn 0.9979 -0.0000 0.0640
vn 0.9979 0.0000 0.0640
vn 0.9979 -0.0000 0.0640
vn 0.9979 0.0000 0.0640
vn 0.9979 -0.0000 0.0640
vn 0.9979 -0.0000 0.0640
vn 0.9979 0.0000 0.0640
vn 0.9979 0.0000 0.0640
vn 0.9979 -0.0000 0.0640
vn 0.9979 -0.0000 0.0640
vn 0.9979 -0.0000 0.0640
vn 0.9979 0.0000 0.0640
vn 0.9979 0.0000 0.0640
vn 0.9979 0.0000 0.0640
vn 0.9979 -0.0000 0.0640
vn 0.9979 0.0000 0.0640
vn 0.9979 -0.0000 0.0640
vn 0.9979 -0.0000 0.0640
vn 0.9979 0.0000 0.0640
vn 0.9979 0.0000 0.0640
vn 0.9979 -0.0000 0.0640
vn 0.9979 0.0000 0.0640
vn 0.9979 -0.0000 0.0640
vn 0.9979 0.0000 0.0640
vn 0.9979 0.0000 0.0640
vn 0.9979 -0.0000 0.0640
vn 0.9979 0.0000 0.0640
vn 0.9979 -0.0000 0.0640
vn 0.9979 -0.0000 0.0640
vn 0.9979 0.0000 0.0640
vn 0.9979 0.0000 0.0640
vn 0.9979 0.0000 0.0640
vn 0.9979 0.0000 0.0640
vn 0.9979 -0.0000 0.0640
vn 0.9979 -0.0000 0.0640
vn 0.9979 -0.0000 0.0640
vn 0.9979 -0.0000 0.0640
vn 0.9979 0.0000 0.0640
vn 0.9979 0.0000 0.0640
vn 0.9979 -0.0000 0.0640
vn 0.9979 0.0000 0.0640
vn 0.9979 0.0000 0.0640
vn 0.9979 0.0000 0.0640
vn 0.9979 -0.0000 0.0640
vn 0.9979 0.0000 0.0640
vn 0.9979 0.0000 0.0640
vn 0.9979 -0.0000 0.0640
vn 0.9979 0.0000 0.0640
vn 0.9979 0.0000 0.0640
vn 0.9979 0.0000 0.0640
vn 0.9979 -0.0000 0.0640
vn 0.9979 -0.0000 0.0640
vn 0.9979 -0.0000 0.0640
vn 0.9979 0.0000 0.0640
vn 0.9979 0.0000 0.0640
vn 0.9979 -0.0000 0.0640
vn 0.9979 -0.0000 0.0640
vn 0.9979 0.0000 0.0640
vn 0.9979 -0.0000 0.0640
vn 0.9979 -0.0000 0.0640
vn 0.9979 0.0000 0.0640
vn 0.9979 0.0000 0.0640
vn 0.9979 0.0000 0.0640
vn 0.9979 0.0000 0.0640
vn 0.9979 -0.0000 0.0640
vn 0.9979 -0.0000 0.0640
vn 0.9979 0.0000 0.0640
vn 0.9979 0.0000 0.0640
vn 0.9979 0.0000 0.0640
vn 0.9979 0.0000 0.0640
vn 0.9979 0.0000 0.0640
vn 0.9979 0.0000 0.0640
vn 0.9979 0.0000 0.0640
vn 0.9979 0.0000 0.0640
vn 0.9979 -0.0000 0.0640
vn 0.9979 -0.0000 0.0640
vn 0.9979 -0.0000 0.0640
vn 0.9979 -0.0000 0.0640
vn 0.9979 0.0000 0.0640
vn 0.9979 0.0000 0.0640
vn 0.9979 0.0000 0.0640
vn 0.9979 0.0000 0.0640
vn 0.9979 0.0000 0.0640
vn 0.9979 0.0000 0.0640
vn 0.9979 0.0000 0.0640
vn 0.9979 0.0000 0.0640
vn 0.9979 -0.0000 0.0640
vn 0.9979 -0.0000 0.0640
vn 0.9979 -0.0000 0.0640
vn 0.9979 -0.0000 0.0640
vn 0.9979 -0.0000 0.0640
vn 0.9979 -0.0000 0.0640
vn 0.9979 -0.0000 0.0640
vn 0.9979 -0.0000 0.0640
vn 0.9979 -0.0000 0.0640
vn 0.9979 -0.0000 0.0640
vn 0.9979 0.0000 0.0640
vn 0.9979 0.0000 0.0640
vn 0.9979 0.0000 0.0640
vn 0.9979 0.0000 0.0640
vn 0.9979 -0.0000 0.0640
vn 0.9979 -0.0000 0.0640
vn 0.9979 0.0000 0.0640
vn 0.9979 0.0000 0.0640
vn 0.9979 -0.0000 0.0640
vn 0.9979 -0.0000 0.0640
vn 0.9979 0.0000 0.0640
vn 0.9979 -0.0000 0.0640
vn 0.9979 -0.0000 0.0640
vn 0.9979 0.0000 0.0640
vn 0.9979 0.0000 0.0640
vn 0.9979 0.0000 0.0640
vn 0.9979 0.0000 0.0640
vn 0.9979 -0.0000 0.0640
vn 0.9979 -0.0000 0.0640
vn 0.9979 -0.0000 0.0640
vn 0.9979 0.0000 0.0640
vn 0.9979 0.0000 0.0640
vn 0.9979 0.0000 0.0640
vn 0.9979 0.0000 0.0640
vn 0.9979 0.0000 0.0640
vn 0.9979 -0.0000 0.0640
vn 0.9979 -0.0000 0.0640
vn 0.9979 -0.0000 0.0640
vn 0.9979 -0.0000 0.0640
vn 0.9979 0.0000 0.0640
vn 0.9979 -0.0000 0.0640
vn 0.9979 0.0000 0.0640
vn 0.9979 0.0000 0.0640
vn 0.9979 0.0000 0.0640
vn 0.0000 -0.1789 -0.9839
vn -0.0000 -0.1789 -0.9839
vn 0.0000 -0.3905 -0.9206
vn -0.0000 -0.3905 -0.9206
vn 0.0000 -0.5882 -0.8087
vn -0.0000 -0.5882 -0.8087
vn 0.0000 -0.7328 -0.6805
vn -0.0000 -0.7328 -0.6805
vn 0.0000 -0.9006 -0.4347
vn -0.0000 -0.9006 -0.4347
vn 0.0000 0.8682 -0.4961
vn 0.0000 0.8682 -0.4961
vn 0.0000 0.6757 -0.7372
vn 0.0000 0.6757 -0.7372
vn 0.0000 0.3162 -0.9487
vn 0.0000 0.3162 -0.9487
vn -0.0000 -0.0000 -1.0000
vn -0.0000 -0.0000 -1.0000
vn 0.0000 -0.3624 -0.9320
vn -0.0000 -0.3624 -0.9320
vn 0.0000 -0.7071 -0.7071
vn -0.0000 -0.7071 -0.7071
vn 0.0000 -0.9048 -0.4258
vn -0.0000 -0.9048 -0.4258
vn -0.0000 -0.0000 -1.0000
vn -0.0000 -0.0000 -1.0000
vn 0.0000 -0.4258 -0.9048
vn -0.0000 -0.4258 -0.9048
vn 0.0000 0.3714 -0.9285
vn 0.0000 0.3714 -0.9285
vn -0.0000 -0.0000 -1.0000
vn -0.0000 -0.0000 -1.0000
vn 0.0000 -0.4061 -0.9138
vn -0.0000 -0.4061 -0.9138
vn 0.0000 -0.7399 -0.6727
vn -0.0000 -0.7399 -0.6727
vn 0.0000 -0.8944 -0.4472
vn -0.0000 -0.8944 -0.4472
vn 0.0000 -0.9899 -0.1414
vn -0.0000 -0.9899 -0.1414
vn -0.0000 -1.0000 0.0000
vn 0.0000 -1.0000 0.0000
vn 0.0000 -0.7071 -0.7071
vn -0.0000 -0.7071 -0.7071
vn 0.0000 -0.0624 -0.9981
vn -0.0000 -0.0624 -0.9981
vn 0.0000 -0.3846 -0.9231
vn -0.0000 -0.3846 -0.9231
vn 0.0000 -0.7071 -0.7071
vn -0.0000 -0.7071 -0.7071
vn 0.0000 -0.9285 -0.3714
vn -0.0000 -0.9285 -0.3714
vn 0.0000 -1.0000 -0.0100
vn -0.0000 -1.0000 -0.0100
vn 0.0000 -0.9487 0.3162
vn 0.0000 -0.9487 0.3162
vn 0.0000 -0.7071 0.7071
vn 0.0000 -0.7071 0.7071
vn 0.0000 -0.4191 0.9080
vn 0.0000 -0.4191 0.9080
vn 0.0000 -0.0767 0.9971
vn 0.0000 -0.0767 0.9971
vn 0.0000 -0.7071 0.7071
vn 0.0000 -0.7071 0.7071
vn 0.0000 -0.9999 -0.0124
vn -0.0000 -0.9999 -0.0124
vn 0.0000 -0.9285 0.3714
vn 0.0000 -0.9285 0.3714
vn 0.0000 -0.6357 0.7719
vn 0.0000 -0.6357 0.7719
vn 0.0000 -0.2631 0.9648
vn 0.0000 -0.2631 0.9648
vn 0.0000 0.0587 0.9983
vn 0.0000 0.0587 0.9983
vn 0.0000 0.3846 0.9231
vn 0.0000 0.3846 0.9231
vn 0.0000 0.6690 0.7433
vn 0.0000 0.6690 0.7433
vn 0.0000 0.9216 0.3881
vn 0.0000 0.9216 0.3881
vn 0.0000 0.9997 0.0232
vn 0.0000 0.9997 0.0232
vn 0.0000 -0.4472 -0.8944
vn -0.0000 -0.4472 -0.8944
vn 0.0000 -0.9285 -0.3714
vn -0.0000 -0.9285 -0.3714
vn 0.0000 -0.9997 -0.0263
vn -0.0000 -0.9997 -0.0263
vn 0.0000 -0.9285 -0.3714
vn -0.0000 -0.9285 -0.3714
vn 0.0000 -0.7433 -0.6690
vn -0.0000 -0.7433 -0.6690
vn 0.0000 -0.3939 -0.9191
vn -0.0000 -0.3939 -0.9191
vn -0.0000 -0.0000 -1.0000
vn -0.0000 -0.0000 -1.0000
vn 0.0000 0.3417 -0.9398
vn 0.0000 0.3417 -0.9398
vn 0.0000 0.6644 -0.7474
vn 0.0000 0.6644 -0.7474
vn 0.0000 0.9320 -0.3624
vn 0.0000 0.9320 -0.3624
vn 0.0000 0.9999 0.0120
vn 0.0000 0.9999 0.0120
vn 0.0000 -0.0767 -0.9971
vn -0.0000 -0.0767 -0.9971
vn 0.0000 0.3162 -0.9487
vn 0.0000 0.3162 -0.9487
vn 0.0000 0.6644 -0.7474
vn 0.0000 0.6644 -0.7474
vn 0.0000 0.9080 -0.4191
vn 0.0000 0.9080 -0.4191
vn 0.0000 1.0000 0.0099
vn 0.0000 1.0000 0.0099
vn 0.0000 0.9231 0.3846
vn 0.0000 0.9231 0.3846
vn 0.0000 0.6247 0.7809
vn 0.0000 0.6247 0.7809
vn 0.0000 0.0995 0.9950
vn 0.0000 0.0995 0.9950
vn 0.0000 -0.2425 0.9701
vn 0.0000 -0.2425 0.9701
vn 0.0000 0.9762 -0.2169
vn 0.0000 0.9762 -0.2169
vn 0.0000 1.0000 0.0076
vn 0.0000 1.0000 0.0076
vn 0.0000 0.9701 0.2425
vn 0.0000 0.9701 0.2425
vn 0.0000 0.7863 0.6178
vn 0.0000 0.7863 0.6178
vn 0.0000 0.5300 0.8480
vn 0.0000 0.5300 0.8480
vn 0.0000 0.2631 0.9648
vn 0.0000 0.2631 0.9648
vn 0.0000 -0.0000 1.0000
vn 0.0000 -0.0000 1.0000
vn 0.0000 -0.3714 0.9285
vn 0.0000 -0.3714 0.9285
vn 0.0000 0.6508 0.7593
vn 0.0000 0.6508 0.7593
vn 0.0000 0.3417 0.9398
vn 0.0000 0.3417 0.9398
vn 0.0000 -0.0000 1.0000
vn 0.0000 -0.0000 1.0000
vn 0.0000 0.9536 0.3011
vn 0.0000 0.9536 0.3011
vn 0.0000 0.6727 0.7399
vn 0.0000 0.6727 0.7399
vn 0.0000 0.3162 0.9487
vn 0.0000 0.3162 0.9487
vn 0.0000 -0.0000 1.0000
vn 0.0000 -0.0000 1.0000
vn 0.0000 -0.3846 0.9231
vn 0.0000 -0.3846 0.9231
vn 0.0000 -0.7071 0.7071
vn 0.0000 -0.7071 0.7071
vn 0.0000 -0.9635 0.2676
vn 0.0000 -0.9635 0.2676
vn 0.0000 -0.0905 0.9959
vn 0.0000 -0.0905 0.9959
vn 0.0000 0.9529 0.3032
vn 0.0000 0.9529 0.3032
vn 0.0000 0.8638 0.5039
vn 0.0000 0.8638 0.5039
vn 0.0000 0.7399 0.6727
vn 0.0000 0.7399 0.6727
vn 0.0000 0.6000 0.8000
vn 0.0000 0.6000 0.8000
vn 0.0000 0.3987 0.9171
vn 0.0000 0.3987 0.9171
vn 0.0000 0.2124 0.9772
vn 0.0000 0.2124 0.9772
vn 0.0000 -0.0712 0.9975
vn 0.0000 -0.0712 0.9975
vn 0.0000 -0.7071 0.7071
vn 0.0000 -0.7071 0.7071
vn 0.0000 -0.9864 0.1644
vn 0.0000 -0.9864 0.1644
vn 0.0000 -0.8742 -0.4856
vn -0.0000 -0.8742 -0.4856
vn 0.0000 -0.9852 -0.1713
vn -0.0000 -0.9852 -0.1713
vn 0.0000 -0.9119 -0.4104
vn -0.0000 -0.9119 -0.4104
vn 0.0000 -0.7415 -0.6709
vn -0.0000 -0.7415 -0.6709
vn 0.0000 -0.5369 -0.8437
vn -0.0000 -0.5369 -0.8437
vn 0.0000 -0.3304 -0.9439
vn -0.0000 -0.3304 -0.9439
vn 0.0000 -0.9985 -0.0555
vn -0.0000 -0.9985 -0.0555
vn 0.0000 -0.7809 -0.6247
vn -0.0000 -0.7809 -0.6247
vn 0.0000 -0.9231 0.3846
vn 0.0000 -0.9231 0.3846
vn 0.0000 -0.9993 -0.0367
vn -0.0000 -0.9993 -0.0367
vn 0.0000 -0.9417 -0.3363
vn -0.0000 -0.9417 -0.3363
vn 0.0000 -0.6306 -0.7761
vn -0.0000 -0.6306 -0.7761
vn 0.0000 -0.1104 -0.9939
vn -0.0000 -0.1104 -0.9939
vn 0.0000 0.3714 -0.9285
vn 0.0000 0.3714 -0.9285
vn 0.0000 0.7071 -0.7071
vn 0.0000 0.7071 -0.7071
vn 0.0000 0.9333 -0.3590
vn 0.0000 0.9333 -0.3590
vn -0.0000 -0.0000 -1.0000
vn -0.0000 -0.0000 -1.0000
vn 0.0000 -0.9487 -0.3162
vn -0.0000 -0.9487 -0.3162
vn 0.0000 -0.7348 0.6783
vn 0.0000 -0.7348 0.6783
vn 0.0000 -0.8742 0.4856
vn 0.0000 -0.8742 0.4856
vn 0.0000 -0.9683 0.2499
vn 0.0000 -0.9683 0.2499
vn 0.0000 -0.9998 0.0196
vn 0.0000 -0.9998 0.0196
vn 0.0000 -0.9855 -0.1699
vn -0.0000 -0.9855 -0.1699
vn 0.0000 -0.4763 0.8793
vn 0.0000 -0.4763 0.8793
vn 0.0000 -0.7474 0.6644
vn 0.0000 -0.7474 0.6644
vn 0.0000 -0.8944 0.4472
vn 0.0000 -0.8944 0.4472
vn 0.0000 -0.9724 0.2334
vn 0.0000 -0.9724 0.2334
vn 0.0000 -0.9950 0.0995
vn 0.0000 -0.9950 0.0995
vn 0.0000 -0.9995 -0.0303
vn -0.0000 -0.9995 -0.0303
vn 0.0000 -0.9843 -0.1767
vn -0.0000 -0.9843 -0.1767
vn 0.0000 -0.9545 -0.2983
vn -0.0000 -0.9545 -0.2983
vn 0.0000 -0.8222 -0.5692
vn -0.0000 -0.8222 -0.5692
vn 0.0000 -0.5547 -0.8321
vn -0.0000 -0.5547 -0.8321
vn 0.0000 -0.2631 -0.9648
vn -0.0000 -0.2631 -0.9648
vn 0.0000 0.0712 -0.9975
vn 0.0000 0.0712 -0.9975
vn 0.0000 0.4472 -0.8944
vn 0.0000 0.4472 -0.8944
vn 0.0000 0.7399 -0.6727
vn 0.0000 0.7399 -0.6727
vn 0.0000 0.9487 -0.3162
vn 0.0000 0.9487 -0.3162
vn 0.0000 -0.7348 -0.6783
vn -0.0000 -0.7348 -0.6783
vn 0.0000 -0.4472 -0.8944
vn -0.0000 -0.4472 -0.8944
vn 0.0000 -0.2169 -0.9762
vn -0.0000 -0.2169 -0.9762
vn 0.0000 0.0712 -0.9975
vn 0.0000 0.0712 -0.9975
vn 0.0000 0.4191 -0.9080
vn 0.0000 0.4191 -0.9080
vn 0.0000 0.7926 -0.6097
vn 0.0000 0.7926 -0.6097
vn 0.0000 0.9487 -0.3162
vn 0.0000 0.9487 -0.3162
vn 0.0000 1.0000 0.0000
vn 0.0000 1.0000 0.0000
vn 0.0000 -0.2060 -0.9785
vn -0.0000 -0.2060 -0.9785
vn 0.0000 -0.6000 -0.8000
vn -0.0000 -0.6000 -0.8000
vn -0.0000 -1.0000 0.0000
vn 0.0000 -1.0000 0.0000
vn 0.0000 0.0665 0.9978
vn 0.0000 0.0665 0.9978
vn 0.0000 -0.7071 0.7071
vn 0.0000 -0.7071 0.7071
vn 0.0000 -0.9979 0.0644
vn 0.0000 -0.9979 0.0644
vn 0.0000 -0.8137 0.5812
vn 0.0000 -0.8137 0.5812
vn 0.0000 -0.5369 0.8437
vn 0.0000 -0.5369 0.8437
vn 0.0000 -0.1240 0.9923
vn 0.0000 -0.1240 0.9923
vn 0.0000 0.2425 0.9701
vn 0.0000 0.2425 0.9701
vn 0.0000 0.5241 0.8517
vn 0.0000 0.5241 0.8517
vn 0.0000 -0.7557 0.6549
vn 0.0000 -0.7557 0.6549
vn 0.0000 -0.4061 0.9138
vn 0.0000 -0.4061 0.9138
vn 0.0000 0.0476 0.9989
vn 0.0000 0.0476 0.9989
vn 0.0000 0.5215 0.8533
vn 0.0000 0.5215 0.8533
vn 0.0000 0.8575 0.5145
vn 0.0000 0.8575 0.5145
vn 0.0000 0.9487 0.3162
vn 0.0000 0.9487 0.3162
vn 0.0000 0.9770 0.2132
vn 0.0000 0.9770 0.2132
vn 0.0000 0.9997 0.0232
vn 0.0000 0.9997 0.0232
vn 0.0000 0.9880 -0.1544
vn 0.0000 0.9880 -0.1544
vn 0.0000 0.9285 -0.3714
vn 0.0000 0.9285 -0.3714
vn 0.0000 0.8321 -0.5547
vn 0.0000 0.8321 -0.5547
vn 0.0000 0.7071 -0.7071
vn 0.0000 0.7071 -0.7071
vn 0.0000 0.5264 -0.8503
vn 0.0000 0.5264 -0.8503
vn 0.0000 0.9869 0.1611
vn 0.0000 0.9869 0.1611
vn 0.0000 1.0000 0.0000
vn 0.0000 1.0000 0.0000
vn 0.0000 0.9731 -0.2305
vn 0.0000 0.9731 -0.2305
vn 0.0000 0.8838 -0.4679
vn 0.0000 0.8838 -0.4679
vn 0.0000 0.7740 -0.6332
vn 0.0000 0.7740 -0.6332
vn 0.0000 0.7071 0.7071
vn 0.0000 0.7071 0.7071
vn 0.0000 -0.0000 1.0000
vn 0.0000 -0.0000 1.0000
vn 0.0000 -0.8805 0.4741
vn 0.0000 -0.8805 0.4741
vn 0.0000 -0.7071 0.7071
vn 0.0000 -0.7071 0.7071
vn 0.0000 -0.3807 0.9247
vn 0.0000 -0.3807 0.9247
vn 0.0000 0.0905 0.9959
vn 0.0000 0.0905 0.9959
vn 0.0000 0.4472 0.8944
vn 0.0000 0.4472 0.8944
vn 0.0000 0.7071 0.7071
vn 0.0000 0.7071 0.7071
vn 0.0000 0.9191 0.3939
vn 0.0000 0.9191 0.3939
vn 0.0000 0.9975 0.0712
vn 0.0000 0.9975 0.0712
vn 0.0000 0.9995 0.0312
vn 0.0000 0.9995 0.0312
vn 0.0000 0.9363 -0.3511
vn 0.0000 0.9363 -0.3511
vn 0.0000 0.8321 0.5547
vn 0.0000 0.8321 0.5547
vn 0.0000 0.9829 0.1843
vn 0.0000 0.9829 0.1843
vn 0.0000 0.3363 0.9417
vn 0.0000 0.3363 0.9417
vn 0.0000 0.5433 0.8396
vn 0.0000 0.5433 0.8396
vn 0.0000 0.7071 0.7071
vn 0.0000 0.7071 0.7071
vn 0.0000 0.8455 0.5340
vn 0.0000 0.8455 0.5340
vn 0.0000 0.9734 0.2290
vn 0.0000 0.9734 0.2290
vn 0.0000 0.8944 0.4472
vn 0.0000 0.8944 0.4472
vn 0.0000 1.0000 0.0000
vn 0.0000 1.0000 0.0000
vn 0.0000 0.9138 -0.4061
vn 0.0000 0.9138 -0.4061
vn 0.0000 0.1521 -0.9884
vn 0.0000 0.1521 -0.9884
vn 0.0000 0.6139 -0.7894
vn 0.0000 0.6139 -0.7894
usemtl material_0
s off
f 9/9/1 10/10/1 1/1/1
f 8/8/2 9/9/2 1/1/2
f 7/7/3 8/8/3 1/1/3
f 6/6/4 7/7/4 1/1/4
f 5/5/5 6/6/5 1/1/5
f 4/4/6 5/5/6 1/1/6
f 3/3/7 4/4/7 1/1/7
f 2/2/8 3/3/8 1/1/8
f 11/11/9 20/20/9 19/19/9
f 11/11/10 19/19/10 18/18/10
f 11/11/11 18/18/11 17/17/11
f 11/11/12 17/17/12 16/16/12
f 11/11/13 16/16/13 15/15/13
f 11/11/14 15/15/14 14/14/14
f 11/11/15 14/14/15 13/13/15
f 11/11/16 13/13/16 12/12/16
f 11/11/17 12/12/17 1/1/17
f 1/1/18 12/12/18 2/2/18
f 12/12/19 13/13/19 2/2/19
f 2/2/20 13/13/20 3/3/20
f 13/13/21 14/14/21 3/3/21
f 3/3/22 14/14/22 4/4/22
f 14/14/23 15/15/23 4/4/23
f 4/4/24 15/15/24 5/5/24
f 15/15/25 16/16/25 5/5/25
f 5/5/26 16/16/26 6/6/26
f 16/16/27 17/17/27 6/6/27
f 6/6/28 17/17/28 7/7/28
f 17/17/29 18/18/29 7/7/29
f 7/7/30 18/18/30 8/8/30
f 18/18/31 19/19/31 8/8/31
f 8/8/32 19/19/32 9/9/32
f 20/20/33 11/11/33 10/10/33
f 10/10/34 11/11/34 1/1/34
f 19/19/35 20/20/35 9/9/35
f 9/9/36 20/20/36 10/10/36
f 28/28/37 29/29/37 21/21/37
f 27/27/38 28/28/38 21/21/38
f 26/26/39 27/27/39 21/21/39
f 25/25/40 26/26/40 21/21/40
f 24/24/41 25/25/41 21/21/41
f 23/23/42 24/24/42 21/21/42
f 22/22/43 23/23/43 21/21/43
f 30/30/44 38/38/44 37/37/44
f 30/30/45 37/37/45 36/36/45
f 30/30/46 36/36/46 35/35/46
f 30/30/47 35/35/47 34/34/47
f 30/30/48 34/34/48 33/33/48
f 30/30/49 33/33/49 32/32/49
f 30/30/50 32/32/50 31/31/50
f 30/30/51 31/31/51 21/21/51
f 21/21/52 31/31/52 22/22/52
f 31/31/53 32/32/53 22/22/53
f 22/22/54 32/32/54 23/23/54
f 32/32/55 33/33/55 23/23/55
f 23/23/56 33/33/56 24/24/56
f 33/33/57 34/34/57 24/24/57
f 24/24/58 34/34/58 25/25/58
f 34/34/59 35/35/59 25/25/59
f 25/25/60 35/35/60 26/26/60
f 35/35/61 36/36/61 26/26/61
f 26/26/62 36/36/62 27/27/62
f 36/36/63 37/37/63 27/27/63
f 27/27/64 37/37/64 28/28/64
f 38/38/65 30/30/65 29/29/65
f 29/29/66 30/30/66 21/21/66
f 37/37/67 38/38/67 28/28/67
f 28/28/68 38/38/68 29/29/68
f 208/208/69 209/209/69 39/39/69
f 207/207/70 208/208/70 39/39/70
f 206/206/71 207/207/71 39/39/71
f 204/204/72 205/205/72 206/206/72
f 203/203/73 204/204/73 206/206/73
f 202/202/74 203/203/74 206/206/74
f 201/201/75 202/202/75 206/206/75
f 198/198/76 199/199/76 200/200/76
f 197/197/77 198/198/77 200/200/77
f 196/196/78 197/197/78 200/200/78
f 195/195/79 196/196/79 200/200/79
f 194/194/80 195/195/80 200/200/80
f 193/193/81 194/194/81 200/200/81
f 191/191/82 192/192/82 193/193/82
f 190/190/83 191/191/83 193/193/83
f 189/189/84 190/190/84 193/193/84
f 188/188/85 189/189/85 193/193/85
f 187/187/86 188/188/86 193/193/86
f 186/186/87 187/187/87 193/193/87
f 185/185/88 186/186/88 193/193/88
f 184/184/89 185/185/89 193/193/89
f 183/183/90 184/184/90 193/193/90
f 182/182/91 183/183/91 193/193/91
f 181/181/92 182/182/92 193/193/92
f 180/180/93 181/181/93 193/193/93
f 179/179/94 180/180/94 193/193/94
f 176/176/95 177/177/95 178/178/95
f 175/175/96 176/176/96 178/178/96
f 174/174/97 175/175/97 178/178/97
f 173/173/98 174/174/98 178/178/98
f 172/172/99 173/173/99 178/178/99
f 171/171/100 172/172/100 178/178/100
f 170/170/101 171/171/101 178/178/101
f 168/168/102 169/169/102 170/170/102
f 166/166/103 167/167/103 168/168/103
f 164/164/104 165/165/104 166/166/104
f 162/162/105 163/163/105 164/164/105
f 160/160/106 161/161/106 162/162/106
f 158/158/107 159/159/107 160/160/107
f 156/156/108 157/157/108 158/158/108
f 155/155/109 156/156/109 158/158/109
f 153/153/110 154/154/110 155/155/110
f 150/150/111 151/151/111 152/152/111
f 149/149/112 150/150/112 152/152/112
f 146/146/113 147/147/113 148/148/113
f 145/145/114 146/146/114 148/148/114
f 144/144/115 145/145/115 148/148/115
f 143/143/116 144/144/116 148/148/116
f 142/142/117 143/143/117 148/148/117
f 141/141/118 142/142/118 148/148/118
f 140/140/119 141/141/119 148/148/119
f 138/138/120 139/139/120 140/140/120
f 137/137/121 138/138/121 140/140/121
f 135/135/122 136/136/122 137/137/122
f 133/133/123 134/134/123 135/135/123
f 132/132/124 133/133/124 135/135/124
f 131/131/125 132/132/125 135/135/125
f 130/130/126 131/131/126 135/135/126
f 127/127/127 128/128/127 129/129/127
f 124/124/128 125/125/128 126/126/128
f 123/123/129 124/124/129 126/126/129
f 122/122/130 123/123/130 126/126/130
f 119/119/131 120/120/131 121/121/131
f 118/118/132 119/119/132 121/121/132
f 117/117/133 118/118/133 121/121/133
f 116/116/134 117/117/134 121/121/134
f 115/115/135 116/116/135 121/121/135
f 114/114/136 115/115/136 121/121/136
f 113/113/137 114/114/137 121/121/137
f 112/112/138 113/113/138 121/121/138
f 111/111/139 112/112/139 121/121/139
f 110/110/140 111/111/140 121/121/140
f 109/109/141 110/110/141 121/121/141
f 108/108/142 109/109/142 121/121/142
f 107/107/143 108/108/143 121/121/143
f 106/106/144 107/107/144 121/121/144
f 103/103/145 104/104/145 105/105/145
f 100/100/146 101/101/146 102/102/146
f 99/99/147 100/100/147 102/102/147
f 98/98/148 99/99/148 102/102/148
f 97/97/149 98/98/149 102/102/149
f 95/95/150 96/96/150 97/97/150
f 93/93/151 94/94/151 95/95/151
f 91/91/152 92/92/152 93/93/152
f 89/89/153 90/90/153 91/91/153
f 87/87/154 88/88/154 89/89/154
f 86/86/155 87/87/155 89/89/155
f 85/85/156 86/86/156 89/89/156
f 84/84/157 85/85/157 89/89/157
f 83/83/158 84/84/158 89/89/158
f 81/81/159 82/82/159 83/83/159
f 79/79/160 80/80/160 81/81/160
f 77/77/161 78/78/161 79/79/161
f 75/75/162 76/76/162 77/77/162
f 69/69/163 70/70/163 71/71/163
f 68/68/164 69/69/164 71/71/164
f 67/67/165 68/68/165 71/71/165
f 66/66/166 67/67/166 71/71/166
f 65/65/167 66/66/167 71/71/167
f 64/64/168 65/65/168 71/71/168
f 63/63/169 64/64/169 71/71/169
f 62/62/170 63/63/170 71/71/170
f 61/61/171 62/62/171 71/71/171
f 58/58/172 59/59/172 60/60/172
f 56/56/173 57/57/173 58/58/173
f 54/54/174 55/55/174 56/56/174
f 53/53/175 54/54/175 56/56/175
f 51/51/176 52/52/176 53/53/176
f 48/48/177 49/49/177 50/50/177
f 47/47/178 48/48/178 50/50/178
f 44/44/179 45/45/179 46/46/179
f 43/43/180 44/44/180 46/46/180
f 42/42/181 43/43/181 46/46/181
f 41/41/182 42/42/182 46/46/182
f 40/40/183 41/41/183 46/46/183
f 206/206/184 39/39/184 40/40/184
f 201/201/185 206/206/185 40/40/185
f 200/200/186 201/201/186 40/40/186
f 193/193/187 200/200/187 40/40/187
f 179/179/188 193/193/188 40/40/188
f 178/178/189 179/179/189 40/40/189
f 166/166/190 168/168/190 170/170/190
f 164/164/191 166/166/191 170/170/191
f 162/162/192 164/164/192 170/170/192
f 160/160/193 162/162/193 170/170/193
f 158/158/194 160/160/194 170/170/194
f 155/155/195 158/158/195 170/170/195
f 153/153/196 155/155/196 170/170/196
f 149/149/197 152/152/197 153/153/197
f 140/140/198 148/148/198 149/149/198
f 137/137/199 140/140/199 149/149/199
f 135/135/200 137/137/200 149/149/200
f 130/130/201 135/135/201 149/149/201
f 129/129/202 130/130/202 149/149/202
f 127/127/203 129/129/203 149/149/203
f 126/126/204 127/127/204 149/149/204
f 122/122/205 126/126/205 149/149/205
f 121/121/206 122/122/206 149/149/206
f 106/106/207 121/121/207 149/149/207
f 105/105/208 106/106/208 149/149/208
f 103/103/209 105/105/209 149/149/209
f 102/102/210 103/103/210 149/149/210
f 97/97/211 102/102/211 149/149/211
f 95/95/212 97/97/212 149/149/212
f 93/93/213 95/95/213 149/149/213
f 91/91/214 93/93/214 149/149/214
f 89/89/215 91/91/215 149/149/215
f 83/83/216 89/89/216 149/149/216
f 81/81/217 83/83/217 149/149/217
f 79/79/218 81/81/218 149/149/218
f 77/77/219 79/79/219 149/149/219
f 75/75/220 77/77/220 149/149/220
f 74/74/221 75/75/221 149/149/221
f 73/73/222 74/74/222 149/149/222
f 72/72/223 73/73/223 149/149/223
f 71/71/224 72/72/224 149/149/224
f 61/61/225 71/71/225 149/149/225
f 60/60/226 61/61/226 149/149/226
f 58/58/227 60/60/227 149/149/227
f 56/56/228 58/58/228 149/149/228
f 53/53/229 56/56/229 149/149/229
f 51/51/230 53/53/230 149/149/230
f 50/50/231 51/51/231 149/149/231
f 47/47/232 50/50/232 149/149/232
f 46/46/233 47/47/233 149/149/233
f 40/40/234 46/46/234 149/149/234
f 178/178/235 40/40/235 149/149/235
f 170/170/236 178/178/236 149/149/236
f 153/153/237 170/170/237 149/149/237
f 210/210/238 380/380/238 379/379/238
f 210/210/239 379/379/239 378/378/239
f 210/210/240 378/378/240 377/377/240
f 377/377/241 376/376/241 375/375/241
f 377/377/242 375/375/242 374/374/242
f 377/377/243 374/374/243 373/373/243
f 377/377/244 373/373/244 372/372/244
f 371/371/245 370/370/245 369/369/245
f 371/371/246 369/369/246 368/368/246
f 371/371/247 368/368/247 367/367/247
f 371/371/248 367/367/248 366/366/248
f 371/371/249 366/366/249 365/365/249
f 371/371/250 365/365/250 364/364/250
f 364/364/251 363/363/251 362/362/251
f 364/364/252 362/362/252 361/361/252
f 364/364/253 361/361/253 360/360/253
f 364/364/254 360/360/254 359/359/254
f 364/364/255 359/359/255 358/358/255
f 364/364/256 358/358/256 357/357/256
f 364/364/257 357/357/257 356/356/257
f 364/364/258 356/356/258 355/355/258
f 364/364/259 355/355/259 354/354/259
f 364/364/260 354/354/260 353/353/260
f 364/364/261 353/353/261 352/352/261
f 364/364/262 352/352/262 351/351/262
f 364/364/263 351/351/263 350/350/263
f 349/349/264 348/348/264 347/347/264
f 349/349/265 347/347/265 346/346/265
f 349/349/266 346/346/266 345/345/266
f 349/349/267 345/345/267 344/344/267
f 349/349/268 344/344/268 343/343/268
f 349/349/269 343/343/269 342/342/269
f 349/349/270 342/342/270 341/341/270
f 341/341/271 340/340/271 339/339/271
f 339/339/272 338/338/272 337/337/272
f 337/337/273 336/336/273 335/335/273
f 335/335/274 334/334/274 333/333/274
f 333/333/275 332/332/275 331/331/275
f 331/331/276 330/330/276 329/329/276
f 329/329/277 328/328/277 327/327/277
f 329/329/278 327/327/278 326/326/278
f 326/326/279 325/325/279 324/324/279
f 323/323/280 322/322/280 321/321/280
f 323/323/281 321/321/281 320/320/281
f 319/319/282 318/318/282 317/317/282
f 319/319/283 317/317/283 316/316/283
f 319/319/284 316/316/284 315/315/284
f 319/319/285 315/315/285 314/314/285
f 319/319/286 314/314/286 313/313/286
f 319/319/287 313/313/287 312/312/287
f 319/319/288 312/312/288 311/311/288
f 311/311/289 310/310/289 309/309/289
f 311/311/290 309/309/290 308/308/290
f 308/308/291 307/307/291 306/306/291
f 306/306/292 305/305/292 304/304/292
f 306/306/293 304/304/293 303/303/293
f 306/306/294 303/303/294 302/302/294
f 306/306/295 302/302/295 301/301/295
f 300/300/296 299/299/296 298/298/296
f 297/297/297 296/296/297 295/295/297
f 297/297/298 295/295/298 294/294/298
f 297/297/299 294/294/299 293/293/299
f 292/292/300 291/291/300 290/290/300
f 292/292/301 290/290/301 289/289/301
f 292/292/302 289/289/302 288/288/302
f 292/292/303 288/288/303 287/287/303
f 292/292/304 287/287/304 286/286/304
f 292/292/305 286/286/305 285/285/305
f 292/292/306 285/285/306 284/284/306
f 292/292/307 284/284/307 283/283/307
f 292/292/308 283/283/308 282/282/308
f 292/292/309 282/282/309 281/281/309
f 292/292/310 281/281/310 280/280/310
f 292/292/311 280/280/311 279/279/311
f 292/292/312 279/279/312 278/278/312
f 292/292/313 278/278/313 277/277/313
f 276/276/314 275/275/314 274/274/314
f 273/273/315 272/272/315 271/271/315
f 273/273/316 271/271/316 270/270/316
f 273/273/317 270/270/317 269/269/317
f 273/273/318 269/269/318 268/268/318
f 268/268/319 267/267/319 266/266/319
f 266/266/320 265/265/320 264/264/320
f 264/264/321 263/263/321 262/262/321
f 262/262/322 261/261/322 260/260/322
f 260/260/323 259/259/323 258/258/323
f 260/260/324 258/258/324 257/257/324
f 260/260/325 257/257/325 256/256/325
f 260/260/326 256/256/326 255/255/326
f 260/260/327 255/255/327 254/254/327
f 254/254/328 253/253/328 252/252/328
f 252/252/329 251/251/329 250/250/329
f 250/250/330 249/249/330 248/248/330
f 248/248/331 247/247/331 246/246/331
f 242/242/332 241/241/332 240/240/332
f 242/242/333 240/240/333 239/239/333
f 242/242/334 239/239/334 238/238/334
f 242/242/335 238/238/335 237/237/335
f 242/242/336 237/237/336 236/236/336
f 242/242/337 236/236/337 235/235/337
f 242/242/338 235/235/338 234/234/338
f 242/242/339 234/234/339 233/233/339
f 242/242/340 233/233/340 232/232/340
f 231/231/341 230/230/341 229/229/341
f 229/229/342 228/228/342 227/227/342
f 227/227/343 226/226/343 225/225/343
f 227/227/344 225/225/344 224/224/344
f 224/224/345 223/223/345 222/222/345
f 221/221/346 220/220/346 219/219/346
f 221/221/347 219/219/347 218/218/347
f 217/217/348 216/216/348 215/215/348
f 217/217/349 215/215/349 214/214/349
f 217/217/350 214/214/350 213/213/350
f 217/217/351 213/213/351 212/212/351
f 217/217/352 212/212/352 211/211/352
f 211/211/353 210/210/353 377/377/353
f 211/211/354 377/377/354 372/372/354
f 211/211/355 372/372/355 371/371/355
f 211/211/356 371/371/356 364/364/356
f 211/211/357 364/364/357 350/350/357
f 211/211/358 350/350/358 349/349/358
f 341/341/359 339/339/359 337/337/359
f 341/341/360 337/337/360 335/335/360
f 341/341/361 335/335/361 333/333/361
f 341/341/362 333/333/362 331/331/362
f 341/341/363 331/331/363 329/329/363
f 341/341/364 329/329/364 326/326/364
f 341/341/365 326/326/365 324/324/365
f 324/324/366 323/323/366 320/320/366
f 320/320/367 319/319/367 311/311/367
f 320/320/368 311/311/368 308/308/368
f 320/320/369 308/308/369 306/306/369
f 320/320/370 306/306/370 301/301/370
f 320/320/371 301/301/371 300/300/371
f 320/320/372 300/300/372 298/298/372
f 320/320/373 298/298/373 297/297/373
f 320/320/374 297/297/374 293/293/374
f 320/320/375 293/293/375 292/292/375
f 320/320/376 292/292/376 277/277/376
f 320/320/377 277/277/377 276/276/377
f 320/320/378 276/276/378 274/274/378
f 320/320/379 274/274/379 273/273/379
f 320/320/380 273/273/380 268/268/380
f 320/320/381 268/268/381 266/266/381
f 320/320/382 266/266/382 264/264/382
f 320/320/383 264/264/383 262/262/383
f 320/320/384 262/262/384 260/260/384
f 320/320/385 260/260/385 254/254/385
f 320/320/386 254/254/386 252/252/386
f 320/320/387 252/252/387 250/250/387
f 320/320/388 250/250/388 248/248/388
f 320/320/389 248/248/389 246/246/389
f 320/320/390 246/246/390 245/245/390
f 320/320/391 245/245/391 244/244/391
f 320/320/392 244/244/392 243/243/392
f 320/320/393 243/243/393 242/242/393
f 320/320/394 242/242/394 232/232/394
f 320/320/395 232/232/395 231/231/395
f 320/320/396 231/231/396 229/229/396
f 320/320/397 229/229/397 227/227/397
f 320/320/398 227/227/398 224/224/398
f 320/320/399 224/224/399 222/222/399
f 320/320/400 222/222/400 221/221/400
f 320/320/401 221/221/401 218/218/401
f 320/320/402 218/218/402 217/217/402
f 320/320/403 217/217/403 211/211/403
f 320/320/404 211/211/404 349/349/404
f 320/320/405 349/349/405 341/341/405
f 320/320/406 341/341/406 324/324/406
f 210/210/407 211/211/407 39/39/407
f 39/39/408 211/211/408 40/40/408
f 211/211/409 212/212/409 40/40/409
f 40/40/410 212/212/410 41/41/410
f 212/212/411 213/213/411 41/41/411
f 41/41/412 213/213/412 42/42/412
f 213/213/413 214/214/413 42/42/413
f 42/42/414 214/214/414 43/43/414
f 214/214/415 215/215/415 43/43/415
f 43/43/416 215/215/416 44/44/416
f 215/215/417 216/216/417 44/44/417
f 44/44/418 216/216/418 45/45/418
f 216/216/419 217/217/419 45/45/419
f 45/45/420 217/217/420 46/46/420
f 217/217/421 218/218/421 46/46/421
f 46/46/422 218/218/422 47/47/422
f 218/218/423 219/219/423 47/47/423
f 47/47/424 219/219/424 48/48/424
f 219/219/425 220/220/425 48/48/425
f 48/48/426 220/220/426 49/49/426
f 220/220/427 221/221/427 49/49/427
f 49/49/428 221/221/428 50/50/428
f 221/221/429 222/222/429 50/50/429
f 50/50/430 222/222/430 51/51/430
f 222/222/431 223/223/431 51/51/431
f 51/51/432 223/223/432 52/52/432
f 223/223/433 224/224/433 52/52/433
f 52/52/434 224/224/434 53/53/434
f 224/224/435 225/225/435 53/53/435
f 53/53/436 225/225/436 54/54/436
f 225/225/437 226/226/437 54/54/437
f 54/54/438 226/226/438 55/55/438
f 226/226/439 227/227/439 55/55/439
f 55/55/440 227/227/440 56/56/440
f 227/227/441 228/228/441 56/56/441
f 56/56/442 228/228/442 57/57/442
f 228/228/443 229/229/443 57/57/443
f 57/57/444 229/229/444 58/58/444
f 229/229/445 230/230/445 58/58/445
f 58/58/446 230/230/446 59/59/446
f 230/230/447 231/231/447 59/59/447
f 59/59/448 231/231/448 60/60/448
f 231/231/449 232/232/449 60/60/449
f 60/60/450 232/232/450 61/61/450
f 232/232/451 233/233/451 61/61/451
f 61/61/452 233/233/452 62/62/452
f 233/233/453 234/234/453 62/62/453
f 62/62/454 234/234/454 63/63/454
f 234/234/455 235/235/455 63/63/455
f 63/63/456 235/235/456 64/64/456
f 235/235/457 236/236/457 64/64/457
f 64/64/458 236/236/458 65/65/458
f 236/236/459 237/237/459 65/65/459
f 65/65/460 237/237/460 66/66/460
f 237/237/461 238/238/461 66/66/461
f 66/66/462 238/238/462 67/67/462
f 238/238/463 239/239/463 67/67/463
f 67/67/464 239/239/464 68/68/464
f 239/239/465 240/240/465 68/68/465
f 68/68/466 240/240/466 69/69/466
f 240/240/467 241/241/467 69/69/467
f 69/69/468 241/241/468 70/70/468
f 241/241/469 242/242/469 70/70/469
f 70/70/470 242/242/470 71/71/470
f 242/242/471 243/243/471 71/71/471
f 71/71/472 243/243/472 72/72/472
f 243/243/473 244/244/473 72/72/473
f 72/72/474 244/244/474 73/73/474
f 244/244/475 245/245/475 73/73/475
f 73/73/476 245/245/476 74/74/476
f 245/245/477 246/246/477 74/74/477
f 74/74/478 246/246/478 75/75/478
f 246/246/479 247/247/479 75/75/479
f 75/75/480 247/247/480 76/76/480
f 247/247/481 248/248/481 76/76/481
f 76/76/482 248/248/482 77/77/482
f 248/248/483 249/249/483 77/77/483
f 77/77/484 249/249/484 78/78/484
f 249/249/485 250/250/485 78/78/485
f 78/78/486 250/250/486 79/79/486
f 250/250/487 251/251/487 79/79/487
f 79/79/488 251/251/488 80/80/488
f 251/251/489 252/252/489 80/80/489
f 80/80/490 252/252/490 81/81/490
f 252/252/491 253/253/491 81/81/491
f 81/81/492 253/253/492 82/82/492
f 253/253/493 254/254/493 82/82/493
f 82/82/494 254/254/494 83/83/494
f 254/254/495 255/255/495 83/83/495
f 83/83/496 255/255/496 84/84/496
f 255/255/497 256/256/497 84/84/497
f 84/84/498 256/256/498 85/85/498
f 256/256/499 257/257/499 85/85/499
f 85/85/500 257/257/500 86/86/500
f 257/257/501 258/258/501 86/86/501
f 86/86/502 258/258/502 87/87/502
f 258/258/503 259/259/503 87/87/503
f 87/87/504 259/259/504 88/88/504
f 259/259/505 260/260/505 88/88/505
f 88/88/506 260/260/506 89/89/506
f 260/260/507 261/261/507 89/89/507
f 89/89/508 261/261/508 90/90/508
f 261/261/509 262/262/509 90/90/509
f 90/90/510 262/262/510 91/91/510
f 262/262/511 263/263/511 91/91/511
f 91/91/512 263/263/512 92/92/512
f 263/263/513 264/264/513 92/92/513
f 92/92/514 264/264/514 93/93/514
f 264/264/515 265/265/515 93/93/515
f 93/93/516 265/265/516 94/94/516
f 265/265/517 266/266/517 94/94/517
f 94/94/518 266/266/518 95/95/518
f 266/266/519 267/267/519 95/95/519
f 95/95/520 267/267/520 96/96/520
f 267/267/521 268/268/521 96/96/521
f 96/96/522 268/268/522 97/97/522
f 268/268/523 269/269/523 97/97/523
f 97/97/524 269/269/524 98/98/524
f 269/269/525 270/270/525 98/98/525
f 98/98/526 270/270/526 99/99/526
f 270/270/527 271/271/527 99/99/527
f 99/99/528 271/271/528 100/100/528
f 271/271/529 272/272/529 100/100/529
f 100/100/530 272/272/530 101/101/530
f 272/272/531 273/273/531 101/101/531
f 101/101/532 273/273/532 102/102/532
f 273/273/533 274/274/533 102/102/533
f 102/102/534 274/274/534 103/103/534
f 274/274/535 275/275/535 103/103/535
f 103/103/536 275/275/536 104/104/536
f 275/275/537 276/276/537 104/104/537
f 104/104/538 276/276/538 105/105/538
f 276/276/539 277/277/539 105/105/539
f 105/105/540 277/277/540 106/106/540
f 277/277/541 278/278/541 106/106/541
f 106/106/542 278/278/542 107/107/542
f 278/278/543 279/279/543 107/107/543
f 107/107/544 279/279/544 108/108/544
f 279/279/545 280/280/545 108/108/545
f 108/108/546 280/280/546 109/109/546
f 280/280/547 281/281/547 109/109/547
f 109/109/548 281/281/548 110/110/548
f 281/281/549 282/282/549 110/110/549
f 110/110/550 282/282/550 111/111/550
f 282/282/551 283/283/551 111/111/551
f 111/111/552 283/283/552 112/112/552
f 283/283/553 284/284/553 112/112/553
f 112/112/554 284/284/554 113/113/554
f 284/284/555 285/285/555 113/113/555
f 113/113/556 285/285/556 114/114/556
f 285/285/557 286/286/557 114/114/557
f 114/114/558 286/286/558 115/115/558
f 286/286/559 287/287/559 115/115/559
f 115/115/560 287/287/560 116/116/560
f 287/287/561 288/288/561 116/116/561
f 116/116/562 288/288/562 117/117/562
f 288/288/563 289/289/563 117/117/563
f 117/117/564 289/289/564 118/118/564
f 289/289/565 290/290/565 118/118/565
f 118/118/566 290/290/566 119/119/566
f 290/290/567 291/291/567 119/119/567
f 119/119/568 291/291/568 120/120/568
f 291/291/569 292/292/569 120/120/569
f 120/120/570 292/292/570 121/121/570
f 292/292/571 293/293/571 121/121/571
f 121/121/572 293/293/572 122/122/572
f 293/293/573 294/294/573 122/122/573
f 122/122/574 294/294/574 123/123/574
f 294/294/575 295/295/575 123/123/575
f 123/123/576 295/295/576 124/124/576
f 295/295/577 296/296/577 124/124/577
f 124/124/578 296/296/578 125/125/578
f 296/296/579 297/297/579 125/125/579
f 125/125/580 297/297/580 126/126/580
f 297/297/581 298/298/581 126/126/581
f 126/126/582 298/298/582 127/127/582
f 298/298/583 299/299/583 127/127/583
f 127/127/584 299/299/584 128/128/584
f 299/299/585 300/300/585 128/128/585
f 128/128/586 300/300/586 129/129/586
f 300/300/587 301/301/587 129/129/587
f 129/129/588 301/301/588 130/130/588
f 301/301/589 302/302/589 130/130/589
f 130/130/590 302/302/590 131/131/590
f 302/302/591 303/303/591 131/131/591
f 131/131/592 303/303/592 132/132/592
f 303/303/593 304/304/593 132/132/593
f 132/132/594 304/304/594 133/133/594
f 304/304/595 305/305/595 133/133/595
f 133/133/596 305/305/596 134/134/596
f 305/305/597 306/306/597 134/134/597
f 134/134/598 306/306/598 135/135/598
f 306/306/599 307/307/599 135/135/599
f 135/135/600 307/307/600 136/136/600
f 307/307/601 308/308/601 136/136/601
f 136/136/602 308/308/602 137/137/602
f 308/308/603 309/309/603 137/137/603
f 137/137/604 309/309/604 138/138/604
f 309/309/605 310/310/605 138/138/605
f 138/138/606 310/310/606 139/139/606
f 310/310/607 311/311/607 139/139/607
f 139/139/608 311/311/608 140/140/608
f 311/311/609 312/312/609 140/140/609
f 140/140/610 312/312/610 141/141/610
f 312/312/611 313/313/611 141/141/611
f 141/141/612 313/313/612 142/142/612
f 313/313/613 314/314/613 142/142/613
f 142/142/614 314/314/614 143/143/614
f 314/314/615 315/315/615 143/143/615
f 143/143/616 315/315/616 144/144/616
f 315/315/617 316/316/617 144/144/617
f 144/144/618 316/316/618 145/145/618
f 316/316/619 317/317/619 145/145/619
f 145/145/620 317/317/620 146/146/620
f 317/317/621 318/318/621 146/146/621
f 146/146/622 318/318/622 147/147/622
f 318/318/623 319/319/623 147/147/623
f 147/147/624 319/319/624 148/148/624
f 319/319/625 320/320/625 148/148/625
f 148/148/626 320/320/626 149/149/626
f 320/320/627 321/321/627 149/149/627
f 149/149/628 321/321/628 150/150/628
f 321/321/629 322/322/629 150/150/629
f 150/150/630 322/322/630 151/151/630
f 322/322/631 323/323/631 151/151/631
f 151/151/632 323/323/632 152/152/632
f 323/323/633 324/324/633 152/152/633
f 152/152/634 324/324/634 153/153/634
f 324/324/635 325/325/635 153/153/635
f 153/153/636 325/325/636 154/154/636
f 325/325/637 326/326/637 154/154/637
f 154/154/638 326/326/638 155/155/638
f 326/326/639 327/327/639 155/155/639
f 155/155/640 327/327/640 156/156/640
f 327/327/641 328/328/641 156/156/641
f 156/156/642 328/328/642 157/157/642
f 328/328/643 329/329/643 157/157/643
f 157/157/644 329/329/644 158/158/644
f 329/329/645 330/330/645 158/158/645
f 158/158/646 330/330/646 159/159/646
f 330/330/647 331/331/647 159/159/647
f 159/159/648 331/331/648 160/160/648
f 331/331/649 332/332/649 160/160/649
f 160/160/650 332/332/650 161/161/650
f 332/332/651 333/333/651 161/161/651
f 161/161/652 333/333/652 162/162/652
f 333/333/653 334/334/653 162/162/653
f 162/162/654 334/334/654 163/163/654
f 334/334/655 335/335/655 163/163/655
f 163/163/656 335/335/656 164/164/656
f 335/335/657 336/336/657 164/164/657
f 164/164/658 336/336/658 165/165/658
f 336/336/659 337/337/659 165/165/659
f 165/165/660 337/337/660 166/166/660
f 337/337/661 338/338/661 166/166/661
f 166/166/662 338/338/662 167/167/662
f 338/338/663 339/339/663 167/167/663
f 167/167/664 339/339/664 168/168/664
f 339/339/665 340/340/665 168/168/665
f 168/168/666 340/340/666 169/169/666
f 340/340/667 341/341/667 169/169/667
f 169/169/668 341/341/668 170/170/668
f 341/341/669 342/342/669 170/170/669
f 170/170/670 342/342/670 171/171/670
f 342/342/671 343/343/671 171/171/671
f 171/171/672 343/343/672 172/172/672
f 343/343/673 344/344/673 172/172/673
f 172/172/674 344/344/674 173/173/674
f 344/344/675 345/345/675 173/173/675
f 173/173/676 345/345/676 174/174/676
f 345/345/677 346/346/677 174/174/677
f 174/174/678 346/346/678 175/175/678
f 346/346/679 347/347/679 175/175/679
f 175/175/680 347/347/680 176/176/680
f 347/347/681 348/348/681 176/176/681
f 176/176/682 348/348/682 177/177/682
f 348/348/683 349/349/683 177/177/683
f 177/177/684 349/349/684 178/178/684
f 349/349/685 350/350/685 178/178/685
f 178/178/686 350/350/686 179/179/686
f 350/350/687 351/351/687 179/179/687
f 179/179/688 351/351/688 180/180/688
f 351/351/689 352/352/689 180/180/689
f 180/180/690 352/352/690 181/181/690
f 352/352/691 353/353/691 181/181/691
f 181/181/692 353/353/692 182/182/692
f 353/353/693 354/354/693 182/182/693
f 182/182/694 354/354/694 183/183/694
f 354/354/695 355/355/695 183/183/695
f 183/183/696 355/355/696 184/184/696
f 355/355/697 356/356/697 184/184/697
f 184/184/698 356/356/698 185/185/698
f 356/356/699 357/357/699 185/185/699
f 185/185/700 357/357/700 186/186/700
f 357/357/701 358/358/701 186/186/701
f 186/186/702 358/358/702 187/187/702
f 358/358/703 359/359/703 187/187/703
f 187/187/704 359/359/704 188/188/704
f 359/359/705 360/360/705 188/188/705
f 188/188/706 360/360/706 189/189/706
f 360/360/707 361/361/707 189/189/707
f 189/189/708 361/361/708 190/190/708
f 361/361/709 362/362/709 190/190/709
f 190/190/710 362/362/710 191/191/710
f 362/362/711 363/363/711 191/191/711
f 191/191/712 363/363/712 192/192/712
f 363/363/713 364/364/713 192/192/713
f 192/192/714 364/364/714 193/193/714
f 364/364/715 365/365/715 193/193/715
f 193/193/716 365/365/716 194/194/716
f 365/365/717 366/366/717 194/194/717
f 194/194/718 366/366/718 195/195/718
f 366/366/719 367/367/719 195/195/719
f 195/195/720 367/367/720 196/196/720
f 367/367/721 368/368/721 196/196/721
f 196/196/722 368/368/722 197/197/722
f 368/368/723 369/369/723 197/197/723
f 197/197/724 369/369/724 198/198/724
f 369/369/725 370/370/725 198/198/725
f 198/198/726 370/370/726 199/199/726
f 370/370/727 371/371/727 199/199/727
f 199/199/728 371/371/728 200/200/728
f 371/371/729 372/372/729 200/200/729
f 200/200/730 372/372/730 201/201/730
f 372/372/731 373/373/731 201/201/731
f 201/201/732 373/373/732 202/202/732
f 373/373/733 374/374/733 202/202/733
f 202/202/734 374/374/734 203/203/734
f 374/374/735 375/375/735 203/203/735
f 203/203/736 375/375/736 204/204/736
f 375/375/737 376/376/737 204/204/737
f 204/204/738 376/376/738 205/205/738
f 376/376/739 377/377/739 205/205/739
f 205/205/740 377/377/740 206/206/740
f 377/377/741 378/378/741 206/206/741
f 206/206/742 378/378/742 207/207/742
f 378/378/743 379/379/743 207/207/743
f 207/207/744 379/379/744 208/208/744
f 380/380/745 210/210/745 209/209/745
f 209/209/746 210/210/746 39/39/746
f 379/379/747 380/380/747 208/208/747
f 208/208/748 380/380/748 209/209/748
f 388/388/749 389/389/749 381/381/749
f 387/387/750 388/388/750 381/381/750
f 386/386/751 387/387/751 381/381/751
f 385/385/752 386/386/752 381/381/752
f 384/384/753 385/385/753 381/381/753
f 383/383/754 384/384/754 381/381/754
f 382/382/755 383/383/755 381/381/755
f 390/390/756 398/398/756 397/397/756
f 390/390/757 397/397/757 396/396/757
f 390/390/758 396/396/758 395/395/758
f 390/390/759 395/395/759 394/394/759
f 390/390/760 394/394/760 393/393/760
f 390/390/761 393/393/761 392/392/761
f 390/390/762 392/392/762 391/391/762
f 390/390/763 391/391/763 381/381/763
f 381/381/764 391/391/764 382/382/764
f 391/391/765 392/392/765 382/382/765
f 382/382/766 392/392/766 383/383/766
f 392/392/767 393/393/767 383/383/767
f 383/383/768 393/393/768 384/384/768
f 393/393/769 394/394/769 384/384/769
f 384/384/770 394/394/770 385/385/770
f 394/394/771 395/395/771 385/385/771
f 385/385/772 395/395/772 386/386/772
f 395/395/773 396/396/773 386/386/773
f 386/386/774 396/396/774 387/387/774
f 396/396/775 397/397/775 387/387/775
f 387/387/776 397/397/776 388/388/776
f 398/398/777 390/390/777 389/389/777
f 389/389/778 390/390/778 381/381/778
f 397/397/779 398/398/779 388/388/779
f 388/388/780 398/398/780 389/389/780
f 404/404/781 405/405/781 399/399/781
f 403/403/782 404/404/782 399/399/782
f 402/402/783 403/403/783 399/399/783
f 401/401/784 402/402/784 399/399/784
f 400/400/785 401/401/785 399/399/785
f 406/406/786 412/412/786 411/411/786
f 406/406/787 411/411/787 410/410/787
f 406/406/788 410/410/788 409/409/788
f 406/406/789 409/409/789 408/408/789
f 406/406/790 408/408/790 407/407/790
f 406/406/791 407/407/791 399/399/791
f 399/399/792 407/407/792 400/400/792
f 407/407/793 408/408/793 400/400/793
f 400/400/794 408/408/794 401/401/794
f 408/408/795 409/409/795 401/401/795
f 401/401/796 409/409/796 402/402/796
f 409/409/797 410/410/797 402/402/797
f 402/402/798 410/410/798 403/403/798
f 410/410/799 411/411/799 403/403/799
f 403/403/800 411/411/800 404/404/800
f 412/412/801 406/406/801 405/405/801
f 405/405/802 406/406/802 399/399/802
f 411/411/803 412/412/803 404/404/803
f 404/404/804 412/412/804 405/405/804
f 422/422/805 423/423/805 413/413/805
f 421/421/806 422/422/806 413/413/806
f 420/420/807 421/421/807 413/413/807
f 419/419/808 420/420/808 413/413/808
f 418/418/809 419/419/809 413/413/809
f 417/417/810 418/418/810 413/413/810
f 416/416/811 417/417/811 413/413/811
f 415/415/812 416/416/812 413/413/812
f 414/414/813 415/415/813 413/413/813
f 424/424/814 434/434/814 433/433/814
f 424/424/815 433/433/815 432/432/815
f 424/424/816 432/432/816 431/431/816
f 424/424/817 431/431/817 430/430/817
f 424/424/818 430/430/818 429/429/818
f 424/424/819 429/429/819 428/428/819
f 424/424/820 428/428/820 427/427/820
f 424/424/821 427/427/821 426/426/821
f 424/424/822 426/426/822 425/425/822
f 424/424/823 425/425/823 413/413/823
f 413/413/824 425/425/824 414/414/824
f 425/425/825 426/426/825 414/414/825
f 414/414/826 426/426/826 415/415/826
f 426/426/827 427/427/827 415/415/827
f 415/415/828 427/427/828 416/416/828
f 427/427/829 428/428/829 416/416/829
f 416/416/830 428/428/830 417/417/830
f 428/428/831 429/429/831 417/417/831
f 417/417/832 429/429/832 418/418/832
f 429/429/833 430/430/833 418/418/833
f 418/418/834 430/430/834 419/419/834
f 430/430/835 431/431/835 419/419/835
f 419/419/836 431/431/836 420/420/836
f 431/431/837 432/432/837 420/420/837
f 420/420/838 432/432/838 421/421/838
f 432/432/839 433/433/839 421/421/839
f 421/421/840 433/433/840 422/422/840
f 434/434/841 424/424/841 423/423/841
f 423/423/842 424/424/842 413/413/842
f 433/433/843 434/434/843 422/422/843
f 422/422/844 434/434/844 423/423/844
f 440/440/845 441/441/845 435/435/845
f 439/439/846 440/440/846 435/435/846
f 438/438/847 439/439/847 435/435/847
f 437/437/848 438/438/848 435/435/848
f 436/436/849 437/437/849 435/435/849
f 442/442/850 448/448/850 447/447/850
f 442/442/851 447/447/851 446/446/851
f 442/442/852 446/446/852 445/445/852
f 442/442/853 445/445/853 444/444/853
f 442/442/854 444/444/854 443/443/854
f 442/442/855 443/443/855 435/435/855
f 435/435/856 443/443/856 436/436/856
f 443/443/857 444/444/857 436/436/857
f 436/436/858 444/444/858 437/437/858
f 444/444/859 445/445/859 437/437/859
f 437/437/860 445/445/860 438/438/860
f 445/445/861 446/446/861 438/438/861
f 438/438/862 446/446/862 439/439/862
f 446/446/863 447/447/863 439/439/863
f 439/439/864 447/447/864 440/440/864
f 448/448/865 442/442/865 441/441/865
f 441/441/866 442/442/866 435/435/866
f 447/447/867 448/448/867 440/440/867
f 440/440/868 448/448/868 441/441/868
f 455/455/869 456/456/869 449/449/869
f 454/454/870 455/455/870 449/449/870
f 453/453/871 454/454/871 449/449/871
f 452/452/872 453/453/872 449/449/872
f 451/451/873 452/452/873 449/449/873
f 450/450/874 451/451/874 449/449/874
f 457/457/875 464/464/875 463/463/875
f 457/457/876 463/463/876 462/462/876
f 457/457/877 462/462/877 461/461/877
f 457/457/878 461/461/878 460/460/878
f 457/457/879 460/460/879 459/459/879
f 457/457/880 459/459/880 458/458/880
f 457/457/881 458/458/881 449/449/881
f 449/449/882 458/458/882 450/450/882
f 458/458/883 459/459/883 450/450/883
f 450/450/884 459/459/884 451/451/884
f 459/459/885 460/460/885 451/451/885
f 451/451/886 460/460/886 452/452/886
f 460/460/887 461/461/887 452/452/887
f 452/452/888 461/461/888 453/453/888
f 461/461/889 462/462/889 453/453/889
f 453/453/890 462/462/890 454/454/890
f 462/462/891 463/463/891 454/454/891
f 454/454/892 463/463/892 455/455/892
f 464/464/893 457/457/893 456/456/893
f 456/456/894 457/457/894 449/449/894
f 463/463/895 464/464/895 455/455/895
f 455/455/896 464/464/896 456/456/896
f 580/580/897 581/581/897 465/465/897
f 579/579/898 580/580/898 465/465/898
f 578/578/899 579/579/899 465/465/899
f 577/577/900 578/578/900 465/465/900
f 576/576/901 577/577/901 465/465/901
f 574/574/902 575/575/902 576/576/902
f 572/572/903 573/573/903 574/574/903
f 571/571/904 572/572/904 574/574/904
f 570/570/905 571/571/905 574/574/905
f 569/569/906 570/570/906 574/574/906
f 568/568/907 569/569/907 574/574/907
f 567/567/908 568/568/908 574/574/908
f 565/565/909 566/566/909 567/567/909
f 564/564/910 565/565/910 567/567/910
f 562/562/911 563/563/911 564/564/911
f 561/561/912 562/562/912 564/564/912
f 558/558/913 559/559/913 560/560/913
f 556/556/914 557/557/914 558/558/914
f 552/552/915 553/553/915 554/554/915
f 551/551/916 552/552/916 554/554/916
f 550/550/917 551/551/917 554/554/917
f 549/549/918 550/550/918 554/554/918
f 548/548/919 549/549/919 554/554/919
f 545/545/920 546/546/920 547/547/920
f 544/544/921 545/545/921 547/547/921
f 543/543/922 544/544/922 547/547/922
f 542/542/923 543/543/923 547/547/923
f 541/541/924 542/542/924 547/547/924
f 539/539/925 540/540/925 541/541/925
f 538/538/926 539/539/926 541/541/926
f 537/537/927 538/538/927 541/541/927
f 536/536/928 537/537/928 541/541/928
f 535/535/929 536/536/929 541/541/929
f 534/534/930 535/535/930 541/541/930
f 533/533/931 534/534/931 541/541/931
f 532/532/932 533/533/932 541/541/932
f 531/531/933 532/532/933 541/541/933
f 530/530/934 531/531/934 541/541/934
f 529/529/935 530/530/935 541/541/935
f 528/528/936 529/529/936 541/541/936
f 527/527/937 528/528/937 541/541/937
f 526/526/938 527/527/938 541/541/938
f 524/524/939 525/525/939 526/526/939
f 522/522/940 523/523/940 524/524/940
f 521/521/941 522/522/941 524/524/941
f 519/519/942 520/520/942 521/521/942
f 517/517/943 518/518/943 519/519/943
f 516/516/944 517/517/944 519/519/944
f 515/515/945 516/516/945 519/519/945
f 514/514/946 515/515/946 519/519/946
f 513/513/947 514/514/947 519/519/947
f 512/512/948 513/513/948 519/519/948
f 511/511/949 512/512/949 519/519/949
f 510/510/950 511/511/950 519/519/950
f 508/508/951 509/509/951 510/510/951
f 507/507/952 508/508/952 510/510/952
f 506/506/953 507/507/953 510/510/953
f 504/504/954 505/505/954 506/506/954
f 503/503/955 504/504/955 506/506/955
f 502/502/956 503/503/956 506/506/956
f 501/501/957 502/502/957 506/506/957
f 500/500/958 501/501/958 506/506/958
f 497/497/959 498/498/959 499/499/959
f 496/496/960 497/497/960 499/499/960
f 495/495/961 496/496/961 499/499/961
f 494/494/962 495/495/962 499/499/962
f 493/493/963 494/494/963 499/499/963
f 492/492/964 493/493/964 499/499/964
f 491/491/965 492/492/965 499/499/965
f 489/489/966 490/490/966 491/491/966
f 488/488/967 489/489/967 491/491/967
f 487/487/968 488/488/968 491/491/968
f 486/486/969 487/487/969 491/491/969
f 485/485/970 486/486/970 491/491/970
f 484/484/971 485/485/971 491/491/971
f 483/483/972 484/484/972 491/491/972
f 481/481/973 482/482/973 483/483/973
f 480/480/974 481/481/974 483/483/974
f 479/479/975 480/480/975 483/483/975
f 478/478/976 479/479/976 483/483/976
f 477/477/977 478/478/977 483/483/977
f 476/476/978 477/477/978 483/483/978
f 475/475/979 476/476/979 483/483/979
f 473/473/980 474/474/980 475/475/980
f 472/472/981 473/473/981 475/475/981
f 471/471/982 472/472/982 475/475/982
f 470/470/983 471/471/983 475/475/983
f 469/469/984 470/470/984 475/475/984
f 468/468/985 469/469/985 475/475/985
f 466/466/986 467/467/986 468/468/986
f 465/465/987 466/466/987 468/468/987
f 576/576/988 465/465/988 468/468/988
f 574/574/989 576/576/989 468/468/989
f 567/567/990 574/574/990 468/468/990
f 548/548/991 554/554/991 555/555/991
f 541/541/992 547/547/992 548/548/992
f 526/526/993 541/541/993 548/548/993
f 524/524/994 526/526/994 548/548/994
f 519/519/995 521/521/995 524/524/995
f 510/510/996 519/519/996 524/524/996
f 506/506/997 510/510/997 524/524/997
f 500/500/998 506/506/998 524/524/998
f 499/499/999 500/500/999 524/524/999
f 491/491/1000 499/499/1000 524/524/1000
f 475/475/1001 483/483/1001 491/491/1001
f 468/468/1002 475/475/1002 491/491/1002
f 567/567/1003 468/468/1003 491/491/1003
f 564/564/1004 567/567/1004 491/491/1004
f 561/561/1005 564/564/1005 491/491/1005
f 524/524/1006 548/548/1006 555/555/1006
f 561/561/1007 491/491/1007 524/524/1007
f 560/560/1008 561/561/1008 524/524/1008
f 558/558/1009 560/560/1009 524/524/1009
f 556/556/1010 558/558/1010 524/524/1010
f 555/555/1011 556/556/1011 524/524/1011
f 582/582/1012 698/698/1012 697/697/1012
f 582/582/1013 697/697/1013 696/696/1013
f 582/582/1014 696/696/1014 695/695/1014
f 582/582/1015 695/695/1015 694/694/1015
f 582/582/1016 694/694/1016 693/693/1016
f 693/693/1017 692/692/1017 691/691/1017
f 691/691/1018 690/690/1018 689/689/1018
f 691/691/1019 689/689/1019 688/688/1019
f 691/691/1020 688/688/1020 687/687/1020
f 691/691/1021 687/687/1021 686/686/1021
f 691/691/1022 686/686/1022 685/685/1022
f 691/691/1023 685/685/1023 684/684/1023
f 684/684/1024 683/683/1024 682/682/1024
f 684/684/1025 682/682/1025 681/681/1025
f 681/681/1026 680/680/1026 679/679/1026
f 681/681/1027 679/679/1027 678/678/1027
f 677/677/1028 676/676/1028 675/675/1028
f 675/675/1029 674/674/1029 673/673/1029
f 671/671/1030 670/670/1030 669/669/1030
f 671/671/1031 669/669/1031 668/668/1031
f 671/671/1032 668/668/1032 667/667/1032
f 671/671/1033 667/667/1033 666/666/1033
f 671/671/1034 666/666/1034 665/665/1034
f 664/664/1035 663/663/1035 662/662/1035
f 664/664/1036 662/662/1036 661/661/1036
f 664/664/1037 661/661/1037 660/660/1037
f 664/664/1038 660/660/1038 659/659/1038
f 664/664/1039 659/659/1039 658/658/1039
f 658/658/1040 657/657/1040 656/656/1040
f 658/658/1041 656/656/1041 655/655/1041
f 658/658/1042 655/655/1042 654/654/1042
f 658/658/1043 654/654/1043 653/653/1043
f 658/658/1044 653/653/1044 652/652/1044
f 658/658/1045 652/652/1045 651/651/1045
f 658/658/1046 651/651/1046 650/650/1046
f 658/658/1047 650/650/1047 649/649/1047
f 658/658/1048 649/649/1048 648/648/1048
f 658/658/1049 648/648/1049 647/647/1049
f 658/658/1050 647/647/1050 646/646/1050
f 658/658/1051 646/646/1051 645/645/1051
f 658/658/1052 645/645/1052 644/644/1052
f 658/658/1053 644/644/1053 643/643/1053
f 643/643/1054 642/642/1054 641/641/1054
f 641/641/1055 640/640/1055 639/639/1055
f 641/641/1056 639/639/1056 638/638/1056
f 638/638/1057 637/637/1057 636/636/1057
f 636/636/1058 635/635/1058 634/634/1058
f 636/636/1059 634/634/1059 633/633/1059
f 636/636/1060 633/633/1060 632/632/1060
f 636/636/1061 632/632/1061 631/631/1061
f 636/636/1062 631/631/1062 630/630/1062
f 636/636/1063 630/630/1063 629/629/1063
f 636/636/1064 629/629/1064 628/628/1064
f 636/636/1065 628/628/1065 627/627/1065
f 627/627/1066 626/626/1066 625/625/1066
f 627/627/1067 625/625/1067 624/624/1067
f 627/627/1068 624/624/1068 623/623/1068
f 623/623/1069 622/622/1069 621/621/1069
f 623/623/1070 621/621/1070 620/620/1070
f 623/623/1071 620/620/1071 619/619/1071
f 623/623/1072 619/619/1072 618/618/1072
f 623/623/1073 618/618/1073 617/617/1073
f 616/616/1074 615/615/1074 614/614/1074
f 616/616/1075 614/614/1075 613/613/1075
f 616/616/1076 613/613/1076 612/612/1076
f 616/616/1077 612/612/1077 611/611/1077
f 616/616/1078 611/611/1078 610/610/1078
f 616/616/1079 610/610/1079 609/609/1079
f 616/616/1080 609/609/1080 608/608/1080
f 608/608/1081 607/607/1081 606/606/1081
f 608/608/1082 606/606/1082 605/605/1082
f 608/608/1083 605/605/1083 604/604/1083
f 608/608/1084 604/604/1084 603/603/1084
f 608/608/1085 603/603/1085 602/602/1085
f 608/608/1086 602/602/1086 601/601/1086
f 608/608/1087 601/601/1087 600/600/1087
f 600/600/1088 599/599/1088 598/598/1088
f 600/600/1089 598/598/1089 597/597/1089
f 600/600/1090 597/597/1090 596/596/1090
f 600/600/1091 596/596/1091 595/595/1091
f 600/600/1092 595/595/1092 594/594/1092
f 600/600/1093 594/594/1093 593/593/1093
f 600/600/1094 593/593/1094 592/592/1094
f 592/592/1095 591/591/1095 590/590/1095
f 592/592/1096 590/590/1096 589/589/1096
f 592/592/1097 589/589/1097 588/588/1097
f 592/592/1098 588/588/1098 587/587/1098
f 592/592/1099 587/587/1099 586/586/1099
f 592/592/1100 586/586/1100 585/585/1100
f 585/585/1101 584/584/1101 583/583/1101
f 585/585/1102 583/583/1102 582/582/1102
f 585/585/1103 582/582/1103 693/693/1103
f 585/585/1104 693/693/1104 691/691/1104
f 585/585/1105 691/691/1105 684/684/1105
f 672/672/1106 671/671/1106 665/665/1106
f 665/665/1107 664/664/1107 658/658/1107
f 665/665/1108 658/658/1108 643/643/1108
f 665/665/1109 643/643/1109 641/641/1109
f 641/641/1110 638/638/1110 636/636/1110
f 641/641/1111 636/636/1111 627/627/1111
f 641/641/1112 627/627/1112 623/623/1112
f 641/641/1113 623/623/1113 617/617/1113
f 641/641/1114 617/617/1114 616/616/1114
f 641/641/1115 616/616/1115 608/608/1115
f 608/608/1116 600/600/1116 592/592/1116
f 608/608/1117 592/592/1117 585/585/1117
f 608/608/1118 585/585/1118 684/684/1118
f 608/608/1119 684/684/1119 681/681/1119
f 608/608/1120 681/681/1120 678/678/1120
f 672/672/1121 665/665/1121 641/641/1121
f 641/641/1122 608/608/1122 678/678/1122
f 641/641/1123 678/678/1123 677/677/1123
f 641/641/1124 677/677/1124 675/675/1124
f 641/641/1125 675/675/1125 673/673/1125
f 641/641/1126 673/673/1126 672/672/1126
f 582/582/1127 583/583/1127 465/465/1127
f 465/465/1128 583/583/1128 466/466/1128
f 583/583/1129 584/584/1129 466/466/1129
f 466/466/1130 584/584/1130 467/467/1130
f 584/584/1131 585/585/1131 467/467/1131
f 467/467/1132 585/585/1132 468/468/1132
f 585/585/1133 586/586/1133 468/468/1133
f 468/468/1134 586/586/1134 469/469/1134
f 586/586/1135 587/587/1135 469/469/1135
f 469/469/1136 587/587/1136 470/470/1136
f 587/587/1137 588/588/1137 470/470/1137
f 470/470/1138 588/588/1138 471/471/1138
f 588/588/1139 589/589/1139 471/471/1139
f 471/471/1140 589/589/1140 472/472/1140
f 589/589/1141 590/590/1141 472/472/1141
f 472/472/1142 590/590/1142 473/473/1142
f 590/590/1143 591/591/1143 473/473/1143
f 473/473/1144 591/591/1144 474/474/1144
f 591/591/1145 592/592/1145 474/474/1145
f 474/474/1146 592/592/1146 475/475/1146
f 592/592/1147 593/593/1147 475/475/1147
f 475/475/1148 593/593/1148 476/476/1148
f 593/593/1149 594/594/1149 476/476/1149
f 476/476/1150 594/594/1150 477/477/1150
f 594/594/1151 595/595/1151 477/477/1151
f 477/477/1152 595/595/1152 478/478/1152
f 595/595/1153 596/596/1153 478/478/1153
f 478/478/1154 596/596/1154 479/479/1154
f 596/596/1155 597/597/1155 479/479/1155
f 479/479/1156 597/597/1156 480/480/1156
f 597/597/1157 598/598/1157 480/480/1157
f 480/480/1158 598/598/1158 481/481/1158
f 598/598/1159 599/599/1159 481/481/1159
f 481/481/1160 599/599/1160 482/482/1160
f 599/599/1161 600/600/1161 482/482/1161
f 482/482/1162 600/600/1162 483/483/1162
f 600/600/1163 601/601/1163 483/483/1163
f 483/483/1164 601/601/1164 484/484/1164
f 601/601/1165 602/602/1165 484/484/1165
f 484/484/1166 602/602/1166 485/485/1166
f 602/602/1167 603/603/1167 485/485/1167
f 485/485/1168 603/603/1168 486/486/1168
f 603/603/1169 604/604/1169 486/486/1169
f 486/486/1170 604/604/1170 487/487/1170
f 604/604/1171 605/605/1171 487/487/1171
f 487/487/1172 605/605/1172 488/488/1172
f 605/605/1173 606/606/1173 488/488/1173
f 488/488/1174 606/606/1174 489/489/1174
f 606/606/1175 607/607/1175 489/489/1175
f 489/489/1176 607/607/1176 490/490/1176
f 607/607/1177 608/608/1177 490/490/1177
f 490/490/1178 608/608/1178 491/491/1178
f 608/608/1179 609/609/1179 491/491/1179
f 491/491/1180 609/609/1180 492/492/1180
f 609/609/1181 610/610/1181 492/492/1181
f 492/492/1182 610/610/1182 493/493/1182
f 610/610/1183 611/611/1183 493/493/1183
f 493/493/1184 611/611/1184 494/494/1184
f 611/611/1185 612/612/1185 494/494/1185
f 494/494/1186 612/612/1186 495/495/1186
f 612/612/1187 613/613/1187 495/495/1187
f 495/495/1188 613/613/1188 496/496/1188
f 613/613/1189 614/614/1189 496/496/1189
f 496/496/1190 614/614/1190 497/497/1190
f 614/614/1191 615/615/1191 497/497/1191
f 497/497/1192 615/615/1192 498/498/1192
f 615/615/1193 616/616/1193 498/498/1193
f 498/498/1194 616/616/1194 499/499/1194
f 616/616/1195 617/617/1195 499/499/1195
f 499/499/1196 617/617/1196 500/500/1196
f 617/617/1197 618/618/1197 500/500/1197
f 500/500/1198 618/618/1198 501/501/1198
f 618/618/1199 619/619/1199 501/501/1199
f 501/501/1200 619/619/1200 502/502/1200
f 619/619/1201 620/620/1201 502/502/1201
f 502/502/1202 620/620/1202 503/503/1202
f 620/620/1203 621/621/1203 503/503/1203
f 503/503/1204 621/621/1204 504/504/1204
f 621/621/1205 622/622/1205 504/504/1205
f 504/504/1206 622/622/1206 505/505/1206
f 622/622/1207 623/623/1207 505/505/1207
f 505/505/1208 623/623/1208 506/506/1208
f 623/623/1209 624/624/1209 506/506/1209
f 506/506/1210 624/624/1210 507/507/1210
f 624/624/1211 625/625/1211 507/507/1211
f 507/507/1212 625/625/1212 508/508/1212
f 625/625/1213 626/626/1213 508/508/1213
f 508/508/1214 626/626/1214 509/509/1214
f 626/626/1215 627/627/1215 509/509/1215
f 509/509/1216 627/627/1216 510/510/1216
f 627/627/1217 628/628/1217 510/510/1217
f 510/510/1218 628/628/1218 511/511/1218
f 628/628/1219 629/629/1219 511/511/1219
f 511/511/1220 629/629/1220 512/512/1220
f 629/629/1221 630/630/1221 512/512/1221
f 512/512/1222 630/630/1222 513/513/1222
f 630/630/1223 631/631/1223 513/513/1223
f 513/513/1224 631/631/1224 514/514/1224
f 631/631/1225 632/632/1225 514/514/1225
f 514/514/1226 632/632/1226 515/515/1226
f 632/632/1227 633/633/1227 515/515/1227
f 515/515/1228 633/633/1228 516/516/1228
f 633/633/1229 634/634/1229 516/516/1229
f 516/516/1230 634/634/1230 517/517/1230
f 634/634/1231 635/635/1231 517/517/1231
f 517/517/1232 635/635/1232 518/518/1232
f 635/635/1233 636/636/1233 518/518/1233
f 518/518/1234 636/636/1234 519/519/1234
f 636/636/1235 637/637/1235 519/519/1235
f 519/519/1236 637/637/1236 520/520/1236
f 637/637/1237 638/638/1237 520/520/1237
f 520/520/1238 638/638/1238 521/521/1238
f 638/638/1239 639/639/1239 521/521/1239
f 521/521/1240 639/639/1240 522/522/1240
f 639/639/1241 640/640/1241 522/522/1241
f 522/522/1242 640/640/1242 523/523/1242
f 640/640/1243 641/641/1243 523/523/1243
f 523/523/1244 641/641/1244 524/524/1244
f 641/641/1245 642/642/1245 524/524/1245
f 524/524/1246 642/642/1246 525/525/1246
f 642/642/1247 643/643/1247 525/525/1247
f 525/525/1248 643/643/1248 526/526/1248
f 643/643/1249 644/644/1249 526/526/1249
f 526/526/1250 644/644/1250 527/527/1250
f 644/644/1251 645/645/1251 527/527/1251
f 527/527/1252 645/645/1252 528/528/1252
f 645/645/1253 646/646/1253 528/528/1253
f 528/528/1254 646/646/1254 529/529/1254
f 646/646/1255 647/647/1255 529/529/1255
f 529/529/1256 647/647/1256 530/530/1256
f 647/647/1257 648/648/1257 530/530/1257
f 530/530/1258 648/648/1258 531/531/1258
f 648/648/1259 649/649/1259 531/531/1259
f 531/531/1260 649/649/1260 532/532/1260
f 649/649/1261 650/650/1261 532/532/1261
f 532/532/1262 650/650/1262 533/533/1262
f 650/650/1263 651/651/1263 533/533/1263
f 533/533/1264 651/651/1264 534/534/1264
f 651/651/1265 652/652/1265 534/534/1265
f 534/534/1266 652/652/1266 535/535/1266
f 652/652/1267 653/653/1267 535/535/1267
f 535/535/1268 653/653/1268 536/536/1268
f 653/653/1269 654/654/1269 536/536/1269
f 536/536/1270 654/654/1270 537/537/1270
f 654/654/1271 655/655/1271 537/537/1271
f 537/537/1272 655/655/1272 538/538/1272
f 655/655/1273 656/656/1273 538/538/1273
f 538/538/1274 656/656/1274 539/539/1274
f 656/656/1275 657/657/1275 539/539/1275
f 539/539/1276 657/657/1276 540/540/1276
f 657/657/1277 658/658/1277 540/540/1277
f 540/540/1278 658/658/1278 541/541/1278
f 658/658/1279 659/659/1279 541/541/1279
f 541/541/1280 659/659/1280 542/542/1280
f 659/659/1281 660/660/1281 542/542/1281
f 542/542/1282 660/660/1282 543/543/1282
f 660/660/1283 661/661/1283 543/543/1283
f 543/543/1284 661/661/1284 544/544/1284
f 661/661/1285 662/662/1285 544/544/1285
f 544/544/1286 662/662/1286 545/545/1286
f 662/662/1287 663/663/1287 545/545/1287
f 545/545/1288 663/663/1288 546/546/1288
f 663/663/1289 664/664/1289 546/546/1289
f 546/546/1290 664/664/1290 547/547/1290
f 664/664/1291 665/665/1291 547/547/1291
f 547/547/1292 665/665/1292 548/548/1292
f 665/665/1293 666/666/1293 548/548/1293
f 548/548/1294 666/666/1294 549/549/1294
f 666/666/1295 667/667/1295 549/549/1295
f 549/549/1296 667/667/1296 550/550/1296
f 667/667/1297 668/668/1297 550/550/1297
f 550/550/1298 668/668/1298 551/551/1298
f 668/668/1299 669/669/1299 551/551/1299
f 551/551/1300 669/669/1300 552/552/1300
f 669/669/1301 670/670/1301 552/552/1301
f 552/552/1302 670/670/1302 553/553/1302
f 670/670/1303 671/671/1303 553/553/1303
f 553/553/1304 671/671/1304 554/554/1304
f 671/671/1305 672/672/1305 554/554/1305
f 554/554/1306 672/672/1306 555/555/1306
f 672/672/1307 673/673/1307 555/555/1307
f 555/555/1308 673/673/1308 556/556/1308
f 673/673/1309 674/674/1309 556/556/1309
f 556/556/1310 674/674/1310 557/557/1310
f 674/674/1311 675/675/1311 557/557/1311
f 557/557/1312 675/675/1312 558/558/1312
f 675/675/1313 676/676/1313 558/558/1313
f 558/558/1314 676/676/1314 559/559/1314
f 676/676/1315 677/677/1315 559/559/1315
f 559/559/1316 677/677/1316 560/560/1316
f 677/677/1317 678/678/1317 560/560/1317
f 560/560/1318 678/678/1318 561/561/1318
f 678/678/1319 679/679/1319 561/561/1319
f 561/561/1320 679/679/1320 562/562/1320
f 679/679/1321 680/680/1321 562/562/1321
f 562/562/1322 680/680/1322 563/563/1322
f 680/680/1323 681/681/1323 563/563/1323
f 563/563/1324 681/681/1324 564/564/1324
f 681/681/1325 682/682/1325 564/564/1325
f 564/564/1326 682/682/1326 565/565/1326
f 682/682/1327 683/683/1327 565/565/1327
f 565/565/1328 683/683/1328 566/566/1328
f 683/683/1329 684/684/1329 566/566/1329
f 566/566/1330 684/684/1330 567/567/1330
f 684/684/1331 685/685/1331 567/567/1331
f 567/567/1332 685/685/1332 568/568/1332
f 685/685/1333 686/686/1333 568/568/1333
f 568/568/1334 686/686/1334 569/569/1334
f 686/686/1335 687/687/1335 569/569/1335
f 569/569/1336 687/687/1336 570/570/1336
f 687/687/1337 688/688/1337 570/570/1337
f 570/570/1338 688/688/1338 571/571/1338
f 688/688/1339 689/689/1339 571/571/1339
f 571/571/1340 689/689/1340 572/572/1340
f 689/689/1341 690/690/1341 572/572/1341
f 572/572/1342 690/690/1342 573/573/1342
f 690/690/1343 691/691/1343 573/573/1343
f 573/573/1344 691/691/1344 574/574/1344
f 691/691/1345 692/692/1345 574/574/1345
f 574/574/1346 692/692/1346 575/575/1346
f 692/692/1347 693/693/1347 575/575/1347
f 575/575/1348 693/693/1348 576/576/1348
f 693/693/1349 694/694/1349 576/576/1349
f 576/576/1350 694/694/1350 577/577/1350
f 694/694/1351 695/695/1351 577/577/1351
f 577/577/1352 695/695/1352 578/578/1352
f 695/695/1353 696/696/1353 578/578/1353
f 578/578/1354 696/696/1354 579/579/1354
f 696/696/1355 697/697/1355 579/579/1355
f 579/579/1356 697/697/1356 580/580/1356
f 698/698/1357 582/582/1357 581/581/1357
f 581/581/1358 582/582/1358 465/465/1358
f 697/697/1359 698/698/1359 580/580/1359
f 580/580/1360 698/698/1360 581/581/1360
f 721/721/1361 722/722/1361 699/699/1361
f 720/720/1362 721/721/1362 699/699/1362
f 718/718/1363 719/719/1363 720/720/1363
f 716/716/1364 717/717/1364 718/718/1364
f 715/715/1365 716/716/1365 718/718/1365
f 714/714/1366 715/715/1366 718/718/1366
f 713/713/1367 714/714/1367 718/718/1367
f 710/710/1368 711/711/1368 712/712/1368
f 709/709/1369 710/710/1369 712/712/1369
f 708/708/1370 709/709/1370 712/712/1370
f 707/707/1371 708/708/1371 712/712/1371
f 706/706/1372 707/707/1372 712/712/1372
f 705/705/1373 706/706/1373 712/712/1373
f 703/703/1374 704/704/1374 705/705/1374
f 701/701/1375 702/702/1375 703/703/1375
f 700/700/1376 701/701/1376 703/703/1376
f 720/720/1377 699/699/1377 700/700/1377
f 718/718/1378 720/720/1378 700/700/1378
f 713/713/1379 718/718/1379 700/700/1379
f 705/705/1380 712/712/1380 713/713/1380
f 703/703/1381 705/705/1381 713/713/1381
f 700/700/1382 703/703/1382 713/713/1382
f 723/723/1383 746/746/1383 745/745/1383
f 723/723/1384 745/745/1384 744/744/1384
f 744/744/1385 743/743/1385 742/742/1385
f 742/742/1386 741/741/1386 740/740/1386
f 742/742/1387 740/740/1387 739/739/1387
f 742/742/1388 739/739/1388 738/738/1388
f 742/742/1389 738/738/1389 737/737/1389
f 736/736/1390 735/735/1390 734/734/1390
f 736/736/1391 734/734/1391 733/733/1391
f 736/736/1392 733/733/1392 732/732/1392
f 736/736/1393 732/732/1393 731/731/1393
f 736/736/1394 731/731/1394 730/730/1394
f 736/736/1395 730/730/1395 729/729/1395
f 729/729/1396 728/728/1396 727/727/1396
f 727/727/1397 726/726/1397 725/725/1397
f 727/727/1398 725/725/1398 724/724/1398
f 724/724/1399 723/723/1399 744/744/1399
f 724/724/1400 744/744/1400 742/742/1400
f 724/724/1401 742/742/1401 737/737/1401
f 737/737/1402 736/736/1402 729/729/1402
f 737/737/1403 729/729/1403 727/727/1403
f 737/737/1404 727/727/1404 724/724/1404
f 723/723/1405 724/724/1405 699/699/1405
f 699/699/1406 724/724/1406 700/700/1406
f 724/724/1407 725/725/1407 700/700/1407
f 700/700/1408 725/725/1408 701/701/1408
f 725/725/1409 726/726/1409 701/701/1409
f 701/701/1410 726/726/1410 702/702/1410
f 726/726/1411 727/727/1411 702/702/1411
f 702/702/1412 727/727/1412 703/703/1412
f 727/727/1413 728/728/1413 703/703/1413
f 703/703/1414 728/728/1414 704/704/1414
f 728/728/1415 729/729/1415 704/704/1415
f 704/704/1416 729/729/1416 705/705/1416
f 729/729/1417 730/730/1417 705/705/1417
f 705/705/1418 730/730/1418 706/706/1418
f 730/730/1419 731/731/1419 706/706/1419
f 706/706/1420 731/731/1420 707/707/1420
f 731/731/1421 732/732/1421 707/707/1421
f 707/707/1422 732/732/1422 708/708/1422
f 732/732/1423 733/733/1423 708/708/1423
f 708/708/1424 733/733/1424 709/709/1424
f 733/733/1425 734/734/1425 709/709/1425
f 709/709/1426 734/734/1426 710/710/1426
f 734/734/1427 735/735/1427 710/710/1427
f 710/710/1428 735/735/1428 711/711/1428
f 735/735/1429 736/736/1429 711/711/1429
f 711/711/1430 736/736/1430 712/712/1430
f 736/736/1431 737/737/1431 712/712/1431
f 712/712/1432 737/737/1432 713/713/1432
f 737/737/1433 738/738/1433 713/713/1433
f 713/713/1434 738/738/1434 714/714/1434
f 738/738/1435 739/739/1435 714/714/1435
f 714/714/1436 739/739/1436 715/715/1436
f 739/739/1437 740/740/1437 715/715/1437
f 715/715/1438 740/740/1438 716/716/1438
f 740/740/1439 741/741/1439 716/716/1439
f 716/716/1440 741/741/1440 717/717/1440
f 741/741/1441 742/742/1441 717/717/1441
f 717/717/1442 742/742/1442 718/718/1442
f 742/742/1443 743/743/1443 718/718/1443
f 718/718/1444 743/743/1444 719/719/1444
f 743/743/1445 744/744/1445 719/719/1445
f 719/719/1446 744/744/1446 720/720/1446
f 744/744/1447 745/745/1447 720/720/1447
f 720/720/1448 745/745/1448 721/721/1448
f 746/746/1449 723/723/1449 722/722/1449
f 722/722/1450 723/723/1450 699/699/1450
f 745/745/1451 746/746/1451 721/721/1451
f 721/721/1452 746/746/1452 722/722/1452
f 757/757/1453 758/758/1453 747/747/1453
f 755/755/1454 756/756/1454 757/757/1454
f 754/754/1455 755/755/1455 757/757/1455
f 751/751/1456 752/752/1456 753/753/1456
f 750/750/1457 751/751/1457 753/753/1457
f 749/749/1458 750/750/1458 753/753/1458
f 748/748/1459 749/749/1459 753/753/1459
f 747/747/1460 748/748/1460 753/753/1460
f 754/754/1461 757/757/1461 747/747/1461
f 753/753/1462 754/754/1462 747/747/1462
f 759/759/1463 770/770/1463 769/769/1463
f 769/769/1464 768/768/1464 767/767/1464
f 769/769/1465 767/767/1465 766/766/1465
f 765/765/1466 764/764/1466 763/763/1466
f 765/765/1467 763/763/1467 762/762/1467
f 765/765/1468 762/762/1468 761/761/1468
f 765/765/1469 761/761/1469 760/760/1469
f 765/765/1470 760/760/1470 759/759/1470
f 759/759/1471 769/769/1471 766/766/1471
f 759/759/1472 766/766/1472 765/765/1472
f 759/759/1473 760/760/1473 747/747/1473
f 747/747/1474 760/760/1474 748/748/1474
f 760/760/1475 761/761/1475 748/748/1475
f 748/748/1476 761/761/1476 749/749/1476
f 761/761/1477 762/762/1477 749/749/1477
f 749/749/1478 762/762/1478 750/750/1478
f 762/762/1479 763/763/1479 750/750/1479
f 750/750/1480 763/763/1480 751/751/1480
f 763/763/1481 764/764/1481 751/751/1481
f 751/751/1482 764/764/1482 752/752/1482
f 764/764/1483 765/765/1483 752/752/1483
f 752/752/1484 765/765/1484 753/753/1484
f 765/765/1485 766/766/1485 753/753/1485
f 753/753/1486 766/766/1486 754/754/1486
f 766/766/1487 767/767/1487 754/754/1487
f 754/754/1488 767/767/1488 755/755/1488
f 767/767/1489 768/768/1489 755/755/1489
f 755/755/1490 768/768/1490 756/756/1490
f 768/768/1491 769/769/1491 756/756/1491
f 756/756/1492 769/769/1492 757/757/1492
f 770/770/1493 759/759/1493 758/758/1493
f 758/758/1494 759/759/1494 747/747/1494
f 769/769/1495 770/770/1495 757/757/1495
f 757/757/1496 770/770/1496 758/758/1496
f 808/808/1497 809/809/1497 771/771/1497
f 805/805/1498 806/806/1498 807/807/1498
f 804/804/1499 805/805/1499 807/807/1499
f 803/803/1500 804/804/1500 807/807/1500
f 802/802/1501 803/803/1501 807/807/1501
f 796/796/1502 797/797/1502 798/798/1502
f 795/795/1503 796/796/1503 798/798/1503
f 794/794/1504 795/795/1504 798/798/1504
f 793/793/1505 794/794/1505 798/798/1505
f 791/791/1506 792/792/1506 793/793/1506
f 790/790/1507 791/791/1507 793/793/1507
f 786/786/1508 787/787/1508 788/788/1508
f 784/784/1509 785/785/1509 786/786/1509
f 783/783/1510 784/784/1510 786/786/1510
f 782/782/1511 783/783/1511 786/786/1511
f 781/781/1512 782/782/1512 786/786/1512
f 779/779/1513 780/780/1513 781/781/1513
f 778/778/1514 779/779/1514 781/781/1514
f 777/777/1515 778/778/1515 781/781/1515
f 776/776/1516 777/777/1516 781/781/1516
f 775/775/1517 776/776/1517 781/781/1517
f 773/773/1518 774/774/1518 775/775/1518
f 772/772/1519 773/773/1519 775/775/1519
f 771/771/1520 772/772/1520 775/775/1520
f 808/808/1521 771/771/1521 775/775/1521
f 802/802/1522 807/807/1522 808/808/1522
f 801/801/1523 802/802/1523 808/808/1523
f 800/800/1524 801/801/1524 808/808/1524
f 799/799/1525 800/800/1525 808/808/1525
f 793/793/1526 798/798/1526 799/799/1526
f 790/790/1527 793/793/1527 799/799/1527
f 781/781/1528 786/786/1528 788/788/1528
f 799/799/1529 808/808/1529 775/775/1529
f 790/790/1530 799/799/1530 775/775/1530
f 789/789/1531 790/790/1531 775/775/1531
f 781/781/1532 788/788/1532 789/789/1532
f 775/775/1533 781/781/1533 789/789/1533
f 810/810/1534 848/848/1534 847/847/1534
f 846/846/1535 845/845/1535 844/844/1535
f 846/846/1536 844/844/1536 843/843/1536
f 846/846/1537 843/843/1537 842/842/1537
f 846/846/1538 842/842/1538 841/841/1538
f 837/837/1539 836/836/1539 835/835/1539
f 837/837/1540 835/835/1540 834/834/1540
f 837/837/1541 834/834/1541 833/833/1541
f 837/837/1542 833/833/1542 832/832/1542
f 832/832/1543 831/831/1543 830/830/1543
f 832/832/1544 830/830/1544 829/829/1544
f 827/827/1545 826/826/1545 825/825/1545
f 825/825/1546 824/824/1546 823/823/1546
f 825/825/1547 823/823/1547 822/822/1547
f 825/825/1548 822/822/1548 821/821/1548
f 825/825/1549 821/821/1549 820/820/1549
f 820/820/1550 819/819/1550 818/818/1550
f 820/820/1551 818/818/1551 817/817/1551
f 820/820/1552 817/817/1552 816/816/1552
f 820/820/1553 816/816/1553 815/815/1553
f 820/820/1554 815/815/1554 814/814/1554
f 814/814/1555 813/813/1555 812/812/1555
f 814/814/1556 812/812/1556 811/811/1556
f 814/814/1557 811/811/1557 810/810/1557
f 814/814/1558 810/810/1558 847/847/1558
f 847/847/1559 846/846/1559 841/841/1559
f 847/847/1560 841/841/1560 840/840/1560
f 847/847/1561 840/840/1561 839/839/1561
f 847/847/1562 839/839/1562 838/838/1562
f 838/838/1563 837/837/1563 832/832/1563
f 838/838/1564 832/832/1564 829/829/1564
f 827/827/1565 825/825/1565 820/820/1565
f 814/814/1566 847/847/1566 838/838/1566
f 814/814/1567 838/838/1567 829/829/1567
f 814/814/1568 829/829/1568 828/828/1568
f 828/828/1569 827/827/1569 820/820/1569
f 828/828/1570 820/820/1570 814/814/1570
f 810/810/1571 811/811/1571 771/771/1571
f 771/771/1572 811/811/1572 772/772/1572
f 811/811/1573 812/812/1573 772/772/1573
f 772/772/1574 812/812/1574 773/773/1574
f 812/812/1575 813/813/1575 773/773/1575
f 773/773/1576 813/813/1576 774/774/1576
f 813/813/1577 814/814/1577 774/774/1577
f 774/774/1578 814/814/1578 775/775/1578
f 814/814/1579 815/815/1579 775/775/1579
f 775/775/1580 815/815/1580 776/776/1580
f 815/815/1581 816/816/1581 776/776/1581
f 776/776/1582 816/816/1582 777/777/1582
f 816/816/1583 817/817/1583 777/777/1583
f 777/777/1584 817/817/1584 778/778/1584
f 817/817/1585 818/818/1585 778/778/1585
f 778/778/1586 818/818/1586 779/779/1586
f 818/818/1587 819/819/1587 779/779/1587
f 779/779/1588 819/819/1588 780/780/1588
f 819/819/1589 820/820/1589 780/780/1589
f 780/780/1590 820/820/1590 781/781/1590
f 820/820/1591 821/821/1591 781/781/1591
f 781/781/1592 821/821/1592 782/782/1592
f 821/821/1593 822/822/1593 782/782/1593
f 782/782/1594 822/822/1594 783/783/1594
f 822/822/1595 823/823/1595 783/783/1595
f 783/783/1596 823/823/1596 784/784/1596
f 823/823/1597 824/824/1597 784/784/1597
f 784/784/1598 824/824/1598 785/785/1598
f 824/824/1599 825/825/1599 785/785/1599
f 785/785/1600 825/825/1600 786/786/1600
f 825/825/1601 826/826/1601 786/786/1601
f 786/786/1602 826/826/1602 787/787/1602
f 826/826/1603 827/827/1603 787/787/1603
f 787/787/1604 827/827/1604 788/788/1604
f 827/827/1605 828/828/1605 788/788/1605
f 788/788/1606 828/828/1606 789/789/1606
f 828/828/1607 829/829/1607 789/789/1607
f 789/789/1608 829/829/1608 790/790/1608
f 829/829/1609 830/830/1609 790/790/1609
f 790/790/1610 830/830/1610 791/791/1610
f 830/830/1611 831/831/1611 791/791/1611
f 791/791/1612 831/831/1612 792/792/1612
f 831/831/1613 832/832/1613 792/792/1613
f 792/792/1614 832/832/1614 793/793/1614
f 832/832/1615 833/833/1615 793/793/1615
f 793/793/1616 833/833/1616 794/794/1616
f 833/833/1617 834/834/1617 794/794/1617
f 794/794/1618 834/834/1618 795/795/1618
f 834/834/1619 835/835/1619 795/795/1619
f 795/795/1620 835/835/1620 796/796/1620
f 835/835/1621 836/836/1621 796/796/1621
f 796/796/1622 836/836/1622 797/797/1622
f 836/836/1623 837/837/1623 797/797/1623
f 797/797/1624 837/837/1624 798/798/1624
f 837/837/1625 838/838/1625 798/798/1625
f 798/798/1626 838/838/1626 799/799/1626
f 838/838/1627 839/839/1627 799/799/1627
f 799/799/1628 839/839/1628 800/800/1628
f 839/839/1629 840/840/1629 800/800/1629
f 800/800/1630 840/840/1630 801/801/1630
f 840/840/1631 841/841/1631 801/801/1631
f 801/801/1632 841/841/1632 802/802/1632
f 841/841/1633 842/842/1633 802/802/1633
f 802/802/1634 842/842/1634 803/803/1634
f 842/842/1635 843/843/1635 803/803/1635
f 803/803/1636 843/843/1636 804/804/1636
f 843/843/1637 844/844/1637 804/804/1637
f 804/804/1638 844/844/1638 805/805/1638
f 844/844/1639 845/845/1639 805/805/1639
f 805/805/1640 845/845/1640 806/806/1640
f 845/845/1641 846/846/1641 806/806/1641
f 806/806/1642 846/846/1642 807/807/1642
f 846/846/1643 847/847/1643 807/807/1643
f 807/807/1644 847/847/1644 808/808/1644
f 848/848/1645 810/810/1645 809/809/1645
f 809/809/1646 810/810/1646 771/771/1646
f 847/847/1647 848/848/1647 808/808/1647
f 808/808/1648 848/848/1648 809/809/1648
f 858/858/1649 859/859/1649 849/849/1649
f 857/857/1650 858/858/1650 849/849/1650
f 856/856/1651 857/857/1651 849/849/1651
f 855/855/1652 856/856/1652 849/849/1652
f 854/854/1653 855/855/1653 849/849/1653
f 853/853/1654 854/854/1654 849/849/1654
f 852/852/1655 853/853/1655 849/849/1655
f 851/851/1656 852/852/1656 849/849/1656
f 850/850/1657 851/851/1657 849/849/1657
f 860/860/1658 870/870/1658 869/869/1658
f 860/860/1659 869/869/1659 868/868/1659
f 860/860/1660 868/868/1660 867/867/1660
f 860/860/1661 867/867/1661 866/866/1661
f 860/860/1662 866/866/1662 865/865/1662
f 860/860/1663 865/865/1663 864/864/1663
f 860/860/1664 864/864/1664 863/863/1664
f 860/860/1665 863/863/1665 862/862/1665
f 860/860/1666 862/862/1666 861/861/1666
f 860/860/1667 861/861/1667 849/849/1667
f 849/849/1668 861/861/1668 850/850/1668
f 861/861/1669 862/862/1669 850/850/1669
f 850/850/1670 862/862/1670 851/851/1670
f 862/862/1671 863/863/1671 851/851/1671
f 851/851/1672 863/863/1672 852/852/1672
f 863/863/1673 864/864/1673 852/852/1673
f 852/852/1674 864/864/1674 853/853/1674
f 864/864/1675 865/865/1675 853/853/1675
f 853/853/1676 865/865/1676 854/854/1676
f 865/865/1677 866/866/1677 854/854/1677
f 854/854/1678 866/866/1678 855/855/1678
f 866/866/1679 867/867/1679 855/855/1679
f 855/855/1680 867/867/1680 856/856/1680
f 867/867/1681 868/868/1681 856/856/1681
f 856/856/1682 868/868/1682 857/857/1682
f 868/868/1683 869/869/1683 857/857/1683
f 857/857/1684 869/869/1684 858/858/1684
f 870/870/1685 860/860/1685 859/859/1685
f 859/859/1686 860/860/1686 849/849/1686
f 869/869/1687 870/870/1687 858/858/1687
f 858/858/1688 870/870/1688 859/859/1688
f 880/880/1689 881/881/1689 871/871/1689
f 879/879/1690 880/880/1690 871/871/1690
f 878/878/1691 879/879/1691 871/871/1691
f 877/877/1692 878/878/1692 871/871/1692
f 876/876/1693 877/877/1693 871/871/1693
f 875/875/1694 876/876/1694 871/871/1694
f 874/874/1695 875/875/1695 871/871/1695
f 873/873/1696 874/874/1696 871/871/1696
f 872/872/1697 873/873/1697 871/871/1697
f 882/882/1698 892/892/1698 891/891/1698
f 882/882/1699 891/891/1699 890/890/1699
f 882/882/1700 890/890/1700 889/889/1700
f 882/882/1701 889/889/1701 888/888/1701
f 882/882/1702 888/888/1702 887/887/1702
f 882/882/1703 887/887/1703 886/886/1703
f 882/882/1704 886/886/1704 885/885/1704
f 882/882/1705 885/885/1705 884/884/1705
f 882/882/1706 884/884/1706 883/883/1706
f 882/882/1707 883/883/1707 871/871/1707
f 871/871/1708 883/883/1708 872/872/1708
f 883/883/1709 884/884/1709 872/872/1709
f 872/872/1710 884/884/1710 873/873/1710
f 884/884/1711 885/885/1711 873/873/1711
f 873/873/1712 885/885/1712 874/874/1712
f 885/885/1713 886/886/1713 874/874/1713
f 874/874/1714 886/886/1714 875/875/1714
f 886/886/1715 887/887/1715 875/875/1715
f 875/875/1716 887/887/1716 876/876/1716
f 887/887/1717 888/888/1717 876/876/1717
f 876/876/1718 888/888/1718 877/877/1718
f 888/888/1719 889/889/1719 877/877/1719
f 877/877/1720 889/889/1720 878/878/1720
f 889/889/1721 890/890/1721 878/878/1721
f 878/878/1722 890/890/1722 879/879/1722
f 890/890/1723 891/891/1723 879/879/1723
f 879/879/1724 891/891/1724 880/880/1724
f 892/892/1725 882/882/1725 881/881/1725
f 881/881/1726 882/882/1726 871/871/1726
f 891/891/1727 892/892/1727 880/880/1727
f 880/880/1728 892/892/1728 881/881/1728
f 1086/1086/1729 1087/1087/1729 1088/1088/1729
f 1085/1085/1730 1086/1086/1730 1088/1088/1730
f 1084/1084/1731 1085/1085/1731 1088/1088/1731
f 1082/1082/1732 1083/1083/1732 1084/1084/1732
f 1141/1141/1733 1082/1082/1733 1084/1084/1733
f 1140/1140/1734 1141/1141/1734 1084/1084/1734
f 1137/1137/1735 1138/1138/1735 1139/1139/1735
f 1136/1136/1736 1137/1137/1736 1139/1139/1736
f 1135/1135/1737 1136/1136/1737 1139/1139/1737
f 1134/1134/1738 1135/1135/1738 1139/1139/1738
f 1133/1133/1739 1134/1134/1739 1139/1139/1739
f 1132/1132/1740 1133/1133/1740 1139/1139/1740
f 1125/1125/1741 1126/1126/1741 1127/1127/1741
f 1124/1124/1742 1125/1125/1742 1127/1127/1742
f 1123/1123/1743 1124/1124/1743 1127/1127/1743
f 1244/1244/1744 1245/1245/1744 1246/1246/1744
f 1241/1241/1745 1242/1242/1745 1243/1243/1745
f 1240/1240/1746 1241/1241/1746 1243/1243/1746
f 1239/1239/1747 1240/1240/1747 1243/1243/1747
f 1238/1238/1748 1239/1239/1748 1243/1243/1748
f 1237/1237/1749 1238/1238/1749 1243/1243/1749
f 1228/1228/1750 1229/1229/1750 1230/1230/1750
f 1032/1032/1751 1225/1225/1751 1226/1226/1751
f 1031/1031/1752 1032/1032/1752 1226/1226/1752
f 1030/1030/1753 1031/1031/1753 1226/1226/1753
f 1029/1029/1754 1030/1030/1754 1226/1226/1754
f 1025/1025/1755 1026/1026/1755 1027/1027/1755
f 1024/1024/1756 1025/1025/1756 1027/1027/1756
f 1023/1023/1757 1024/1024/1757 1027/1027/1757
f 1022/1022/1758 1023/1023/1758 1027/1027/1758
f 1019/1019/1759 1020/1020/1759 1021/1021/1759
f 1016/1016/1760 1017/1017/1760 1018/1018/1760
f 1196/1196/1761 1016/1016/1761 1018/1018/1761
f 1195/1195/1762 1196/1196/1762 1018/1018/1762
f 1194/1194/1763 1195/1195/1763 1018/1018/1763
f 1213/1213/1764 1194/1194/1764 1018/1018/1764
f 1209/1209/1765 1210/1210/1765 1211/1211/1765
f 1207/1207/1766 1208/1208/1766 1209/1209/1766
f 1166/1166/1767 1206/1206/1767 1207/1207/1767
f 1165/1165/1768 1166/1166/1768 1207/1207/1768
f 1176/1176/1769 1177/1177/1769 1178/1178/1769
f 1175/1175/1770 1176/1176/1770 1178/1178/1770
f 1174/1174/1771 1175/1175/1771 1178/1178/1771
f 1173/1173/1772 1174/1174/1772 1178/1178/1772
f 1104/1104/1773 1105/1105/1773 1170/1170/1773
f 1103/1103/1774 1104/1104/1774 1170/1170/1774
f 1101/1101/1775 1102/1102/1775 1103/1103/1775
f 1170/1170/1776 1105/1105/1776 1106/1106/1776
f 1169/1169/1777 1170/1170/1777 1106/1106/1777
f 1206/1206/1778 1166/1166/1778 1167/1167/1778
f 1205/1205/1779 1206/1206/1779 1167/1167/1779
f 1204/1204/1780 1205/1205/1780 1167/1167/1780
f 1203/1203/1781 1204/1204/1781 1167/1167/1781
f 1202/1202/1782 1203/1203/1782 1167/1167/1782
f 1183/1183/1783 1184/1184/1783 1200/1200/1783
f 1182/1182/1784 1183/1183/1784 1200/1200/1784
f 1180/1180/1785 1181/1181/1785 1182/1182/1785
f 1189/1189/1786 1190/1190/1786 1191/1191/1786
f 1187/1187/1787 1188/1188/1787 1189/1189/1787
f 1200/1200/1788 1184/1184/1788 1185/1185/1788
f 1199/1199/1789 1200/1200/1789 1185/1185/1789
f 1016/1016/1790 1196/1196/1790 1197/1197/1790
f 1015/1015/1791 1016/1016/1791 1197/1197/1791
f 1014/1014/1792 1015/1015/1792 1197/1197/1792
f 1013/1013/1793 1014/1014/1793 1197/1197/1793
f 1012/1012/1794 1013/1013/1794 1197/1197/1794
f 1009/1009/1795 1010/1010/1795 1011/1011/1795
f 1008/1008/1796 1009/1009/1796 1011/1011/1796
f 1006/1006/1797 1007/1007/1797 1008/1008/1797
f 1005/1005/1798 1006/1006/1798 1008/1008/1798
f 1004/1004/1799 1005/1005/1799 1008/1008/1799
f 1001/1001/1800 1002/1002/1800 1003/1003/1800
f 1000/1000/1801 1001/1001/1801 1003/1003/1801
f 993/993/1802 994/994/1802 995/995/1802
f 990/990/1803 991/991/1803 992/992/1803
f 988/988/1804 989/989/1804 990/990/1804
f 987/987/1805 988/988/1805 990/990/1805
f 985/985/1806 986/986/1806 987/987/1806
f 984/984/1807 985/985/1807 987/987/1807
f 980/980/1808 981/981/1808 982/982/1808
f 979/979/1809 980/980/1809 982/982/1809
f 978/978/1810 979/979/1810 982/982/1810
f 977/977/1811 978/978/1811 982/982/1811
f 976/976/1812 977/977/1812 982/982/1812
f 975/975/1813 976/976/1813 982/982/1813
f 974/974/1814 975/975/1814 982/982/1814
f 973/973/1815 974/974/1815 982/982/1815
f 971/971/1816 972/972/1816 973/973/1816
f 969/969/1817 970/970/1817 971/971/1817
f 968/968/1818 969/969/1818 971/971/1818
f 967/967/1819 968/968/1819 971/971/1819
f 965/965/1820 966/966/1820 967/967/1820
f 964/964/1821 965/965/1821 967/967/1821
f 962/962/1822 963/963/1822 964/964/1822
f 960/960/1823 961/961/1823 962/962/1823
f 958/958/1824 959/959/1824 960/960/1824
f 956/956/1825 957/957/1825 958/958/1825
f 954/954/1826 955/955/1826 956/956/1826
f 953/953/1827 954/954/1827 956/956/1827
f 952/952/1828 953/953/1828 956/956/1828
f 950/950/1829 951/951/1829 952/952/1829
f 948/948/1830 949/949/1830 950/950/1830
f 947/947/1831 948/948/1831 950/950/1831
f 945/945/1832 946/946/1832 947/947/1832
f 943/943/1833 944/944/1833 945/945/1833
f 941/941/1834 942/942/1834 943/943/1834
f 939/939/1835 940/940/1835 941/941/1835
f 936/936/1836 937/937/1836 938/938/1836
f 932/932/1837 933/933/1837 934/934/1837
f 931/931/1838 932/932/1838 934/934/1838
f 930/930/1839 931/931/1839 934/934/1839
f 929/929/1840 930/930/1840 934/934/1840
f 928/928/1841 929/929/1841 934/934/1841
f 927/927/1842 928/928/1842 934/934/1842
f 926/926/1843 927/927/1843 934/934/1843
f 925/925/1844 926/926/1844 934/934/1844
f 924/924/1845 925/925/1845 934/934/1845
f 920/920/1846 921/921/1846 922/922/1846
f 919/919/1847 920/920/1847 922/922/1847
f 917/917/1848 918/918/1848 919/919/1848
f 916/916/1849 917/917/1849 919/919/1849
f 915/915/1850 916/916/1850 919/919/1850
f 914/914/1851 915/915/1851 919/919/1851
f 912/912/1852 913/913/1852 914/914/1852
f 910/910/1853 911/911/1853 912/912/1853
f 909/909/1854 910/910/1854 912/912/1854
f 905/905/1855 906/906/1855 907/907/1855
f 904/904/1856 905/905/1856 907/907/1856
f 903/903/1857 904/904/1857 907/907/1857
f 900/900/1858 901/901/1858 902/902/1858
f 899/899/1859 900/900/1859 902/902/1859
f 898/898/1860 899/899/1860 902/902/1860
f 897/897/1861 898/898/1861 902/902/1861
f 896/896/1862 897/897/1862 902/902/1862
f 894/894/1863 895/895/1863 896/896/1863
f 893/893/1864 894/894/1864 896/896/1864
f 1079/1079/1865 893/893/1865 896/896/1865
f 1078/1078/1866 1079/1079/1866 896/896/1866
f 1077/1077/1867 1078/1078/1867 896/896/1867
f 1076/1076/1868 1077/1077/1868 896/896/1868
f 1075/1075/1869 1076/1076/1869 896/896/1869
f 1074/1074/1870 1075/1075/1870 896/896/1870
f 1073/1073/1871 1074/1074/1871 896/896/1871
f 1072/1072/1872 1073/1073/1872 896/896/1872
f 1071/1071/1873 1072/1072/1873 896/896/1873
f 1069/1069/1874 1070/1070/1874 1071/1071/1874
f 1068/1068/1875 1069/1069/1875 1071/1071/1875
f 1067/1067/1876 1068/1068/1876 1071/1071/1876
f 1066/1066/1877 1067/1067/1877 1071/1071/1877
f 1065/1065/1878 1066/1066/1878 1071/1071/1878
f 1064/1064/1879 1065/1065/1879 1071/1071/1879
f 1063/1063/1880 1064/1064/1880 1071/1071/1880
f 1062/1062/1881 1063/1063/1881 1071/1071/1881
f 1060/1060/1882 1061/1061/1882 1062/1062/1882
f 1056/1056/1883 1057/1057/1883 1058/1058/1883
f 1055/1055/1884 1056/1056/1884 1058/1058/1884
f 1054/1054/1885 1055/1055/1885 1058/1058/1885
f 1053/1053/1886 1054/1054/1886 1058/1058/1886
f 1051/1051/1887 1052/1052/1887 1053/1053/1887
f 1050/1050/1888 1051/1051/1888 1053/1053/1888
f 1049/1049/1889 1050/1050/1889 1053/1053/1889
f 1048/1048/1890 1049/1049/1890 1053/1053/1890
f 1047/1047/1891 1048/1048/1891 1053/1053/1891
f 1046/1046/1892 1047/1047/1892 1053/1053/1892
f 1045/1045/1893 1046/1046/1893 1053/1053/1893
f 1044/1044/1894 1045/1045/1894 1053/1053/1894
f 1043/1043/1895 1044/1044/1895 1053/1053/1895
f 1042/1042/1896 1043/1043/1896 1053/1053/1896
f 1041/1041/1897 1042/1042/1897 1053/1053/1897
f 1040/1040/1898 1041/1041/1898 1053/1053/1898
f 1039/1039/1899 1040/1040/1899 1053/1053/1899
f 1038/1038/1900 1039/1039/1900 1053/1053/1900
f 1036/1036/1901 1037/1037/1901 1038/1038/1901
f 1034/1034/1902 1035/1035/1902 1036/1036/1902
f 1032/1032/1903 1033/1033/1903 1034/1034/1903
f 1224/1224/1904 1225/1225/1904 1032/1032/1904
f 1220/1220/1905 1221/1221/1905 1222/1222/1905
f 1214/1214/1906 1215/1215/1906 1216/1216/1906
f 1120/1120/1907 1121/1121/1907 1214/1214/1907
f 1119/1119/1908 1120/1120/1908 1214/1214/1908
f 1118/1118/1909 1119/1119/1909 1214/1214/1909
f 1116/1116/1910 1117/1117/1910 1118/1118/1910
f 1114/1114/1911 1115/1115/1911 1116/1116/1911
f 1113/1113/1912 1114/1114/1912 1116/1116/1912
f 1112/1112/1913 1113/1113/1913 1116/1116/1913
f 1161/1161/1914 1162/1162/1914 1163/1163/1914
f 1160/1160/1915 1161/1161/1915 1163/1163/1915
f 1158/1158/1916 1159/1159/1916 1160/1160/1916
f 1154/1154/1917 1155/1155/1917 1156/1156/1917
f 1153/1153/1918 1154/1154/1918 1156/1156/1918
f 1149/1149/1919 1150/1150/1919 1151/1151/1919
f 1147/1147/1920 1148/1148/1920 1149/1149/1920
f 1145/1145/1921 1146/1146/1921 1147/1147/1921
f 1142/1142/1922 1143/1143/1922 1144/1144/1922
f 1141/1141/1923 1142/1142/1923 1144/1144/1923
f 1082/1082/1924 1141/1141/1924 1144/1144/1924
f 1140/1140/1925 1084/1084/1925 1088/1088/1925
f 1139/1139/1926 1140/1140/1926 1088/1088/1926
f 1123/1123/1927 1127/1127/1927 1128/1128/1927
f 1251/1251/1928 1214/1214/1928 1121/1121/1928
f 1250/1250/1929 1251/1251/1929 1121/1121/1929
f 1249/1249/1930 1250/1250/1930 1121/1121/1930
f 1244/1244/1931 1246/1246/1931 1247/1247/1931
f 1237/1237/1932 1243/1243/1932 1244/1244/1932
f 1236/1236/1933 1237/1237/1933 1244/1244/1933
f 1029/1029/1934 1226/1226/1934 1227/1227/1934
f 1022/1022/1935 1027/1027/1935 1028/1028/1935
f 1213/1213/1936 1018/1018/1936 1019/1019/1936
f 1212/1212/1937 1213/1213/1937 1019/1019/1937
f 1207/1207/1938 1209/1209/1938 1211/1211/1938
f 1173/1173/1939 1178/1178/1939 1179/1179/1939
f 1103/1103/1940 1170/1170/1940 1171/1171/1940
f 1101/1101/1941 1103/1103/1941 1171/1171/1941
f 1100/1100/1942 1101/1101/1942 1171/1171/1942
f 1169/1169/1943 1106/1106/1943 1107/1107/1943
f 1182/1182/1944 1200/1200/1944 1201/1201/1944
f 1199/1199/1945 1185/1185/1945 1186/1186/1945
f 1012/1012/1946 1197/1197/1946 1198/1198/1946
f 1011/1011/1947 1012/1012/1947 1198/1198/1947
f 993/993/1948 995/995/1948 996/996/1948
f 973/973/1949 982/982/1949 983/983/1949
f 967/967/1950 971/971/1950 973/973/1950
f 964/964/1951 967/967/1951 973/973/1951
f 962/962/1952 964/964/1952 973/973/1952
f 960/960/1953 962/962/1953 973/973/1953
f 958/958/1954 960/960/1954 973/973/1954
f 956/956/1955 958/958/1955 973/973/1955
f 952/952/1956 956/956/1956 973/973/1956
f 950/950/1957 952/952/1957 973/973/1957
f 947/947/1958 950/950/1958 973/973/1958
f 945/945/1959 947/947/1959 973/973/1959
f 943/943/1960 945/945/1960 973/973/1960
f 941/941/1961 943/943/1961 973/973/1961
f 939/939/1962 941/941/1962 973/973/1962
f 924/924/1963 934/934/1963 935/935/1963
f 923/923/1964 924/924/1964 935/935/1964
f 919/919/1965 922/922/1965 923/923/1965
f 914/914/1966 919/919/1966 923/923/1966
f 912/912/1967 914/914/1967 923/923/1967
f 909/909/1968 912/912/1968 923/923/1968
f 903/903/1969 907/907/1969 908/908/1969
f 896/896/1970 902/902/1970 903/903/1970
f 1071/1071/1971 896/896/1971 903/903/1971
f 1062/1062/1972 1071/1071/1972 903/903/1972
f 1060/1060/1973 1062/1062/1973 903/903/1973
f 1053/1053/1974 1058/1058/1974 1059/1059/1974
f 1038/1038/1975 1053/1053/1975 1059/1059/1975
f 1224/1224/1976 1032/1032/1976 1034/1034/1976
f 1223/1223/1977 1224/1224/1977 1034/1034/1977
f 1222/1222/1978 1223/1223/1978 1034/1034/1978
f 1220/1220/1979 1222/1222/1979 1034/1034/1979
f 1118/1118/1980 1214/1214/1980 1216/1216/1980
f 1112/1112/1981 1116/1116/1981 1118/1118/1981
f 1111/1111/1982 1112/1112/1982 1118/1118/1982
f 1160/1160/1983 1163/1163/1983 1164/1164/1983
f 1158/1158/1984 1160/1160/1984 1164/1164/1984
f 1153/1153/1985 1156/1156/1985 1157/1157/1985
f 1147/1147/1986 1149/1149/1986 1151/1151/1986
f 1082/1082/1987 1144/1144/1987 1145/1145/1987
f 1081/1081/1988 1082/1082/1988 1145/1145/1988
f 1249/1249/1989 1121/1121/1989 1122/1122/1989
f 1248/1248/1990 1249/1249/1990 1122/1122/1990
f 1029/1029/1991 1227/1227/1991 1228/1228/1991
f 1028/1028/1992 1029/1029/1992 1228/1228/1992
f 1100/1100/1993 1171/1171/1993 1172/1172/1993
f 1182/1182/1994 1201/1201/1994 1202/1202/1994
f 1011/1011/1995 1198/1198/1995 1199/1199/1995
f 1008/1008/1996 1011/1011/1996 1199/1199/1996
f 939/939/1997 973/973/1997 983/983/1997
f 923/923/1998 935/935/1998 936/936/1998
f 903/903/1999 908/908/1999 909/909/1999
f 1060/1060/2000 903/903/2000 909/909/2000
f 1038/1038/2001 1059/1059/2001 1060/1060/2001
f 1036/1036/2002 1038/1038/2002 1060/1060/2002
f 1220/1220/2003 1034/1034/2003 1036/1036/2003
f 1219/1219/2004 1220/1220/2004 1036/1036/2004
f 1218/1218/2005 1219/1219/2005 1036/1036/2005
f 1111/1111/2006 1118/1118/2006 1216/1216/2006
f 1081/1081/2007 1145/1145/2007 1147/1147/2007
f 1080/1080/2008 1081/1081/2008 1147/1147/2008
f 1099/1099/2009 1080/1080/2009 1147/1147/2009
f 1248/1248/2010 1122/1122/2010 1123/1123/2010
f 1247/1247/2011 1248/1248/2011 1123/1123/2011
f 1028/1028/2012 1228/1228/2012 1230/1230/2012
f 1100/1100/2013 1172/1172/2013 1173/1173/2013
f 1182/1182/2014 1202/1202/2014 1167/1167/2014
f 1180/1180/2015 1182/1182/2015 1167/1167/2015
f 1193/1193/2016 1180/1180/2016 1167/1167/2016
f 1008/1008/2017 1199/1199/2017 1186/1186/2017
f 939/939/2018 983/983/2018 984/984/2018
f 923/923/2019 936/936/2019 938/938/2019
f 1218/1218/2020 1036/1036/2020 1060/1060/2020
f 1217/1217/2021 1218/1218/2021 1060/1060/2021
f 1216/1216/2022 1217/1217/2022 1060/1060/2022
f 1111/1111/2023 1216/1216/2023 1060/1060/2023
f 1164/1164/2024 1111/1111/2024 1060/1060/2024
f 1099/1099/2025 1147/1147/2025 1151/1151/2025
f 1098/1098/2026 1099/1099/2026 1151/1151/2026
f 1097/1097/2027 1098/1098/2027 1151/1151/2027
f 1247/1247/2028 1123/1123/2028 1128/1128/2028
f 1244/1244/2029 1247/1247/2029 1128/1128/2029
f 1028/1028/2030 1230/1230/2030 1231/1231/2030
f 1022/1022/2031 1028/1028/2031 1231/1231/2031
f 1100/1100/2032 1173/1173/2032 1179/1179/2032
f 1110/1110/2033 1100/1100/2033 1179/1179/2033
f 1193/1193/2034 1167/1167/2034 1168/1168/2034
f 1008/1008/2035 1186/1186/2035 1187/1187/2035
f 1004/1004/2036 1008/1008/2036 1187/1187/2036
f 1003/1003/2037 1004/1004/2037 1187/1187/2037
f 1164/1164/2038 1060/1060/2038 909/909/2038
f 1097/1097/2039 1151/1151/2039 1152/1152/2039
f 1244/1244/2040 1128/1128/2040 1129/1129/2040
f 1022/1022/2041 1231/1231/2041 1232/1232/2041
f 1021/1021/2042 1022/1022/2042 1232/1232/2042
f 1193/1193/2043 1168/1168/2043 1169/1169/2043
f 1192/1192/2044 1193/1193/2044 1169/1169/2044
f 1003/1003/2045 1187/1187/2045 1189/1189/2045
f 1164/1164/2046 909/909/2046 923/923/2046
f 1158/1158/2047 1164/1164/2047 923/923/2047
f 1021/1021/2048 1232/1232/2048 1233/1233/2048
f 1019/1019/2049 1021/1021/2049 1233/1233/2049
f 1003/1003/2050 1189/1189/2050 1191/1191/2050
f 1000/1000/2051 1003/1003/2051 1191/1191/2051
f 999/999/2052 1000/1000/2052 1191/1191/2052
f 1158/1158/2053 923/923/2053 938/938/2053
f 1019/1019/2054 1233/1233/2054 1234/1234/2054
f 999/999/2055 1191/1191/2055 1192/1192/2055
f 1158/1158/2056 938/938/2056 939/939/2056
f 1157/1157/2057 1158/1158/2057 939/939/2057
f 1153/1153/2058 1157/1157/2058 939/939/2058
f 1019/1019/2059 1234/1234/2059 1235/1235/2059
f 999/999/2060 1192/1192/2060 1169/1169/2060
f 1153/1153/2061 939/939/2061 984/984/2061
f 1152/1152/2062 1153/1153/2062 984/984/2062
f 1097/1097/2063 1152/1152/2063 984/984/2063
f 1019/1019/2064 1235/1235/2064 1236/1236/2064
f 1212/1212/2065 1019/1019/2065 1236/1236/2065
f 999/999/2066 1169/1169/2066 1107/1107/2066
f 998/998/2067 999/999/2067 1107/1107/2067
f 997/997/2068 998/998/2068 1107/1107/2068
f 1097/1097/2069 984/984/2069 987/987/2069
f 1096/1096/2070 1097/1097/2070 987/987/2070
f 1095/1095/2071 1096/1096/2071 987/987/2071
f 1094/1094/2072 1095/1095/2072 987/987/2072
f 1212/1212/2073 1236/1236/2073 1244/1244/2073
f 1211/1211/2074 1212/1212/2074 1244/1244/2074
f 1207/1207/2075 1211/1211/2075 1244/1244/2075
f 997/997/2076 1107/1107/2076 1108/1108/2076
f 996/996/2077 997/997/2077 1108/1108/2077
f 1094/1094/2078 987/987/2078 990/990/2078
f 1093/1093/2079 1094/1094/2079 990/990/2079
f 1092/1092/2080 1093/1093/2080 990/990/2080
f 1207/1207/2081 1244/1244/2081 1129/1129/2081
f 996/996/2082 1108/1108/2082 1109/1109/2082
f 993/993/2083 996/996/2083 1109/1109/2083
f 1092/1092/2084 990/990/2084 992/992/2084
f 1091/1091/2085 1092/1092/2085 992/992/2085
f 1090/1090/2086 1091/1091/2086 992/992/2086
f 1207/1207/2087 1129/1129/2087 1130/1130/2087
f 1165/1165/2088 1207/1207/2088 1130/1130/2088
f 1090/1090/2089 992/992/2089 993/993/2089
f 1089/1089/2090 1090/1090/2090 993/993/2090
f 1165/1165/2091 1130/1130/2091 1131/1131/2091
f 1179/1179/2092 1165/1165/2092 1131/1131/2092
f 1089/1089/2093 993/993/2093 1109/1109/2093
f 1088/1088/2094 1089/1089/2094 1109/1109/2094
f 1179/1179/2095 1131/1131/2095 1132/1132/2095
f 1088/1088/2096 1109/1109/2096 1110/1110/2096
f 1139/1139/2097 1088/1088/2097 1110/1110/2097
f 1179/1179/2098 1132/1132/2098 1139/1139/2098
f 1110/1110/2099 1179/1179/2099 1139/1139/2099
f 1447/1447/2100 1446/1446/2100 1445/1445/2100
f 1447/1447/2101 1445/1445/2101 1444/1444/2101
f 1447/1447/2102 1444/1444/2102 1443/1443/2102
f 1443/1443/2103 1442/1442/2103 1441/1441/2103
f 1443/1443/2104 1441/1441/2104 1500/1500/2104
f 1443/1443/2105 1500/1500/2105 1499/1499/2105
f 1498/1498/2106 1497/1497/2106 1496/1496/2106
f 1498/1498/2107 1496/1496/2107 1495/1495/2107
f 1498/1498/2108 1495/1495/2108 1494/1494/2108
f 1498/1498/2109 1494/1494/2109 1493/1493/2109
f 1498/1498/2110 1493/1493/2110 1492/1492/2110
f 1498/1498/2111 1492/1492/2111 1491/1491/2111
f 1486/1486/2112 1485/1485/2112 1484/1484/2112
f 1486/1486/2113 1484/1484/2113 1483/1483/2113
f 1486/1486/2114 1483/1483/2114 1482/1482/2114
f 1605/1605/2115 1604/1604/2115 1603/1603/2115
f 1602/1602/2116 1601/1601/2116 1600/1600/2116
f 1602/1602/2117 1600/1600/2117 1599/1599/2117
f 1602/1602/2118 1599/1599/2118 1598/1598/2118
f 1602/1602/2119 1598/1598/2119 1597/1597/2119
f 1602/1602/2120 1597/1597/2120 1596/1596/2120
f 1589/1589/2121 1588/1588/2121 1587/1587/2121
f 1585/1585/2122 1584/1584/2122 1391/1391/2122
f 1585/1585/2123 1391/1391/2123 1390/1390/2123
f 1585/1585/2124 1390/1390/2124 1389/1389/2124
f 1585/1585/2125 1389/1389/2125 1388/1388/2125
f 1386/1386/2126 1385/1385/2126 1384/1384/2126
f 1386/1386/2127 1384/1384/2127 1383/1383/2127
f 1386/1386/2128 1383/1383/2128 1382/1382/2128
f 1386/1386/2129 1382/1382/2129 1381/1381/2129
f 1380/1380/2130 1379/1379/2130 1378/1378/2130
f 1377/1377/2131 1376/1376/2131 1375/1375/2131
f 1377/1377/2132 1375/1375/2132 1555/1555/2132
f 1377/1377/2133 1555/1555/2133 1554/1554/2133
f 1377/1377/2134 1554/1554/2134 1553/1553/2134
f 1377/1377/2135 1553/1553/2135 1572/1572/2135
f 1570/1570/2136 1569/1569/2136 1568/1568/2136
f 1568/1568/2137 1567/1567/2137 1566/1566/2137
f 1566/1566/2138 1565/1565/2138 1525/1525/2138
f 1566/1566/2139 1525/1525/2139 1524/1524/2139
f 1537/1537/2140 1536/1536/2140 1535/1535/2140
f 1537/1537/2141 1535/1535/2141 1534/1534/2141
f 1537/1537/2142 1534/1534/2142 1533/1533/2142
f 1537/1537/2143 1533/1533/2143 1532/1532/2143
f 1529/1529/2144 1464/1464/2144 1463/1463/2144
f 1529/1529/2145 1463/1463/2145 1462/1462/2145
f 1462/1462/2146 1461/1461/2146 1460/1460/2146
f 1465/1465/2147 1464/1464/2147 1529/1529/2147
f 1465/1465/2148 1529/1529/2148 1528/1528/2148
f 1526/1526/2149 1525/1525/2149 1565/1565/2149
f 1526/1526/2150 1565/1565/2150 1564/1564/2150
f 1526/1526/2151 1564/1564/2151 1563/1563/2151
f 1526/1526/2152 1563/1563/2152 1562/1562/2152
f 1526/1526/2153 1562/1562/2153 1561/1561/2153
f 1559/1559/2154 1543/1543/2154 1542/1542/2154
f 1559/1559/2155 1542/1542/2155 1541/1541/2155
f 1541/1541/2156 1540/1540/2156 1539/1539/2156
f 1550/1550/2157 1549/1549/2157 1548/1548/2157
f 1548/1548/2158 1547/1547/2158 1546/1546/2158
f 1544/1544/2159 1543/1543/2159 1559/1559/2159
f 1544/1544/2160 1559/1559/2160 1558/1558/2160
f 1556/1556/2161 1555/1555/2161 1375/1375/2161
f 1556/1556/2162 1375/1375/2162 1374/1374/2162
f 1556/1556/2163 1374/1374/2163 1373/1373/2163
f 1556/1556/2164 1373/1373/2164 1372/1372/2164
f 1556/1556/2165 1372/1372/2165 1371/1371/2165
f 1370/1370/2166 1369/1369/2166 1368/1368/2166
f 1370/1370/2167 1368/1368/2167 1367/1367/2167
f 1367/1367/2168 1366/1366/2168 1365/1365/2168
f 1367/1367/2169 1365/1365/2169 1364/1364/2169
f 1367/1367/2170 1364/1364/2170 1363/1363/2170
f 1362/1362/2171 1361/1361/2171 1360/1360/2171
f 1362/1362/2172 1360/1360/2172 1359/1359/2172
f 1354/1354/2173 1353/1353/2173 1352/1352/2173
f 1351/1351/2174 1350/1350/2174 1349/1349/2174
f 1349/1349/2175 1348/1348/2175 1347/1347/2175
f 1349/1349/2176 1347/1347/2176 1346/1346/2176
f 1346/1346/2177 1345/1345/2177 1344/1344/2177
f 1346/1346/2178 1344/1344/2178 1343/1343/2178
f 1341/1341/2179 1340/1340/2179 1339/1339/2179
f 1341/1341/2180 1339/1339/2180 1338/1338/2180
f 1341/1341/2181 1338/1338/2181 1337/1337/2181
f 1341/1341/2182 1337/1337/2182 1336/1336/2182
f 1341/1341/2183 1336/1336/2183 1335/1335/2183
f 1341/1341/2184 1335/1335/2184 1334/1334/2184
f 1341/1341/2185 1334/1334/2185 1333/1333/2185
f 1341/1341/2186 1333/1333/2186 1332/1332/2186
f 1332/1332/2187 1331/1331/2187 1330/1330/2187
f 1330/1330/2188 1329/1329/2188 1328/1328/2188
f 1330/1330/2189 1328/1328/2189 1327/1327/2189
f 1330/1330/2190 1327/1327/2190 1326/1326/2190
f 1326/1326/2191 1325/1325/2191 1324/1324/2191
f 1326/1326/2192 1324/1324/2192 1323/1323/2192
f 1323/1323/2193 1322/1322/2193 1321/1321/2193
f 1321/1321/2194 1320/1320/2194 1319/1319/2194
f 1319/1319/2195 1318/1318/2195 1317/1317/2195
f 1317/1317/2196 1316/1316/2196 1315/1315/2196
f 1315/1315/2197 1314/1314/2197 1313/1313/2197
f 1315/1315/2198 1313/1313/2198 1312/1312/2198
f 1315/1315/2199 1312/1312/2199 1311/1311/2199
f 1311/1311/2200 1310/1310/2200 1309/1309/2200
f 1309/1309/2201 1308/1308/2201 1307/1307/2201
f 1309/1309/2202 1307/1307/2202 1306/1306/2202
f 1306/1306/2203 1305/1305/2203 1304/1304/2203
f 1304/1304/2204 1303/1303/2204 1302/1302/2204
f 1302/1302/2205 1301/1301/2205 1300/1300/2205
f 1300/1300/2206 1299/1299/2206 1298/1298/2206
f 1297/1297/2207 1296/1296/2207 1295/1295/2207
f 1293/1293/2208 1292/1292/2208 1291/1291/2208
f 1293/1293/2209 1291/1291/2209 1290/1290/2209
f 1293/1293/2210 1290/1290/2210 1289/1289/2210
f 1293/1293/2211 1289/1289/2211 1288/1288/2211
f 1293/1293/2212 1288/1288/2212 1287/1287/2212
f 1293/1293/2213 1287/1287/2213 1286/1286/2213
f 1293/1293/2214 1286/1286/2214 1285/1285/2214
f 1293/1293/2215 1285/1285/2215 1284/1284/2215
f 1293/1293/2216 1284/1284/2216 1283/1283/2216
f 1281/1281/2217 1280/1280/2217 1279/1279/2217
f 1281/1281/2218 1279/1279/2218 1278/1278/2218
f 1278/1278/2219 1277/1277/2219 1276/1276/2219
f 1278/1278/2220 1276/1276/2220 1275/1275/2220
f 1278/1278/2221 1275/1275/2221 1274/1274/2221
f 1278/1278/2222 1274/1274/2222 1273/1273/2222
f 1273/1273/2223 1272/1272/2223 1271/1271/2223
f 1271/1271/2224 1270/1270/2224 1269/1269/2224
f 1271/1271/2225 1269/1269/2225 1268/1268/2225
f 1266/1266/2226 1265/1265/2226 1264/1264/2226
f 1266/1266/2227 1264/1264/2227 1263/1263/2227
f 1266/1266/2228 1263/1263/2228 1262/1262/2228
f 1261/1261/2229 1260/1260/2229 1259/1259/2229
f 1261/1261/2230 1259/1259/2230 1258/1258/2230
f 1261/1261/2231 1258/1258/2231 1257/1257/2231
f 1261/1261/2232 1257/1257/2232 1256/1256/2232
f 1261/1261/2233 1256/1256/2233 1255/1255/2233
f 1255/1255/2234 1254/1254/2234 1253/1253/2234
f 1255/1255/2235 1253/1253/2235 1252/1252/2235
f 1255/1255/2236 1252/1252/2236 1438/1438/2236
f 1255/1255/2237 1438/1438/2237 1437/1437/2237
f 1255/1255/2238 1437/1437/2238 1436/1436/2238
f 1255/1255/2239 1436/1436/2239 1435/1435/2239
f 1255/1255/2240 1435/1435/2240 1434/1434/2240
f 1255/1255/2241 1434/1434/2241 1433/1433/2241
f 1255/1255/2242 1433/1433/2242 1432/1432/2242
f 1255/1255/2243 1432/1432/2243 1431/1431/2243
f 1255/1255/2244 1431/1431/2244 1430/1430/2244
f 1430/1430/2245 1429/1429/2245 1428/1428/2245
f 1430/1430/2246 1428/1428/2246 1427/1427/2246
f 1430/1430/2247 1427/1427/2247 1426/1426/2247
f 1430/1430/2248 1426/1426/2248 1425/1425/2248
f 1430/1430/2249 1425/1425/2249 1424/1424/2249
f 1430/1430/2250 1424/1424/2250 1423/1423/2250
f 1430/1430/2251 1423/1423/2251 1422/1422/2251
f 1430/1430/2252 1422/1422/2252 1421/1421/2252
f 1421/1421/2253 1420/1420/2253 1419/1419/2253
f 1417/1417/2254 1416/1416/2254 1415/1415/2254
f 1417/1417/2255 1415/1415/2255 1414/1414/2255
f 1417/1417/2256 1414/1414/2256 1413/1413/2256
f 1417/1417/2257 1413/1413/2257 1412/1412/2257
f 1412/1412/2258 1411/1411/2258 1410/1410/2258
f 1412/1412/2259 1410/1410/2259 1409/1409/2259
f 1412/1412/2260 1409/1409/2260 1408/1408/2260
f 1412/1412/2261 1408/1408/2261 1407/1407/2261
f 1412/1412/2262 1407/1407/2262 1406/1406/2262
f 1412/1412/2263 1406/1406/2263 1405/1405/2263
f 1412/1412/2264 1405/1405/2264 1404/1404/2264
f 1412/1412/2265 1404/1404/2265 1403/1403/2265
f 1412/1412/2266 1403/1403/2266 1402/1402/2266
f 1412/1412/2267 1402/1402/2267 1401/1401/2267
f 1412/1412/2268 1401/1401/2268 1400/1400/2268
f 1412/1412/2269 1400/1400/2269 1399/1399/2269
f 1412/1412/2270 1399/1399/2270 1398/1398/2270
f 1412/1412/2271 1398/1398/2271 1397/1397/2271
f 1397/1397/2272 1396/1396/2272 1395/1395/2272
f 1395/1395/2273 1394/1394/2273 1393/1393/2273
f 1393/1393/2274 1392/1392/2274 1391/1391/2274
f 1391/1391/2275 1584/1584/2275 1583/1583/2275
f 1581/1581/2276 1580/1580/2276 1579/1579/2276
f 1575/1575/2277 1574/1574/2277 1573/1573/2277
f 1573/1573/2278 1480/1480/2278 1479/1479/2278
f 1573/1573/2279 1479/1479/2279 1478/1478/2279
f 1573/1573/2280 1478/1478/2280 1477/1477/2280
f 1477/1477/2281 1476/1476/2281 1475/1475/2281
f 1475/1475/2282 1474/1474/2282 1473/1473/2282
f 1475/1475/2283 1473/1473/2283 1472/1472/2283
f 1475/1475/2284 1472/1472/2284 1471/1471/2284
f 1522/1522/2285 1521/1521/2285 1520/1520/2285
f 1522/1522/2286 1520/1520/2286 1519/1519/2286
f 1519/1519/2287 1518/1518/2287 1517/1517/2287
f 1515/1515/2288 1514/1514/2288 1513/1513/2288
f 1515/1515/2289 1513/1513/2289 1512/1512/2289
f 1510/1510/2290 1509/1509/2290 1508/1508/2290
f 1508/1508/2291 1507/1507/2291 1506/1506/2291
f 1506/1506/2292 1505/1505/2292 1504/1504/2292
f 1503/1503/2293 1502/1502/2293 1501/1501/2293
f 1503/1503/2294 1501/1501/2294 1500/1500/2294
f 1503/1503/2295 1500/1500/2295 1441/1441/2295
f 1447/1447/2296 1443/1443/2296 1499/1499/2296
f 1447/1447/2297 1499/1499/2297 1498/1498/2297
f 1487/1487/2298 1486/1486/2298 1482/1482/2298
f 1480/1480/2299 1573/1573/2299 1610/1610/2299
f 1480/1480/2300 1610/1610/2300 1609/1609/2300
f 1480/1480/2301 1609/1609/2301 1608/1608/2301
f 1606/1606/2302 1605/1605/2302 1603/1603/2302
f 1603/1603/2303 1602/1602/2303 1596/1596/2303
f 1603/1603/2304 1596/1596/2304 1595/1595/2304
f 1586/1586/2305 1585/1585/2305 1388/1388/2305
f 1387/1387/2306 1386/1386/2306 1381/1381/2306
f 1378/1378/2307 1377/1377/2307 1572/1572/2307
f 1378/1378/2308 1572/1572/2308 1571/1571/2308
f 1570/1570/2309 1568/1568/2309 1566/1566/2309
f 1538/1538/2310 1537/1537/2310 1532/1532/2310
f 1530/1530/2311 1529/1529/2311 1462/1462/2311
f 1530/1530/2312 1462/1462/2312 1460/1460/2312
f 1530/1530/2313 1460/1460/2313 1459/1459/2313
f 1466/1466/2314 1465/1465/2314 1528/1528/2314
f 1560/1560/2315 1559/1559/2315 1541/1541/2315
f 1545/1545/2316 1544/1544/2316 1558/1558/2316
f 1557/1557/2317 1556/1556/2317 1371/1371/2317
f 1557/1557/2318 1371/1371/2318 1370/1370/2318
f 1355/1355/2319 1354/1354/2319 1352/1352/2319
f 1342/1342/2320 1341/1341/2320 1332/1332/2320
f 1332/1332/2321 1330/1330/2321 1326/1326/2321
f 1332/1332/2322 1326/1326/2322 1323/1323/2322
f 1332/1332/2323 1323/1323/2323 1321/1321/2323
f 1332/1332/2324 1321/1321/2324 1319/1319/2324
f 1332/1332/2325 1319/1319/2325 1317/1317/2325
f 1332/1332/2326 1317/1317/2326 1315/1315/2326
f 1332/1332/2327 1315/1315/2327 1311/1311/2327
f 1332/1332/2328 1311/1311/2328 1309/1309/2328
f 1332/1332/2329 1309/1309/2329 1306/1306/2329
f 1332/1332/2330 1306/1306/2330 1304/1304/2330
f 1332/1332/2331 1304/1304/2331 1302/1302/2331
f 1332/1332/2332 1302/1302/2332 1300/1300/2332
f 1332/1332/2333 1300/1300/2333 1298/1298/2333
f 1294/1294/2334 1293/1293/2334 1283/1283/2334
f 1294/1294/2335 1283/1283/2335 1282/1282/2335
f 1282/1282/2336 1281/1281/2336 1278/1278/2336
f 1282/1282/2337 1278/1278/2337 1273/1273/2337
f 1282/1282/2338 1273/1273/2338 1271/1271/2338
f 1282/1282/2339 1271/1271/2339 1268/1268/2339
f 1267/1267/2340 1266/1266/2340 1262/1262/2340
f 1262/1262/2341 1261/1261/2341 1255/1255/2341
f 1262/1262/2342 1255/1255/2342 1430/1430/2342
f 1262/1262/2343 1430/1430/2343 1421/1421/2343
f 1262/1262/2344 1421/1421/2344 1419/1419/2344
f 1418/1418/2345 1417/1417/2345 1412/1412/2345
f 1418/1418/2346 1412/1412/2346 1397/1397/2346
f 1393/1393/2347 1391/1391/2347 1583/1583/2347
f 1393/1393/2348 1583/1583/2348 1582/1582/2348
f 1393/1393/2349 1582/1582/2349 1581/1581/2349
f 1393/1393/2350 1581/1581/2350 1579/1579/2350
f 1575/1575/2351 1573/1573/2351 1477/1477/2351
f 1477/1477/2352 1475/1475/2352 1471/1471/2352
f 1477/1477/2353 1471/1471/2353 1470/1470/2353
f 1523/1523/2354 1522/1522/2354 1519/1519/2354
f 1523/1523/2355 1519/1519/2355 1517/1517/2355
f 1516/1516/2356 1515/1515/2356 1512/1512/2356
f 1510/1510/2357 1508/1508/2357 1506/1506/2357
f 1504/1504/2358 1503/1503/2358 1441/1441/2358
f 1504/1504/2359 1441/1441/2359 1440/1440/2359
f 1481/1481/2360 1480/1480/2360 1608/1608/2360
f 1481/1481/2361 1608/1608/2361 1607/1607/2361
f 1587/1587/2362 1586/1586/2362 1388/1388/2362
f 1587/1587/2363 1388/1388/2363 1387/1387/2363
f 1531/1531/2364 1530/1530/2364 1459/1459/2364
f 1561/1561/2365 1560/1560/2365 1541/1541/2365
f 1558/1558/2366 1557/1557/2366 1370/1370/2366
f 1558/1558/2367 1370/1370/2367 1367/1367/2367
f 1342/1342/2368 1332/1332/2368 1298/1298/2368
f 1295/1295/2369 1294/1294/2369 1282/1282/2369
f 1268/1268/2370 1267/1267/2370 1262/1262/2370
f 1268/1268/2371 1262/1262/2371 1419/1419/2371
f 1419/1419/2372 1418/1418/2372 1397/1397/2372
f 1419/1419/2373 1397/1397/2373 1395/1395/2373
f 1395/1395/2374 1393/1393/2374 1579/1579/2374
f 1395/1395/2375 1579/1579/2375 1578/1578/2375
f 1395/1395/2376 1578/1578/2376 1577/1577/2376
f 1575/1575/2377 1477/1477/2377 1470/1470/2377
f 1506/1506/2378 1504/1504/2378 1440/1440/2378
f 1506/1506/2379 1440/1440/2379 1439/1439/2379
f 1506/1506/2380 1439/1439/2380 1458/1458/2380
f 1482/1482/2381 1481/1481/2381 1607/1607/2381
f 1482/1482/2382 1607/1607/2382 1606/1606/2382
f 1589/1589/2383 1587/1587/2383 1387/1387/2383
f 1532/1532/2384 1531/1531/2384 1459/1459/2384
f 1526/1526/2385 1561/1561/2385 1541/1541/2385
f 1526/1526/2386 1541/1541/2386 1539/1539/2386
f 1526/1526/2387 1539/1539/2387 1552/1552/2387
f 1545/1545/2388 1558/1558/2388 1367/1367/2388
f 1343/1343/2389 1342/1342/2389 1298/1298/2389
f 1297/1297/2390 1295/1295/2390 1282/1282/2390
f 1419/1419/2391 1395/1395/2391 1577/1577/2391
f 1419/1419/2392 1577/1577/2392 1576/1576/2392
f 1419/1419/2393 1576/1576/2393 1575/1575/2393
f 1419/1419/2394 1575/1575/2394 1470/1470/2394
f 1419/1419/2395 1470/1470/2395 1523/1523/2395
f 1510/1510/2396 1506/1506/2396 1458/1458/2396
f 1510/1510/2397 1458/1458/2397 1457/1457/2397
f 1510/1510/2398 1457/1457/2398 1456/1456/2398
f 1487/1487/2399 1482/1482/2399 1606/1606/2399
f 1487/1487/2400 1606/1606/2400 1603/1603/2400
f 1590/1590/2401 1589/1589/2401 1387/1387/2401
f 1590/1590/2402 1387/1387/2402 1381/1381/2402
f 1538/1538/2403 1532/1532/2403 1459/1459/2403
f 1538/1538/2404 1459/1459/2404 1469/1469/2404
f 1527/1527/2405 1526/1526/2405 1552/1552/2405
f 1546/1546/2406 1545/1545/2406 1367/1367/2406
f 1546/1546/2407 1367/1367/2407 1363/1363/2407
f 1546/1546/2408 1363/1363/2408 1362/1362/2408
f 1268/1268/2409 1419/1419/2409 1523/1523/2409
f 1511/1511/2410 1510/1510/2410 1456/1456/2410
f 1488/1488/2411 1487/1487/2411 1603/1603/2411
f 1591/1591/2412 1590/1590/2412 1381/1381/2412
f 1591/1591/2413 1381/1381/2413 1380/1380/2413
f 1528/1528/2414 1527/1527/2414 1552/1552/2414
f 1528/1528/2415 1552/1552/2415 1551/1551/2415
f 1548/1548/2416 1546/1546/2416 1362/1362/2416
f 1282/1282/2417 1268/1268/2417 1523/1523/2417
f 1282/1282/2418 1523/1523/2418 1517/1517/2418
f 1592/1592/2419 1591/1591/2419 1380/1380/2419
f 1592/1592/2420 1380/1380/2420 1378/1378/2420
f 1550/1550/2421 1548/1548/2421 1362/1362/2421
f 1550/1550/2422 1362/1362/2422 1359/1359/2422
f 1550/1550/2423 1359/1359/2423 1358/1358/2423
f 1297/1297/2424 1282/1282/2424 1517/1517/2424
f 1593/1593/2425 1592/1592/2425 1378/1378/2425
f 1551/1551/2426 1550/1550/2426 1358/1358/2426
f 1298/1298/2427 1297/1297/2427 1517/1517/2427
f 1298/1298/2428 1517/1517/2428 1516/1516/2428
f 1298/1298/2429 1516/1516/2429 1512/1512/2429
f 1594/1594/2430 1593/1593/2430 1378/1378/2430
f 1528/1528/2431 1551/1551/2431 1358/1358/2431
f 1343/1343/2432 1298/1298/2432 1512/1512/2432
f 1343/1343/2433 1512/1512/2433 1511/1511/2433
f 1343/1343/2434 1511/1511/2434 1456/1456/2434
f 1595/1595/2435 1594/1594/2435 1378/1378/2435
f 1595/1595/2436 1378/1378/2436 1571/1571/2436
f 1466/1466/2437 1528/1528/2437 1358/1358/2437
f 1466/1466/2438 1358/1358/2438 1357/1357/2438
f 1466/1466/2439 1357/1357/2439 1356/1356/2439
f 1346/1346/2440 1343/1343/2440 1456/1456/2440
f 1346/1346/2441 1456/1456/2441 1455/1455/2441
f 1346/1346/2442 1455/1455/2442 1454/1454/2442
f 1346/1346/2443 1454/1454/2443 1453/1453/2443
f 1603/1603/2444 1595/1595/2444 1571/1571/2444
f 1603/1603/2445 1571/1571/2445 1570/1570/2445
f 1603/1603/2446 1570/1570/2446 1566/1566/2446
f 1467/1467/2447 1466/1466/2447 1356/1356/2447
f 1467/1467/2448 1356/1356/2448 1355/1355/2448
f 1349/1349/2449 1346/1346/2449 1453/1453/2449
f 1349/1349/2450 1453/1453/2450 1452/1452/2450
f 1349/1349/2451 1452/1452/2451 1451/1451/2451
f 1488/1488/2452 1603/1603/2452 1566/1566/2452
f 1468/1468/2453 1467/1467/2453 1355/1355/2453
f 1468/1468/2454 1355/1355/2454 1352/1352/2454
f 1351/1351/2455 1349/1349/2455 1451/1451/2455
f 1351/1351/2456 1451/1451/2456 1450/1450/2456
f 1351/1351/2457 1450/1450/2457 1449/1449/2457
f 1489/1489/2458 1488/1488/2458 1566/1566/2458
f 1489/1489/2459 1566/1566/2459 1524/1524/2459
f 1352/1352/2460 1351/1351/2460 1449/1449/2460
f 1352/1352/2461 1449/1449/2461 1448/1448/2461
f 1490/1490/2462 1489/1489/2462 1524/1524/2462
f 1490/1490/2463 1524/1524/2463 1538/1538/2463
f 1468/1468/2464 1352/1352/2464 1448/1448/2464
f 1468/1468/2465 1448/1448/2465 1447/1447/2465
f 1491/1491/2466 1490/1490/2466 1538/1538/2466
f 1469/1469/2467 1468/1468/2467 1447/1447/2467
f 1469/1469/2468 1447/1447/2468 1498/1498/2468
f 1498/1498/2469 1491/1491/2469 1538/1538/2469
f 1498/1498/2470 1538/1538/2470 1469/1469/2470
f 1252/1252/2471 1253/1253/2471 893/893/2471
f 893/893/2472 1253/1253/2472 894/894/2472
f 1253/1253/2473 1254/1254/2473 894/894/2473
f 894/894/2474 1254/1254/2474 895/895/2474
f 1254/1254/2475 1255/1255/2475 895/895/2475
f 895/895/2476 1255/1255/2476 896/896/2476
f 1255/1255/2477 1256/1256/2477 896/896/2477
f 896/896/2478 1256/1256/2478 897/897/2478
f 1256/1256/2479 1257/1257/2479 897/897/2479
f 897/897/2480 1257/1257/2480 898/898/2480
f 1257/1257/2481 1258/1258/2481 898/898/2481
f 898/898/2482 1258/1258/2482 899/899/2482
f 1258/1258/2483 1259/1259/2483 899/899/2483
f 899/899/2484 1259/1259/2484 900/900/2484
f 1259/1259/2485 1260/1260/2485 900/900/2485
f 900/900/2486 1260/1260/2486 901/901/2486
f 1260/1260/2487 1261/1261/2487 901/901/2487
f 901/901/2488 1261/1261/2488 902/902/2488
f 1261/1261/2489 1262/1262/2489 902/902/2489
f 902/902/2490 1262/1262/2490 903/903/2490
f 1262/1262/2491 1263/1263/2491 903/903/2491
f 903/903/2492 1263/1263/2492 904/904/2492
f 1263/1263/2493 1264/1264/2493 904/904/2493
f 904/904/2494 1264/1264/2494 905/905/2494
f 1264/1264/2495 1265/1265/2495 905/905/2495
f 905/905/2496 1265/1265/2496 906/906/2496
f 1265/1265/2497 1266/1266/2497 906/906/2497
f 906/906/2498 1266/1266/2498 907/907/2498
f 1266/1266/2499 1267/1267/2499 907/907/2499
f 907/907/2500 1267/1267/2500 908/908/2500
f 1267/1267/2501 1268/1268/2501 908/908/2501
f 908/908/2502 1268/1268/2502 909/909/2502
f 1268/1268/2503 1269/1269/2503 909/909/2503
f 909/909/2504 1269/1269/2504 910/910/2504
f 1269/1269/2505 1270/1270/2505 910/910/2505
f 910/910/2506 1270/1270/2506 911/911/2506
f 1270/1270/2507 1271/1271/2507 911/911/2507
f 911/911/2508 1271/1271/2508 912/912/2508
f 1271/1271/2509 1272/1272/2509 912/912/2509
f 912/912/2510 1272/1272/2510 913/913/2510
f 1272/1272/2511 1273/1273/2511 913/913/2511
f 913/913/2512 1273/1273/2512 914/914/2512
f 1273/1273/2513 1274/1274/2513 914/914/2513
f 914/914/2514 1274/1274/2514 915/915/2514
f 1274/1274/2515 1275/1275/2515 915/915/2515
f 915/915/2516 1275/1275/2516 916/916/2516
f 1275/1275/2517 1276/1276/2517 916/916/2517
f 916/916/2518 1276/1276/2518 917/917/2518
f 1276/1276/2519 1277/1277/2519 917/917/2519
f 917/917/2520 1277/1277/2520 918/918/2520
f 1277/1277/2521 1278/1278/2521 918/918/2521
f 918/918/2522 1278/1278/2522 919/919/2522
f 1278/1278/2523 1279/1279/2523 919/919/2523
f 919/919/2524 1279/1279/2524 920/920/2524
f 1279/1279/2525 1280/1280/2525 920/920/2525
f 920/920/2526 1280/1280/2526 921/921/2526
f 1280/1280/2527 1281/1281/2527 921/921/2527
f 921/921/2528 1281/1281/2528 922/922/2528
f 1281/1281/2529 1282/1282/2529 922/922/2529
f 922/922/2530 1282/1282/2530 923/923/2530
f 1282/1282/2531 1283/1283/2531 923/923/2531
f 923/923/2532 1283/1283/2532 924/924/2532
f 1283/1283/2533 1284/1284/2533 924/924/2533
f 924/924/2534 1284/1284/2534 925/925/2534
f 1284/1284/2535 1285/1285/2535 925/925/2535
f 925/925/2536 1285/1285/2536 926/926/2536
f 1285/1285/2537 1286/1286/2537 926/926/2537
f 926/926/2538 1286/1286/2538 927/927/2538
f 1286/1286/2539 1287/1287/2539 927/927/2539
f 927/927/2540 1287/1287/2540 928/928/2540
f 1287/1287/2541 1288/1288/2541 928/928/2541
f 928/928/2542 1288/1288/2542 929/929/2542
f 1288/1288/2543 1289/1289/2543 929/929/2543
f 929/929/2544 1289/1289/2544 930/930/2544
f 1289/1289/2545 1290/1290/2545 930/930/2545
f 930/930/2546 1290/1290/2546 931/931/2546
f 1290/1290/2547 1291/1291/2547 931/931/2547
f 931/931/2548 1291/1291/2548 932/932/2548
f 1291/1291/2549 1292/1292/2549 932/932/2549
f 932/932/2550 1292/1292/2550 933/933/2550
f 1292/1292/2551 1293/1293/2551 933/933/2551
f 933/933/2552 1293/1293/2552 934/934/2552
f 1293/1293/2553 1294/1294/2553 934/934/2553
f 934/934/2554 1294/1294/2554 935/935/2554
f 1294/1294/2555 1295/1295/2555 935/935/2555
f 935/935/2556 1295/1295/2556 936/936/2556
f 1295/1295/2557 1296/1296/2557 936/936/2557
f 936/936/2558 1296/1296/2558 937/937/2558
f 1296/1296/2559 1297/1297/2559 937/937/2559
f 937/937/2560 1297/1297/2560 938/938/2560
f 1297/1297/2561 1298/1298/2561 938/938/2561
f 938/938/2562 1298/1298/2562 939/939/2562
f 1298/1298/2563 1299/1299/2563 939/939/2563
f 939/939/2564 1299/1299/2564 940/940/2564
f 1299/1299/2565 1300/1300/2565 940/940/2565
f 940/940/2566 1300/1300/2566 941/941/2566
f 1300/1300/2567 1301/1301/2567 941/941/2567
f 941/941/2568 1301/1301/2568 942/942/2568
f 1301/1301/2569 1302/1302/2569 942/942/2569
f 942/942/2570 1302/1302/2570 943/943/2570
f 1302/1302/2571 1303/1303/2571 943/943/2571
f 943/943/2572 1303/1303/2572 944/944/2572
f 1303/1303/2573 1304/1304/2573 944/944/2573
f 944/944/2574 1304/1304/2574 945/945/2574
f 1304/1304/2575 1305/1305/2575 945/945/2575
f 945/945/2576 1305/1305/2576 946/946/2576
f 1305/1305/2577 1306/1306/2577 946/946/2577
f 946/946/2578 1306/1306/2578 947/947/2578
f 1306/1306/2579 1307/1307/2579 947/947/2579
f 947/947/2580 1307/1307/2580 948/948/2580
f 1307/1307/2581 1308/1308/2581 948/948/2581
f 948/948/2582 1308/1308/2582 949/949/2582
f 1308/1308/2583 1309/1309/2583 949/949/2583
f 949/949/2584 1309/1309/2584 950/950/2584
f 1309/1309/2585 1310/1310/2585 950/950/2585
f 950/950/2586 1310/1310/2586 951/951/2586
f 1310/1310/2587 1311/1311/2587 951/951/2587
f 951/951/2588 1311/1311/2588 952/952/2588
f 1311/1311/2589 1312/1312/2589 952/952/2589
f 952/952/2590 1312/1312/2590 953/953/2590
f 1312/1312/2591 1313/1313/2591 953/953/2591
f 953/953/2592 1313/1313/2592 954/954/2592
f 1313/1313/2593 1314/1314/2593 954/954/2593
f 954/954/2594 1314/1314/2594 955/955/2594
f 1314/1314/2595 1315/1315/2595 955/955/2595
f 955/955/2596 1315/1315/2596 956/956/2596
f 1315/1315/2597 1316/1316/2597 956/956/2597
f 956/956/2598 1316/1316/2598 957/957/2598
f 1316/1316/2599 1317/1317/2599 957/957/2599
f 957/957/2600 1317/1317/2600 958/958/2600
f 1317/1317/2601 1318/1318/2601 958/958/2601
f 958/958/2602 1318/1318/2602 959/959/2602
f 1318/1318/2603 1319/1319/2603 959/959/2603
f 959/959/2604 1319/1319/2604 960/960/2604
f 1319/1319/2605 1320/1320/2605 960/960/2605
f 960/960/2606 1320/1320/2606 961/961/2606
f 1320/1320/2607 1321/1321/2607 961/961/2607
f 961/961/2608 1321/1321/2608 962/962/2608
f 1321/1321/2609 1322/1322/2609 962/962/2609
f 962/962/2610 1322/1322/2610 963/963/2610
f 1322/1322/2611 1323/1323/2611 963/963/2611
f 963/963/2612 1323/1323/2612 964/964/2612
f 1323/1323/2613 1324/1324/2613 964/964/2613
f 964/964/2614 1324/1324/2614 965/965/2614
f 1324/1324/2615 1325/1325/2615 965/965/2615
f 965/965/2616 1325/1325/2616 966/966/2616
f 1325/1325/2617 1326/1326/2617 966/966/2617
f 966/966/2618 1326/1326/2618 967/967/2618
f 1326/1326/2619 1327/1327/2619 967/967/2619
f 967/967/2620 1327/1327/2620 968/968/2620
f 1327/1327/2621 1328/1328/2621 968/968/2621
f 968/968/2622 1328/1328/2622 969/969/2622
f 1328/1328/2623 1329/1329/2623 969/969/2623
f 969/969/2624 1329/1329/2624 970/970/2624
f 1329/1329/2625 1330/1330/2625 970/970/2625
f 970/970/2626 1330/1330/2626 971/971/2626
f 1330/1330/2627 1331/1331/2627 971/971/2627
f 971/971/2628 1331/1331/2628 972/972/2628
f 1331/1331/2629 1332/1332/2629 972/972/2629
f 972/972/2630 1332/1332/2630 973/973/2630
f 1332/1332/2631 1333/1333/2631 973/973/2631
f 973/973/2632 1333/1333/2632 974/974/2632
f 1333/1333/2633 1334/1334/2633 974/974/2633
f 974/974/2634 1334/1334/2634 975/975/2634
f 1334/1334/2635 1335/1335/2635 975/975/2635
f 975/975/2636 1335/1335/2636 976/976/2636
f 1335/1335/2637 1336/1336/2637 976/976/2637
f 976/976/2638 1336/1336/2638 977/977/2638
f 1336/1336/2639 1337/1337/2639 977/977/2639
f 977/977/2640 1337/1337/2640 978/978/2640
f 1337/1337/2641 1338/1338/2641 978/978/2641
f 978/978/2642 1338/1338/2642 979/979/2642
f 1338/1338/2643 1339/1339/2643 979/979/2643
f 979/979/2644 1339/1339/2644 980/980/2644
f 1339/1339/2645 1340/1340/2645 980/980/2645
f 980/980/2646 1340/1340/2646 981/981/2646
f 1340/1340/2647 1341/1341/2647 981/981/2647
f 981/981/2648 1341/1341/2648 982/982/2648
f 1341/1341/2649 1342/1342/2649 982/982/2649
f 982/982/2650 1342/1342/2650 983/983/2650
f 1342/1342/2651 1343/1343/2651 983/983/2651
f 983/983/2652 1343/1343/2652 984/984/2652
f 1343/1343/2653 1344/1344/2653 984/984/2653
f 984/984/2654 1344/1344/2654 985/985/2654
f 1344/1344/2655 1345/1345/2655 985/985/2655
f 985/985/2656 1345/1345/2656 986/986/2656
f 1345/1345/2657 1346/1346/2657 986/986/2657
f 986/986/2658 1346/1346/2658 987/987/2658
f 1346/1346/2659 1347/1347/2659 987/987/2659
f 987/987/2660 1347/1347/2660 988/988/2660
f 1347/1347/2661 1348/1348/2661 988/988/2661
f 988/988/2662 1348/1348/2662 989/989/2662
f 1348/1348/2663 1349/1349/2663 989/989/2663
f 989/989/2664 1349/1349/2664 990/990/2664
f 1349/1349/2665 1350/1350/2665 990/990/2665
f 990/990/2666 1350/1350/2666 991/991/2666
f 1350/1350/2667 1351/1351/2667 991/991/2667
f 991/991/2668 1351/1351/2668 992/992/2668
f 1351/1351/2669 1352/1352/2669 992/992/2669
f 992/992/2670 1352/1352/2670 993/993/2670
f 1352/1352/2671 1353/1353/2671 993/993/2671
f 993/993/2672 1353/1353/2672 994/994/2672
f 1353/1353/2673 1354/1354/2673 994/994/2673
f 994/994/2674 1354/1354/2674 995/995/2674
f 1354/1354/2675 1355/1355/2675 995/995/2675
f 995/995/2676 1355/1355/2676 996/996/2676
f 1355/1355/2677 1356/1356/2677 996/996/2677
f 996/996/2678 1356/1356/2678 997/997/2678
f 1356/1356/2679 1357/1357/2679 997/997/2679
f 997/997/2680 1357/1357/2680 998/998/2680
f 1357/1357/2681 1358/1358/2681 998/998/2681
f 998/998/2682 1358/1358/2682 999/999/2682
f 1358/1358/2683 1359/1359/2683 999/999/2683
f 999/999/2684 1359/1359/2684 1000/1000/2684
f 1359/1359/2685 1360/1360/2685 1000/1000/2685
f 1000/1000/2686 1360/1360/2686 1001/1001/2686
f 1360/1360/2687 1361/1361/2687 1001/1001/2687
f 1001/1001/2688 1361/1361/2688 1002/1002/2688
f 1361/1361/2689 1362/1362/2689 1002/1002/2689
f 1002/1002/2690 1362/1362/2690 1003/1003/2690
f 1362/1362/2691 1363/1363/2691 1003/1003/2691
f 1003/1003/2692 1363/1363/2692 1004/1004/2692
f 1363/1363/2693 1364/1364/2693 1004/1004/2693
f 1004/1004/2694 1364/1364/2694 1005/1005/2694
f 1364/1364/2695 1365/1365/2695 1005/1005/2695
f 1005/1005/2696 1365/1365/2696 1006/1006/2696
f 1365/1365/2697 1366/1366/2697 1006/1006/2697
f 1006/1006/2698 1366/1366/2698 1007/1007/2698
f 1366/1366/2699 1367/1367/2699 1007/1007/2699
f 1007/1007/2700 1367/1367/2700 1008/1008/2700
f 1367/1367/2701 1368/1368/2701 1008/1008/2701
f 1008/1008/2702 1368/1368/2702 1009/1009/2702
f 1368/1368/2703 1369/1369/2703 1009/1009/2703
f 1009/1009/2704 1369/1369/2704 1010/1010/2704
f 1369/1369/2705 1370/1370/2705 1010/1010/2705
f 1010/1010/2706 1370/1370/2706 1011/1011/2706
f 1370/1370/2707 1371/1371/2707 1011/1011/2707
f 1011/1011/2708 1371/1371/2708 1012/1012/2708
f 1371/1371/2709 1372/1372/2709 1012/1012/2709
f 1012/1012/2710 1372/1372/2710 1013/1013/2710
f 1372/1372/2711 1373/1373/2711 1013/1013/2711
f 1013/1013/2712 1373/1373/2712 1014/1014/2712
f 1373/1373/2713 1374/1374/2713 1014/1014/2713
f 1014/1014/2714 1374/1374/2714 1015/1015/2714
f 1374/1374/2715 1375/1375/2715 1015/1015/2715
f 1015/1015/2716 1375/1375/2716 1016/1016/2716
f 1375/1375/2717 1376/1376/2717 1016/1016/2717
f 1016/1016/2718 1376/1376/2718 1017/1017/2718
f 1376/1376/2719 1377/1377/2719 1017/1017/2719
f 1017/1017/2720 1377/1377/2720 1018/1018/2720
f 1377/1377/2721 1378/1378/2721 1018/1018/2721
f 1018/1018/2722 1378/1378/2722 1019/1019/2722
f 1378/1378/2723 1379/1379/2723 1019/1019/2723
f 1019/1019/2724 1379/1379/2724 1020/1020/2724
f 1379/1379/2725 1380/1380/2725 1020/1020/2725
f 1020/1020/2726 1380/1380/2726 1021/1021/2726
f 1380/1380/2727 1381/1381/2727 1021/1021/2727
f 1021/1021/2728 1381/1381/2728 1022/1022/2728
f 1381/1381/2729 1382/1382/2729 1022/1022/2729
f 1022/1022/2730 1382/1382/2730 1023/1023/2730
f 1382/1382/2731 1383/1383/2731 1023/1023/2731
f 1023/1023/2732 1383/1383/2732 1024/1024/2732
f 1383/1383/2733 1384/1384/2733 1024/1024/2733
f 1024/1024/2734 1384/1384/2734 1025/1025/2734
f 1384/1384/2735 1385/1385/2735 1025/1025/2735
f 1025/1025/2736 1385/1385/2736 1026/1026/2736
f 1385/1385/2737 1386/1386/2737 1026/1026/2737
f 1026/1026/2738 1386/1386/2738 1027/1027/2738
f 1386/1386/2739 1387/1387/2739 1027/1027/2739
f 1027/1027/2740 1387/1387/2740 1028/1028/2740
f 1387/1387/2741 1388/1388/2741 1028/1028/2741
f 1028/1028/2742 1388/1388/2742 1029/1029/2742
f 1388/1388/2743 1389/1389/2743 1029/1029/2743
f 1029/1029/2744 1389/1389/2744 1030/1030/2744
f 1389/1389/2745 1390/1390/2745 1030/1030/2745
f 1030/1030/2746 1390/1390/2746 1031/1031/2746
f 1390/1390/2747 1391/1391/2747 1031/1031/2747
f 1031/1031/2748 1391/1391/2748 1032/1032/2748
f 1391/1391/2749 1392/1392/2749 1032/1032/2749
f 1032/1032/2750 1392/1392/2750 1033/1033/2750
f 1392/1392/2751 1393/1393/2751 1033/1033/2751
f 1033/1033/2752 1393/1393/2752 1034/1034/2752
f 1393/1393/2753 1394/1394/2753 1034/1034/2753
f 1034/1034/2754 1394/1394/2754 1035/1035/2754
f 1394/1394/2755 1395/1395/2755 1035/1035/2755
f 1035/1035/2756 1395/1395/2756 1036/1036/2756
f 1395/1395/2757 1396/1396/2757 1036/1036/2757
f 1036/1036/2758 1396/1396/2758 1037/1037/2758
f 1396/1396/2759 1397/1397/2759 1037/1037/2759
f 1037/1037/2760 1397/1397/2760 1038/1038/2760
f 1397/1397/2761 1398/1398/2761 1038/1038/2761
f 1038/1038/2762 1398/1398/2762 1039/1039/2762
f 1398/1398/2763 1399/1399/2763 1039/1039/2763
f 1039/1039/2764 1399/1399/2764 1040/1040/2764
f 1399/1399/2765 1400/1400/2765 1040/1040/2765
f 1040/1040/2766 1400/1400/2766 1041/1041/2766
f 1400/1400/2767 1401/1401/2767 1041/1041/2767
f 1041/1041/2768 1401/1401/2768 1042/1042/2768
f 1401/1401/2769 1402/1402/2769 1042/1042/2769
f 1042/1042/2770 1402/1402/2770 1043/1043/2770
f 1402/1402/2771 1403/1403/2771 1043/1043/2771
f 1043/1043/2772 1403/1403/2772 1044/1044/2772
f 1403/1403/2773 1404/1404/2773 1044/1044/2773
f 1044/1044/2774 1404/1404/2774 1045/1045/2774
f 1404/1404/2775 1405/1405/2775 1045/1045/2775
f 1045/1045/2776 1405/1405/2776 1046/1046/2776
f 1405/1405/2777 1406/1406/2777 1046/1046/2777
f 1046/1046/2778 1406/1406/2778 1047/1047/2778
f 1406/1406/2779 1407/1407/2779 1047/1047/2779
f 1047/1047/2780 1407/1407/2780 1048/1048/2780
f 1407/1407/2781 1408/1408/2781 1048/1048/2781
f 1048/1048/2782 1408/1408/2782 1049/1049/2782
f 1408/1408/2783 1409/1409/2783 1049/1049/2783
f 1049/1049/2784 1409/1409/2784 1050/1050/2784
f 1409/1409/2785 1410/1410/2785 1050/1050/2785
f 1050/1050/2786 1410/1410/2786 1051/1051/2786
f 1410/1410/2787 1411/1411/2787 1051/1051/2787
f 1051/1051/2788 1411/1411/2788 1052/1052/2788
f 1411/1411/2789 1412/1412/2789 1052/1052/2789
f 1052/1052/2790 1412/1412/2790 1053/1053/2790
f 1412/1412/2791 1413/1413/2791 1053/1053/2791
f 1053/1053/2792 1413/1413/2792 1054/1054/2792
f 1413/1413/2793 1414/1414/2793 1054/1054/2793
f 1054/1054/2794 1414/1414/2794 1055/1055/2794
f 1414/1414/2795 1415/1415/2795 1055/1055/2795
f 1055/1055/2796 1415/1415/2796 1056/1056/2796
f 1415/1415/2797 1416/1416/2797 1056/1056/2797
f 1056/1056/2798 1416/1416/2798 1057/1057/2798
f 1416/1416/2799 1417/1417/2799 1057/1057/2799
f 1057/1057/2800 1417/1417/2800 1058/1058/2800
f 1417/1417/2801 1418/1418/2801 1058/1058/2801
f 1058/1058/2802 1418/1418/2802 1059/1059/2802
f 1418/1418/2803 1419/1419/2803 1059/1059/2803
f 1059/1059/2804 1419/1419/2804 1060/1060/2804
f 1419/1419/2805 1420/1420/2805 1060/1060/2805
f 1060/1060/2806 1420/1420/2806 1061/1061/2806
f 1420/1420/2807 1421/1421/2807 1061/1061/2807
f 1061/1061/2808 1421/1421/2808 1062/1062/2808
f 1421/1421/2809 1422/1422/2809 1062/1062/2809
f 1062/1062/2810 1422/1422/2810 1063/1063/2810
f 1422/1422/2811 1423/1423/2811 1063/1063/2811
f 1063/1063/2812 1423/1423/2812 1064/1064/2812
f 1423/1423/2813 1424/1424/2813 1064/1064/2813
f 1064/1064/2814 1424/1424/2814 1065/1065/2814
f 1424/1424/2815 1425/1425/2815 1065/1065/2815
f 1065/1065/2816 1425/1425/2816 1066/1066/2816
f 1425/1425/2817 1426/1426/2817 1066/1066/2817
f 1066/1066/2818 1426/1426/2818 1067/1067/2818
f 1426/1426/2819 1427/1427/2819 1067/1067/2819
f 1067/1067/2820 1427/1427/2820 1068/1068/2820
f 1427/1427/2821 1428/1428/2821 1068/1068/2821
f 1068/1068/2822 1428/1428/2822 1069/1069/2822
f 1428/1428/2823 1429/1429/2823 1069/1069/2823
f 1069/1069/2824 1429/1429/2824 1070/1070/2824
f 1429/1429/2825 1430/1430/2825 1070/1070/2825
f 1070/1070/2826 1430/1430/2826 1071/1071/2826
f 1430/1430/2827 1431/1431/2827 1071/1071/2827
f 1071/1071/2828 1431/1431/2828 1072/1072/2828
f 1431/1431/2829 1432/1432/2829 1072/1072/2829
f 1072/1072/2830 1432/1432/2830 1073/1073/2830
f 1432/1432/2831 1433/1433/2831 1073/1073/2831
f 1073/1073/2832 1433/1433/2832 1074/1074/2832
f 1433/1433/2833 1434/1434/2833 1074/1074/2833
f 1074/1074/2834 1434/1434/2834 1075/1075/2834
f 1434/1434/2835 1435/1435/2835 1075/1075/2835
f 1075/1075/2836 1435/1435/2836 1076/1076/2836
f 1435/1435/2837 1436/1436/2837 1076/1076/2837
f 1076/1076/2838 1436/1436/2838 1077/1077/2838
f 1436/1436/2839 1437/1437/2839 1077/1077/2839
f 1077/1077/2840 1437/1437/2840 1078/1078/2840
f 1438/1438/2841 1252/1252/2841 1079/1079/2841
f 1079/1079/2842 1252/1252/2842 893/893/2842
f 1437/1437/2843 1438/1438/2843 1078/1078/2843
f 1078/1078/2844 1438/1438/2844 1079/1079/2844
f 1439/1439/2845 1440/1440/2845 1080/1080/2845
f 1080/1080/2846 1440/1440/2846 1081/1081/2846
f 1440/1440/2847 1441/1441/2847 1081/1081/2847
f 1081/1081/2848 1441/1441/2848 1082/1082/2848
f 1441/1441/2849 1442/1442/2849 1082/1082/2849
f 1082/1082/2850 1442/1442/2850 1083/1083/2850
f 1442/1442/2851 1443/1443/2851 1083/1083/2851
f 1083/1083/2852 1443/1443/2852 1084/1084/2852
f 1443/1443/2853 1444/1444/2853 1084/1084/2853
f 1084/1084/2854 1444/1444/2854 1085/1085/2854
f 1444/1444/2855 1445/1445/2855 1085/1085/2855
f 1085/1085/2856 1445/1445/2856 1086/1086/2856
f 1445/1445/2857 1446/1446/2857 1086/1086/2857
f 1086/1086/2858 1446/1446/2858 1087/1087/2858
f 1446/1446/2859 1447/1447/2859 1087/1087/2859
f 1087/1087/2860 1447/1447/2860 1088/1088/2860
f 1447/1447/2861 1448/1448/2861 1088/1088/2861
f 1088/1088/2862 1448/1448/2862 1089/1089/2862
f 1448/1448/2863 1449/1449/2863 1089/1089/2863
f 1089/1089/2864 1449/1449/2864 1090/1090/2864
f 1449/1449/2865 1450/1450/2865 1090/1090/2865
f 1090/1090/2866 1450/1450/2866 1091/1091/2866
f 1450/1450/2867 1451/1451/2867 1091/1091/2867
f 1091/1091/2868 1451/1451/2868 1092/1092/2868
f 1451/1451/2869 1452/1452/2869 1092/1092/2869
f 1092/1092/2870 1452/1452/2870 1093/1093/2870
f 1452/1452/2871 1453/1453/2871 1093/1093/2871
f 1093/1093/2872 1453/1453/2872 1094/1094/2872
f 1453/1453/2873 1454/1454/2873 1094/1094/2873
f 1094/1094/2874 1454/1454/2874 1095/1095/2874
f 1454/1454/2875 1455/1455/2875 1095/1095/2875
f 1095/1095/2876 1455/1455/2876 1096/1096/2876
f 1455/1455/2877 1456/1456/2877 1096/1096/2877
f 1096/1096/2878 1456/1456/2878 1097/1097/2878
f 1456/1456/2879 1457/1457/2879 1097/1097/2879
f 1097/1097/2880 1457/1457/2880 1098/1098/2880
f 1458/1458/2881 1439/1439/2881 1099/1099/2881
f 1099/1099/2882 1439/1439/2882 1080/1080/2882
f 1457/1457/2883 1458/1458/2883 1098/1098/2883
f 1098/1098/2884 1458/1458/2884 1099/1099/2884
f 1459/1459/2885 1460/1460/2885 1100/1100/2885
f 1100/1100/2886 1460/1460/2886 1101/1101/2886
f 1460/1460/2887 1461/1461/2887 1101/1101/2887
f 1101/1101/2888 1461/1461/2888 1102/1102/2888
f 1461/1461/2889 1462/1462/2889 1102/1102/2889
f 1102/1102/2890 1462/1462/2890 1103/1103/2890
f 1462/1462/2891 1463/1463/2891 1103/1103/2891
f 1103/1103/2892 1463/1463/2892 1104/1104/2892
f 1463/1463/2893 1464/1464/2893 1104/1104/2893
f 1104/1104/2894 1464/1464/2894 1105/1105/2894
f 1464/1464/2895 1465/1465/2895 1105/1105/2895
f 1105/1105/2896 1465/1465/2896 1106/1106/2896
f 1465/1465/2897 1466/1466/2897 1106/1106/2897
f 1106/1106/2898 1466/1466/2898 1107/1107/2898
f 1466/1466/2899 1467/1467/2899 1107/1107/2899
f 1107/1107/2900 1467/1467/2900 1108/1108/2900
f 1467/1467/2901 1468/1468/2901 1108/1108/2901
f 1108/1108/2902 1468/1468/2902 1109/1109/2902
f 1469/1469/2903 1459/1459/2903 1110/1110/2903
f 1110/1110/2904 1459/1459/2904 1100/1100/2904
f 1468/1468/2905 1469/1469/2905 1109/1109/2905
f 1109/1109/2906 1469/1469/2906 1110/1110/2906
f 1470/1470/2907 1471/1471/2907 1111/1111/2907
f 1111/1111/2908 1471/1471/2908 1112/1112/2908
f 1471/1471/2909 1472/1472/2909 1112/1112/2909
f 1112/1112/2910 1472/1472/2910 1113/1113/2910
f 1472/1472/2911 1473/1473/2911 1113/1113/2911
f 1113/1113/2912 1473/1473/2912 1114/1114/2912
f 1473/1473/2913 1474/1474/2913 1114/1114/2913
f 1114/1114/2914 1474/1474/2914 1115/1115/2914
f 1474/1474/2915 1475/1475/2915 1115/1115/2915
f 1115/1115/2916 1475/1475/2916 1116/1116/2916
f 1475/1475/2917 1476/1476/2917 1116/1116/2917
f 1116/1116/2918 1476/1476/2918 1117/1117/2918
f 1476/1476/2919 1477/1477/2919 1117/1117/2919
f 1117/1117/2920 1477/1477/2920 1118/1118/2920
f 1477/1477/2921 1478/1478/2921 1118/1118/2921
f 1118/1118/2922 1478/1478/2922 1119/1119/2922
f 1478/1478/2923 1479/1479/2923 1119/1119/2923
f 1119/1119/2924 1479/1479/2924 1120/1120/2924
f 1479/1479/2925 1480/1480/2925 1120/1120/2925
f 1120/1120/2926 1480/1480/2926 1121/1121/2926
f 1480/1480/2927 1481/1481/2927 1121/1121/2927
f 1121/1121/2928 1481/1481/2928 1122/1122/2928
f 1481/1481/2929 1482/1482/2929 1122/1122/2929
f 1122/1122/2930 1482/1482/2930 1123/1123/2930
f 1482/1482/2931 1483/1483/2931 1123/1123/2931
f 1123/1123/2932 1483/1483/2932 1124/1124/2932
f 1483/1483/2933 1484/1484/2933 1124/1124/2933
f 1124/1124/2934 1484/1484/2934 1125/1125/2934
f 1484/1484/2935 1485/1485/2935 1125/1125/2935
f 1125/1125/2936 1485/1485/2936 1126/1126/2936
f 1485/1485/2937 1486/1486/2937 1126/1126/2937
f 1126/1126/2938 1486/1486/2938 1127/1127/2938
f 1486/1486/2939 1487/1487/2939 1127/1127/2939
f 1127/1127/2940 1487/1487/2940 1128/1128/2940
f 1487/1487/2941 1488/1488/2941 1128/1128/2941
f 1128/1128/2942 1488/1488/2942 1129/1129/2942
f 1488/1488/2943 1489/1489/2943 1129/1129/2943
f 1129/1129/2944 1489/1489/2944 1130/1130/2944
f 1489/1489/2945 1490/1490/2945 1130/1130/2945
f 1130/1130/2946 1490/1490/2946 1131/1131/2946
f 1490/1490/2947 1491/1491/2947 1131/1131/2947
f 1131/1131/2948 1491/1491/2948 1132/1132/2948
f 1491/1491/2949 1492/1492/2949 1132/1132/2949
f 1132/1132/2950 1492/1492/2950 1133/1133/2950
f 1492/1492/2951 1493/1493/2951 1133/1133/2951
f 1133/1133/2952 1493/1493/2952 1134/1134/2952
f 1493/1493/2953 1494/1494/2953 1134/1134/2953
f 1134/1134/2954 1494/1494/2954 1135/1135/2954
f 1494/1494/2955 1495/1495/2955 1135/1135/2955
f 1135/1135/2956 1495/1495/2956 1136/1136/2956
f 1495/1495/2957 1496/1496/2957 1136/1136/2957
f 1136/1136/2958 1496/1496/2958 1137/1137/2958
f 1496/1496/2959 1497/1497/2959 1137/1137/2959
f 1137/1137/2960 1497/1497/2960 1138/1138/2960
f 1497/1497/2961 1498/1498/2961 1138/1138/2961
f 1138/1138/2962 1498/1498/2962 1139/1139/2962
f 1498/1498/2963 1499/1499/2963 1139/1139/2963
f 1139/1139/2964 1499/1499/2964 1140/1140/2964
f 1499/1499/2965 1500/1500/2965 1140/1140/2965
f 1140/1140/2966 1500/1500/2966 1141/1141/2966
f 1500/1500/2967 1501/1501/2967 1141/1141/2967
f 1141/1141/2968 1501/1501/2968 1142/1142/2968
f 1501/1501/2969 1502/1502/2969 1142/1142/2969
f 1142/1142/2970 1502/1502/2970 1143/1143/2970
f 1502/1502/2971 1503/1503/2971 1143/1143/2971
f 1143/1143/2972 1503/1503/2972 1144/1144/2972
f 1503/1503/2973 1504/1504/2973 1144/1144/2973
f 1144/1144/2974 1504/1504/2974 1145/1145/2974
f 1504/1504/2975 1505/1505/2975 1145/1145/2975
f 1145/1145/2976 1505/1505/2976 1146/1146/2976
f 1505/1505/2977 1506/1506/2977 1146/1146/2977
f 1146/1146/2978 1506/1506/2978 1147/1147/2978
f 1506/1506/2979 1507/1507/2979 1147/1147/2979
f 1147/1147/2980 1507/1507/2980 1148/1148/2980
f 1507/1507/2981 1508/1508/2981 1148/1148/2981
f 1148/1148/2982 1508/1508/2982 1149/1149/2982
f 1508/1508/2983 1509/1509/2983 1149/1149/2983
f 1149/1149/2984 1509/1509/2984 1150/1150/2984
f 1509/1509/2985 1510/1510/2985 1150/1150/2985
f 1150/1150/2986 1510/1510/2986 1151/1151/2986
f 1510/1510/2987 1511/1511/2987 1151/1151/2987
f 1151/1151/2988 1511/1511/2988 1152/1152/2988
f 1511/1511/2989 1512/1512/2989 1152/1152/2989
f 1152/1152/2990 1512/1512/2990 1153/1153/2990
f 1512/1512/2991 1513/1513/2991 1153/1153/2991
f 1153/1153/2992 1513/1513/2992 1154/1154/2992
f 1513/1513/2993 1514/1514/2993 1154/1154/2993
f 1154/1154/2994 1514/1514/2994 1155/1155/2994
f 1514/1514/2995 1515/1515/2995 1155/1155/2995
f 1155/1155/2996 1515/1515/2996 1156/1156/2996
f 1515/1515/2997 1516/1516/2997 1156/1156/2997
f 1156/1156/2998 1516/1516/2998 1157/1157/2998
f 1516/1516/2999 1517/1517/2999 1157/1157/2999
f 1157/1157/3000 1517/1517/3000 1158/1158/3000
f 1517/1517/3001 1518/1518/3001 1158/1158/3001
f 1158/1158/3002 1518/1518/3002 1159/1159/3002
f 1518/1518/3003 1519/1519/3003 1159/1159/3003
f 1159/1159/3004 1519/1519/3004 1160/1160/3004
f 1519/1519/3005 1520/1520/3005 1160/1160/3005
f 1160/1160/3006 1520/1520/3006 1161/1161/3006
f 1520/1520/3007 1521/1521/3007 1161/1161/3007
f 1161/1161/3008 1521/1521/3008 1162/1162/3008
f 1521/1521/3009 1522/1522/3009 1162/1162/3009
f 1162/1162/3010 1522/1522/3010 1163/1163/3010
f 1523/1523/3011 1470/1470/3011 1164/1164/3011
f 1164/1164/3012 1470/1470/3012 1111/1111/3012
f 1522/1522/3013 1523/1523/3013 1163/1163/3013
f 1163/1163/3014 1523/1523/3014 1164/1164/3014
f 1524/1524/3015 1525/1525/3015 1165/1165/3015
f 1165/1165/3016 1525/1525/3016 1166/1166/3016
f 1525/1525/3017 1526/1526/3017 1166/1166/3017
f 1166/1166/3018 1526/1526/3018 1167/1167/3018
f 1526/1526/3019 1527/1527/3019 1167/1167/3019
f 1167/1167/3020 1527/1527/3020 1168/1168/3020
f 1527/1527/3021 1528/1528/3021 1168/1168/3021
f 1168/1168/3022 1528/1528/3022 1169/1169/3022
f 1528/1528/3023 1529/1529/3023 1169/1169/3023
f 1169/1169/3024 1529/1529/3024 1170/1170/3024
f 1529/1529/3025 1530/1530/3025 1170/1170/3025
f 1170/1170/3026 1530/1530/3026 1171/1171/3026
f 1530/1530/3027 1531/1531/3027 1171/1171/3027
f 1171/1171/3028 1531/1531/3028 1172/1172/3028
f 1531/1531/3029 1532/1532/3029 1172/1172/3029
f 1172/1172/3030 1532/1532/3030 1173/1173/3030
f 1532/1532/3031 1533/1533/3031 1173/1173/3031
f 1173/1173/3032 1533/1533/3032 1174/1174/3032
f 1533/1533/3033 1534/1534/3033 1174/1174/3033
f 1174/1174/3034 1534/1534/3034 1175/1175/3034
f 1534/1534/3035 1535/1535/3035 1175/1175/3035
f 1175/1175/3036 1535/1535/3036 1176/1176/3036
f 1535/1535/3037 1536/1536/3037 1176/1176/3037
f 1176/1176/3038 1536/1536/3038 1177/1177/3038
f 1536/1536/3039 1537/1537/3039 1177/1177/3039
f 1177/1177/3040 1537/1537/3040 1178/1178/3040
f 1538/1538/3041 1524/1524/3041 1179/1179/3041
f 1179/1179/3042 1524/1524/3042 1165/1165/3042
f 1537/1537/3043 1538/1538/3043 1178/1178/3043
f 1178/1178/3044 1538/1538/3044 1179/1179/3044
f 1539/1539/3045 1540/1540/3045 1180/1180/3045
f 1180/1180/3046 1540/1540/3046 1181/1181/3046
f 1540/1540/3047 1541/1541/3047 1181/1181/3047
f 1181/1181/3048 1541/1541/3048 1182/1182/3048
f 1541/1541/3049 1542/1542/3049 1182/1182/3049
f 1182/1182/3050 1542/1542/3050 1183/1183/3050
f 1542/1542/3051 1543/1543/3051 1183/1183/3051
f 1183/1183/3052 1543/1543/3052 1184/1184/3052
f 1543/1543/3053 1544/1544/3053 1184/1184/3053
f 1184/1184/3054 1544/1544/3054 1185/1185/3054
f 1544/1544/3055 1545/1545/3055 1185/1185/3055
f 1185/1185/3056 1545/1545/3056 1186/1186/3056
f 1545/1545/3057 1546/1546/3057 1186/1186/3057
f 1186/1186/3058 1546/1546/3058 1187/1187/3058
f 1546/1546/3059 1547/1547/3059 1187/1187/3059
f 1187/1187/3060 1547/1547/3060 1188/1188/3060
f 1547/1547/3061 1548/1548/3061 1188/1188/3061
f 1188/1188/3062 1548/1548/3062 1189/1189/3062
f 1548/1548/3063 1549/1549/3063 1189/1189/3063
f 1189/1189/3064 1549/1549/3064 1190/1190/3064
f 1549/1549/3065 1550/1550/3065 1190/1190/3065
f 1190/1190/3066 1550/1550/3066 1191/1191/3066
f 1550/1550/3067 1551/1551/3067 1191/1191/3067
f 1191/1191/3068 1551/1551/3068 1192/1192/3068
f 1552/1552/3069 1539/1539/3069 1193/1193/3069
f 1193/1193/3070 1539/1539/3070 1180/1180/3070
f 1551/1551/3071 1552/1552/3071 1192/1192/3071
f 1192/1192/3072 1552/1552/3072 1193/1193/3072
f 1553/1553/3073 1554/1554/3073 1194/1194/3073
f 1194/1194/3074 1554/1554/3074 1195/1195/3074
f 1554/1554/3075 1555/1555/3075 1195/1195/3075
f 1195/1195/3076 1555/1555/3076 1196/1196/3076
f 1555/1555/3077 1556/1556/3077 1196/1196/3077
f 1196/1196/3078 1556/1556/3078 1197/1197/3078
f 1556/1556/3079 1557/1557/3079 1197/1197/3079
f 1197/1197/3080 1557/1557/3080 1198/1198/3080
f 1557/1557/3081 1558/1558/3081 1198/1198/3081
f 1198/1198/3082 1558/1558/3082 1199/1199/3082
f 1558/1558/3083 1559/1559/3083 1199/1199/3083
f 1199/1199/3084 1559/1559/3084 1200/1200/3084
f 1559/1559/3085 1560/1560/3085 1200/1200/3085
f 1200/1200/3086 1560/1560/3086 1201/1201/3086
f 1560/1560/3087 1561/1561/3087 1201/1201/3087
f 1201/1201/3088 1561/1561/3088 1202/1202/3088
f 1561/1561/3089 1562/1562/3089 1202/1202/3089
f 1202/1202/3090 1562/1562/3090 1203/1203/3090
f 1562/1562/3091 1563/1563/3091 1203/1203/3091
f 1203/1203/3092 1563/1563/3092 1204/1204/3092
f 1563/1563/3093 1564/1564/3093 1204/1204/3093
f 1204/1204/3094 1564/1564/3094 1205/1205/3094
f 1564/1564/3095 1565/1565/3095 1205/1205/3095
f 1205/1205/3096 1565/1565/3096 1206/1206/3096
f 1565/1565/3097 1566/1566/3097 1206/1206/3097
f 1206/1206/3098 1566/1566/3098 1207/1207/3098
f 1566/1566/3099 1567/1567/3099 1207/1207/3099
f 1207/1207/3100 1567/1567/3100 1208/1208/3100
f 1567/1567/3101 1568/1568/3101 1208/1208/3101
f 1208/1208/3102 1568/1568/3102 1209/1209/3102
f 1568/1568/3103 1569/1569/3103 1209/1209/3103
f 1209/1209/3104 1569/1569/3104 1210/1210/3104
f 1569/1569/3105 1570/1570/3105 1210/1210/3105
f 1210/1210/3106 1570/1570/3106 1211/1211/3106
f 1570/1570/3107 1571/1571/3107 1211/1211/3107
f 1211/1211/3108 1571/1571/3108 1212/1212/3108
f 1572/1572/3109 1553/1553/3109 1213/1213/3109
f 1213/1213/3110 1553/1553/3110 1194/1194/3110
f 1571/1571/3111 1572/1572/3111 1212/1212/3111
f 1212/1212/3112 1572/1572/3112 1213/1213/3112
f 1573/1573/3113 1574/1574/3113 1214/1214/3113
f 1214/1214/3114 1574/1574/3114 1215/1215/3114
f 1574/1574/3115 1575/1575/3115 1215/1215/3115
f 1215/1215/3116 1575/1575/3116 1216/1216/3116
f 1575/1575/3117 1576/1576/3117 1216/1216/3117
f 1216/1216/3118 1576/1576/3118 1217/1217/3118
f 1576/1576/3119 1577/1577/3119 1217/1217/3119
f 1217/1217/3120 1577/1577/3120 1218/1218/3120
f 1577/1577/3121 1578/1578/3121 1218/1218/3121
f 1218/1218/3122 1578/1578/3122 1219/1219/3122
f 1578/1578/3123 1579/1579/3123 1219/1219/3123
f 1219/1219/3124 1579/1579/3124 1220/1220/3124
f 1579/1579/3125 1580/1580/3125 1220/1220/3125
f 1220/1220/3126 1580/1580/3126 1221/1221/3126
f 1580/1580/3127 1581/1581/3127 1221/1221/3127
f 1221/1221/3128 1581/1581/3128 1222/1222/3128
f 1581/1581/3129 1582/1582/3129 1222/1222/3129
f 1222/1222/3130 1582/1582/3130 1223/1223/3130
f 1582/1582/3131 1583/1583/3131 1223/1223/3131
f 1223/1223/3132 1583/1583/3132 1224/1224/3132
f 1583/1583/3133 1584/1584/3133 1224/1224/3133
f 1224/1224/3134 1584/1584/3134 1225/1225/3134
f 1584/1584/3135 1585/1585/3135 1225/1225/3135
f 1225/1225/3136 1585/1585/3136 1226/1226/3136
f 1585/1585/3137 1586/1586/3137 1226/1226/3137
f 1226/1226/3138 1586/1586/3138 1227/1227/3138
f 1586/1586/3139 1587/1587/3139 1227/1227/3139
f 1227/1227/3140 1587/1587/3140 1228/1228/3140
f 1587/1587/3141 1588/1588/3141 1228/1228/3141
f 1228/1228/3142 1588/1588/3142 1229/1229/3142
f 1588/1588/3143 1589/1589/3143 1229/1229/3143
f 1229/1229/3144 1589/1589/3144 1230/1230/3144
f 1589/1589/3145 1590/1590/3145 1230/1230/3145
f 1230/1230/3146 1590/1590/3146 1231/1231/3146
f 1590/1590/3147 1591/1591/3147 1231/1231/3147
f 1231/1231/3148 1591/1591/3148 1232/1232/3148
f 1591/1591/3149 1592/1592/3149 1232/1232/3149
f 1232/1232/3150 1592/1592/3150 1233/1233/3150
f 1592/1592/3151 1593/1593/3151 1233/1233/3151
f 1233/1233/3152 1593/1593/3152 1234/1234/3152
f 1593/1593/3153 1594/1594/3153 1234/1234/3153
f 1234/1234/3154 1594/1594/3154 1235/1235/3154
f 1594/1594/3155 1595/1595/3155 1235/1235/3155
f 1235/1235/3156 1595/1595/3156 1236/1236/3156
f 1595/1595/3157 1596/1596/3157 1236/1236/3157
f 1236/1236/3158 1596/1596/3158 1237/1237/3158
f 1596/1596/3159 1597/1597/3159 1237/1237/3159
f 1237/1237/3160 1597/1597/3160 1238/1238/3160
f 1597/1597/3161 1598/1598/3161 1238/1238/3161
f 1238/1238/3162 1598/1598/3162 1239/1239/3162
f 1598/1598/3163 1599/1599/3163 1239/1239/3163
f 1239/1239/3164 1599/1599/3164 1240/1240/3164
f 1599/1599/3165 1600/1600/3165 1240/1240/3165
f 1240/1240/3166 1600/1600/3166 1241/1241/3166
f 1600/1600/3167 1601/1601/3167 1241/1241/3167
f 1241/1241/3168 1601/1601/3168 1242/1242/3168
f 1601/1601/3169 1602/1602/3169 1242/1242/3169
f 1242/1242/3170 1602/1602/3170 1243/1243/3170
f 1602/1602/3171 1603/1603/3171 1243/1243/3171
f 1243/1243/3172 1603/1603/3172 1244/1244/3172
f 1603/1603/3173 1604/1604/3173 1244/1244/3173
f 1244/1244/3174 1604/1604/3174 1245/1245/3174
f 1604/1604/3175 1605/1605/3175 1245/1245/3175
f 1245/1245/3176 1605/1605/3176 1246/1246/3176
f 1605/1605/3177 1606/1606/3177 1246/1246/3177
f 1246/1246/3178 1606/1606/3178 1247/1247/3178
f 1606/1606/3179 1607/1607/3179 1247/1247/3179
f 1247/1247/3180 1607/1607/3180 1248/1248/3180
f 1607/1607/3181 1608/1608/3181 1248/1248/3181
f 1248/1248/3182 1608/1608/3182 1249/1249/3182
f 1608/1608/3183 1609/1609/3183 1249/1249/3183
f 1249/1249/3184 1609/1609/3184 1250/1250/3184
f 1610/1610/3185 1573/1573/3185 1251/1251/3185
f 1251/1251/3186 1573/1573/3186 1214/1214/3186
f 1609/1609/3187 1610/1610/3187 1250/1250/3187
f 1250/1250/3188 1610/1610/3188 1251/1251/3188
f 1619/1619/3189 1620/1620/3189 1611/1611/3189
f 1618/1618/3190 1619/1619/3190 1611/1611/3190
f 1617/1617/3191 1618/1618/3191 1611/1611/3191
f 1616/1616/3192 1617/1617/3192 1611/1611/3192
f 1615/1615/3193 1616/1616/3193 1611/1611/3193
f 1614/1614/3194 1615/1615/3194 1611/1611/3194
f 1613/1613/3195 1614/1614/3195 1611/1611/3195
f 1612/1612/3196 1613/1613/3196 1611/1611/3196
f 1621/1621/3197 1630/1630/3197 1629/1629/3197
f 1621/1621/3198 1629/1629/3198 1628/1628/3198
f 1621/1621/3199 1628/1628/3199 1627/1627/3199
f 1621/1621/3200 1627/1627/3200 1626/1626/3200
f 1621/1621/3201 1626/1626/3201 1625/1625/3201
f 1621/1621/3202 1625/1625/3202 1624/1624/3202
f 1621/1621/3203 1624/1624/3203 1623/1623/3203
f 1621/1621/3204 1623/1623/3204 1622/1622/3204
f 1621/1621/3205 1622/1622/3205 1611/1611/3205
f 1611/1611/3206 1622/1622/3206 1612/1612/3206
f 1622/1622/3207 1623/1623/3207 1612/1612/3207
f 1612/1612/3208 1623/1623/3208 1613/1613/3208
f 1623/1623/3209 1624/1624/3209 1613/1613/3209
f 1613/1613/3210 1624/1624/3210 1614/1614/3210
f 1624/1624/3211 1625/1625/3211 1614/1614/3211
f 1614/1614/3212 1625/1625/3212 1615/1615/3212
f 1625/1625/3213 1626/1626/3213 1615/1615/3213
f 1615/1615/3214 1626/1626/3214 1616/1616/3214
f 1626/1626/3215 1627/1627/3215 1616/1616/3215
f 1616/1616/3216 1627/1627/3216 1617/1617/3216
f 1627/1627/3217 1628/1628/3217 1617/1617/3217
f 1617/1617/3218 1628/1628/3218 1618/1618/3218
f 1628/1628/3219 1629/1629/3219 1618/1618/3219
f 1618/1618/3220 1629/1629/3220 1619/1619/3220
f 1630/1630/3221 1621/1621/3221 1620/1620/3221
f 1620/1620/3222 1621/1621/3222 1611/1611/3222
f 1629/1629/3223 1630/1630/3223 1619/1619/3223
f 1619/1619/3224 1630/1630/3224 1620/1620/3224
f 1639/1639/3225 1640/1640/3225 1631/1631/3225
f 1638/1638/3226 1639/1639/3226 1631/1631/3226
f 1637/1637/3227 1638/1638/3227 1631/1631/3227
f 1636/1636/3228 1637/1637/3228 1631/1631/3228
f 1635/1635/3229 1636/1636/3229 1631/1631/3229
f 1634/1634/3230 1635/1635/3230 1631/1631/3230
f 1633/1633/3231 1634/1634/3231 1631/1631/3231
f 1632/1632/3232 1633/1633/3232 1631/1631/3232
f 1641/1641/3233 1650/1650/3233 1649/1649/3233
f 1641/1641/3234 1649/1649/3234 1648/1648/3234
f 1641/1641/3235 1648/1648/3235 1647/1647/3235
f 1641/1641/3236 1647/1647/3236 1646/1646/3236
f 1641/1641/3237 1646/1646/3237 1645/1645/3237
f 1641/1641/3238 1645/1645/3238 1644/1644/3238
f 1641/1641/3239 1644/1644/3239 1643/1643/3239
f 1641/1641/3240 1643/1643/3240 1642/1642/3240
f 1641/1641/3241 1642/1642/3241 1631/1631/3241
f 1631/1631/3242 1642/1642/3242 1632/1632/3242
f 1642/1642/3243 1643/1643/3243 1632/1632/3243
f 1632/1632/3244 1643/1643/3244 1633/1633/3244
f 1643/1643/3245 1644/1644/3245 1633/1633/3245
f 1633/1633/3246 1644/1644/3246 1634/1634/3246
f 1644/1644/3247 1645/1645/3247 1634/1634/3247
f 1634/1634/3248 1645/1645/3248 1635/1635/3248
f 1645/1645/3249 1646/1646/3249 1635/1635/3249
f 1635/1635/3250 1646/1646/3250 1636/1636/3250
f 1646/1646/3251 1647/1647/3251 1636/1636/3251
f 1636/1636/3252 1647/1647/3252 1637/1637/3252
f 1647/1647/3253 1648/1648/3253 1637/1637/3253
f 1637/1637/3254 1648/1648/3254 1638/1638/3254
f 1648/1648/3255 1649/1649/3255 1638/1638/3255
f 1638/1638/3256 1649/1649/3256 1639/1639/3256
f 1650/1650/3257 1641/1641/3257 1640/1640/3257
f 1640/1640/3258 1641/1641/3258 1631/1631/3258
f 1649/1649/3259 1650/1650/3259 1639/1639/3259
f 1639/1639/3260 1650/1650/3260 1640/1640/3260
f 1661/1661/3261 1662/1662/3261 1651/1651/3261
f 1660/1660/3262 1661/1661/3262 1651/1651/3262
f 1659/1659/3263 1660/1660/3263 1651/1651/3263
f 1658/1658/3264 1659/1659/3264 1651/1651/3264
f 1657/1657/3265 1658/1658/3265 1651/1651/3265
f 1656/1656/3266 1657/1657/3266 1651/1651/3266
f 1655/1655/3267 1656/1656/3267 1651/1651/3267
f 1654/1654/3268 1655/1655/3268 1651/1651/3268
f 1653/1653/3269 1654/1654/3269 1651/1651/3269
f 1652/1652/3270 1653/1653/3270 1651/1651/3270
f 1663/1663/3271 1674/1674/3271 1673/1673/3271
f 1663/1663/3272 1673/1673/3272 1672/1672/3272
f 1663/1663/3273 1672/1672/3273 1671/1671/3273
f 1663/1663/3274 1671/1671/3274 1670/1670/3274
f 1663/1663/3275 1670/1670/3275 1669/1669/3275
f 1663/1663/3276 1669/1669/3276 1668/1668/3276
f 1663/1663/3277 1668/1668/3277 1667/1667/3277
f 1663/1663/3278 1667/1667/3278 1666/1666/3278
f 1663/1663/3279 1666/1666/3279 1665/1665/3279
f 1663/1663/3280 1665/1665/3280 1664/1664/3280
f 1663/1663/3281 1664/1664/3281 1651/1651/3281
f 1651/1651/3282 1664/1664/3282 1652/1652/3282
f 1664/1664/3283 1665/1665/3283 1652/1652/3283
f 1652/1652/3284 1665/1665/3284 1653/1653/3284
f 1665/1665/3285 1666/1666/3285 1653/1653/3285
f 1653/1653/3286 1666/1666/3286 1654/1654/3286
f 1666/1666/3287 1667/1667/3287 1654/1654/3287
f 1654/1654/3288 1667/1667/3288 1655/1655/3288
f 1667/1667/3289 1668/1668/3289 1655/1655/3289
f 1655/1655/3290 1668/1668/3290 1656/1656/3290
f 1668/1668/3291 1669/1669/3291 1656/1656/3291
f 1656/1656/3292 1669/1669/3292 1657/1657/3292
f 1669/1669/3293 1670/1670/3293 1657/1657/3293
f 1657/1657/3294 1670/1670/3294 1658/1658/3294
f 1670/1670/3295 1671/1671/3295 1658/1658/3295
f 1658/1658/3296 1671/1671/3296 1659/1659/3296
f 1671/1671/3297 1672/1672/3297 1659/1659/3297
f 1659/1659/3298 1672/1672/3298 1660/1660/3298
f 1672/1672/3299 1673/1673/3299 1660/1660/3299
f 1660/1660/3300 1673/1673/3300 1661/1661/3300
f 1674/1674/3301 1663/1663/3301 1662/1662/3301
f 1662/1662/3302 1663/1663/3302 1651/1651/3302
f 1673/1673/3303 1674/1674/3303 1661/1661/3303
f 1661/1661/3304 1674/1674/3304 1662/1662/3304
f 1682/1682/3305 1683/1683/3305 1675/1675/3305
f 1681/1681/3306 1682/1682/3306 1675/1675/3306
f 1680/1680/3307 1681/1681/3307 1675/1675/3307
f 1679/1679/3308 1680/1680/3308 1675/1675/3308
f 1678/1678/3309 1679/1679/3309 1675/1675/3309
f 1677/1677/3310 1678/1678/3310 1675/1675/3310
f 1676/1676/3311 1677/1677/3311 1675/1675/3311
f 1684/1684/3312 1692/1692/3312 1691/1691/3312
f 1684/1684/3313 1691/1691/3313 1690/1690/3313
f 1684/1684/3314 1690/1690/3314 1689/1689/3314
f 1684/1684/3315 1689/1689/3315 1688/1688/3315
f 1684/1684/3316 1688/1688/3316 1687/1687/3316
f 1684/1684/3317 1687/1687/3317 1686/1686/3317
f 1684/1684/3318 1686/1686/3318 1685/1685/3318
f 1684/1684/3319 1685/1685/3319 1675/1675/3319
f 1675/1675/3320 1685/1685/3320 1676/1676/3320
f 1685/1685/3321 1686/1686/3321 1676/1676/3321
f 1676/1676/3322 1686/1686/3322 1677/1677/3322
f 1686/1686/3323 1687/1687/3323 1677/1677/3323
f 1677/1677/3324 1687/1687/3324 1678/1678/3324
f 1687/1687/3325 1688/1688/3325 1678/1678/3325
f 1678/1678/3326 1688/1688/3326 1679/1679/3326
f 1688/1688/3327 1689/1689/3327 1679/1679/3327
f 1679/1679/3328 1689/1689/3328 1680/1680/3328
f 1689/1689/3329 1690/1690/3329 1680/1680/3329
f 1680/1680/3330 1690/1690/3330 1681/1681/3330
f 1690/1690/3331 1691/1691/3331 1681/1681/3331
f 1681/1681/3332 1691/1691/3332 1682/1682/3332
f 1692/1692/3333 1684/1684/3333 1683/1683/3333
f 1683/1683/3334 1684/1684/3334 1675/1675/3334
f 1691/1691/3335 1692/1692/3335 1682/1682/3335
f 1682/1682/3336 1692/1692/3336 1683/1683/3336
f 1722/1722/3337 1723/1723/3337 1718/1718/3337
f 1718/1718/3338 1723/1723/3338 1724/1724/3338
f 1717/1717/3339 1718/1718/3339 1724/1724/3339
f 1716/1716/3340 1717/1717/3340 1724/1724/3340
f 1715/1715/3341 1716/1716/3341 1724/1724/3341
f 1714/1714/3342 1715/1715/3342 1724/1724/3342
f 1713/1713/3343 1714/1714/3343 1724/1724/3343
f 1712/1712/3344 1713/1713/3344 1724/1724/3344
f 1709/1709/3345 1710/1710/3345 1711/1711/3345
f 1708/1708/3346 1709/1709/3346 1711/1711/3346
f 1707/1707/3347 1708/1708/3347 1711/1711/3347
f 1706/1706/3348 1707/1707/3348 1711/1711/3348
f 1704/1704/3349 1705/1705/3349 1706/1706/3349
f 1699/1699/3350 1700/1700/3350 1701/1701/3350
f 1698/1698/3351 1699/1699/3351 1701/1701/3351
f 1697/1697/3352 1698/1698/3352 1701/1701/3352
f 1694/1694/3353 1695/1695/3353 1696/1696/3353
f 1693/1693/3354 1694/1694/3354 1696/1696/3354
f 1721/1721/3355 1693/1693/3355 1696/1696/3355
f 1720/1720/3356 1721/1721/3356 1696/1696/3356
f 1722/1722/3357 1718/1718/3357 1719/1719/3357
f 1727/1727/3358 1722/1722/3358 1719/1719/3358
f 1712/1712/3359 1724/1724/3359 1725/1725/3359
f 1704/1704/3360 1706/1706/3360 1711/1711/3360
f 1703/1703/3361 1704/1704/3361 1711/1711/3361
f 1697/1697/3362 1701/1701/3362 1702/1702/3362
f 1727/1727/3363 1719/1719/3363 1720/1720/3363
f 1703/1703/3364 1711/1711/3364 1712/1712/3364
f 1702/1702/3365 1703/1703/3365 1712/1712/3365
f 1697/1697/3366 1702/1702/3366 1712/1712/3366
f 1727/1727/3367 1720/1720/3367 1696/1696/3367
f 1726/1726/3368 1727/1727/3368 1696/1696/3368
f 1697/1697/3369 1712/1712/3369 1725/1725/3369
f 1726/1726/3370 1696/1696/3370 1697/1697/3370
f 1725/1725/3371 1726/1726/3371 1697/1697/3371
f 1753/1753/3372 1758/1758/3372 1757/1757/3372
f 1759/1759/3373 1758/1758/3373 1753/1753/3373
f 1759/1759/3374 1753/1753/3374 1752/1752/3374
f 1759/1759/3375 1752/1752/3375 1751/1751/3375
f 1759/1759/3376 1751/1751/3376 1750/1750/3376
f 1759/1759/3377 1750/1750/3377 1749/1749/3377
f 1759/1759/3378 1749/1749/3378 1748/1748/3378
f 1759/1759/3379 1748/1748/3379 1747/1747/3379
f 1746/1746/3380 1745/1745/3380 1744/1744/3380
f 1746/1746/3381 1744/1744/3381 1743/1743/3381
f 1746/1746/3382 1743/1743/3382 1742/1742/3382
f 1746/1746/3383 1742/1742/3383 1741/1741/3383
f 1741/1741/3384 1740/1740/3384 1739/1739/3384
f 1736/1736/3385 1735/1735/3385 1734/1734/3385
f 1736/1736/3386 1734/1734/3386 1733/1733/3386
f 1736/1736/3387 1733/1733/3387 1732/1732/3387
f 1731/1731/3388 1730/1730/3388 1729/1729/3388
f 1731/1731/3389 1729/1729/3389 1728/1728/3389
f 1731/1731/3390 1728/1728/3390 1756/1756/3390
f 1731/1731/3391 1756/1756/3391 1755/1755/3391
f 1754/1754/3392 1753/1753/3392 1757/1757/3392
f 1754/1754/3393 1757/1757/3393 1762/1762/3393
f 1760/1760/3394 1759/1759/3394 1747/1747/3394
f 1746/1746/3395 1741/1741/3395 1739/1739/3395
f 1746/1746/3396 1739/1739/3396 1738/1738/3396
f 1737/1737/3397 1736/1736/3397 1732/1732/3397
f 1755/1755/3398 1754/1754/3398 1762/1762/3398
f 1747/1747/3399 1746/1746/3399 1738/1738/3399
f 1747/1747/3400 1738/1738/3400 1737/1737/3400
f 1747/1747/3401 1737/1737/3401 1732/1732/3401
f 1731/1731/3402 1755/1755/3402 1762/1762/3402
f 1731/1731/3403 1762/1762/3403 1761/1761/3403
f 1760/1760/3404 1747/1747/3404 1732/1732/3404
f 1732/1732/3405 1731/1731/3405 1761/1761/3405
f 1732/1732/3406 1761/1761/3406 1760/1760/3406
f 1728/1728/3407 1729/1729/3407 1693/1693/3407
f 1693/1693/3408 1729/1729/3408 1694/1694/3408
f 1729/1729/3409 1730/1730/3409 1694/1694/3409
f 1694/1694/3410 1730/1730/3410 1695/1695/3410
f 1730/1730/3411 1731/1731/3411 1695/1695/3411
f 1695/1695/3412 1731/1731/3412 1696/1696/3412
f 1731/1731/3413 1732/1732/3413 1696/1696/3413
f 1696/1696/3414 1732/1732/3414 1697/1697/3414
f 1732/1732/3415 1733/1733/3415 1697/1697/3415
f 1697/1697/3416 1733/1733/3416 1698/1698/3416
f 1733/1733/3417 1734/1734/3417 1698/1698/3417
f 1698/1698/3418 1734/1734/3418 1699/1699/3418
f 1734/1734/3419 1735/1735/3419 1699/1699/3419
f 1699/1699/3420 1735/1735/3420 1700/1700/3420
f 1735/1735/3421 1736/1736/3421 1700/1700/3421
f 1700/1700/3422 1736/1736/3422 1701/1701/3422
f 1736/1736/3423 1737/1737/3423 1701/1701/3423
f 1701/1701/3424 1737/1737/3424 1702/1702/3424
f 1737/1737/3425 1738/1738/3425 1702/1702/3425
f 1702/1702/3426 1738/1738/3426 1703/1703/3426
f 1738/1738/3427 1739/1739/3427 1703/1703/3427
f 1703/1703/3428 1739/1739/3428 1704/1704/3428
f 1739/1739/3429 1740/1740/3429 1704/1704/3429
f 1704/1704/3430 1740/1740/3430 1705/1705/3430
f 1740/1740/3431 1741/1741/3431 1705/1705/3431
f 1705/1705/3432 1741/1741/3432 1706/1706/3432
f 1741/1741/3433 1742/1742/3433 1706/1706/3433
f 1706/1706/3434 1742/1742/3434 1707/1707/3434
f 1742/1742/3435 1743/1743/3435 1707/1707/3435
f 1707/1707/3436 1743/1743/3436 1708/1708/3436
f 1743/1743/3437 1744/1744/3437 1708/1708/3437
f 1708/1708/3438 1744/1744/3438 1709/1709/3438
f 1744/1744/3439 1745/1745/3439 1709/1709/3439
f 1709/1709/3440 1745/1745/3440 1710/1710/3440
f 1745/1745/3441 1746/1746/3441 1710/1710/3441
f 1710/1710/3442 1746/1746/3442 1711/1711/3442
f 1746/1746/3443 1747/1747/3443 1711/1711/3443
f 1711/1711/3444 1747/1747/3444 1712/1712/3444
f 1747/1747/3445 1748/1748/3445 1712/1712/3445
f 1712/1712/3446 1748/1748/3446 1713/1713/3446
f 1748/1748/3447 1749/1749/3447 1713/1713/3447
f 1713/1713/3448 1749/1749/3448 1714/1714/3448
f 1749/1749/3449 1750/1750/3449 1714/1714/3449
f 1714/1714/3450 1750/1750/3450 1715/1715/3450
f 1750/1750/3451 1751/1751/3451 1715/1715/3451
f 1715/1715/3452 1751/1751/3452 1716/1716/3452
f 1751/1751/3453 1752/1752/3453 1716/1716/3453
f 1716/1716/3454 1752/1752/3454 1717/1717/3454
f 1752/1752/3455 1753/1753/3455 1717/1717/3455
f 1717/1717/3456 1753/1753/3456 1718/1718/3456
f 1753/1753/3457 1754/1754/3457 1718/1718/3457
f 1718/1718/3458 1754/1754/3458 1719/1719/3458
f 1754/1754/3459 1755/1755/3459 1719/1719/3459
f 1719/1719/3460 1755/1755/3460 1720/1720/3460
f 1756/1756/3461 1728/1728/3461 1721/1721/3461
f 1721/1721/3462 1728/1728/3462 1693/1693/3462
f 1755/1755/3463 1756/1756/3463 1720/1720/3463
f 1720/1720/3464 1756/1756/3464 1721/1721/3464
f 1757/1757/3465 1758/1758/3465 1722/1722/3465
f 1722/1722/3466 1758/1758/3466 1723/1723/3466
f 1758/1758/3467 1759/1759/3467 1723/1723/3467
f 1723/1723/3468 1759/1759/3468 1724/1724/3468
f 1759/1759/3469 1760/1760/3469 1724/1724/3469
f 1724/1724/3470 1760/1760/3470 1725/1725/3470
f 1760/1760/3471 1761/1761/3471 1725/1725/3471
f 1725/1725/3472 1761/1761/3472 1726/1726/3472
f 1762/1762/3473 1757/1757/3473 1727/1727/3473
f 1727/1727/3474 1757/1757/3474 1722/1722/3474
f 1761/1761/3475 1762/1762/3475 1726/1726/3475
f 1726/1726/3476 1762/1762/3476 1727/1727/3476
f 1790/1790/3477 1791/1791/3477 1763/1763/3477
f 1788/1788/3478 1789/1789/3478 1790/1790/3478
f 1787/1787/3479 1788/1788/3479 1790/1790/3479
f 1782/1782/3480 1783/1783/3480 1784/1784/3480
f 1781/1781/3481 1782/1782/3481 1784/1784/3481
f 1780/1780/3482 1781/1781/3482 1784/1784/3482
f 1779/1779/3483 1780/1780/3483 1784/1784/3483
f 1778/1778/3484 1779/1779/3484 1784/1784/3484
f 1776/1776/3485 1777/1777/3485 1778/1778/3485
f 1771/1771/3486 1772/1772/3486 1773/1773/3486
f 1770/1770/3487 1771/1771/3487 1773/1773/3487
f 1769/1769/3488 1770/1770/3488 1773/1773/3488
f 1764/1764/3489 1765/1765/3489 1766/1766/3489
f 1763/1763/3490 1764/1764/3490 1766/1766/3490
f 1790/1790/3491 1763/1763/3491 1766/1766/3491
f 1776/1776/3492 1778/1778/3492 1784/1784/3492
f 1775/1775/3493 1776/1776/3493 1784/1784/3493
f 1769/1769/3494 1773/1773/3494 1774/1774/3494
f 1790/1790/3495 1766/1766/3495 1767/1767/3495
f 1775/1775/3496 1784/1784/3496 1785/1785/3496
f 1774/1774/3497 1775/1775/3497 1785/1785/3497
f 1790/1790/3498 1767/1767/3498 1768/1768/3498
f 1787/1787/3499 1790/1790/3499 1768/1768/3499
f 1786/1786/3500 1787/1787/3500 1768/1768/3500
f 1774/1774/3501 1785/1785/3501 1786/1786/3501
f 1769/1769/3502 1774/1774/3502 1786/1786/3502
f 1768/1768/3503 1769/1769/3503 1786/1786/3503
f 1792/1792/3504 1820/1820/3504 1819/1819/3504
f 1819/1819/3505 1818/1818/3505 1817/1817/3505
f 1819/1819/3506 1817/1817/3506 1816/1816/3506
f 1813/1813/3507 1812/1812/3507 1811/1811/3507
f 1813/1813/3508 1811/1811/3508 1810/1810/3508
f 1813/1813/3509 1810/1810/3509 1809/1809/3509
f 1813/1813/3510 1809/1809/3510 1808/1808/3510
f 1813/1813/3511 1808/1808/3511 1807/1807/3511
f 1807/1807/3512 1806/1806/3512 1805/1805/3512
f 1802/1802/3513 1801/1801/3513 1800/1800/3513
f 1802/1802/3514 1800/1800/3514 1799/1799/3514
f 1802/1802/3515 1799/1799/3515 1798/1798/3515
f 1795/1795/3516 1794/1794/3516 1793/1793/3516
f 1795/1795/3517 1793/1793/3517 1792/1792/3517
f 1795/1795/3518 1792/1792/3518 1819/1819/3518
f 1813/1813/3519 1807/1807/3519 1805/1805/3519
f 1813/1813/3520 1805/1805/3520 1804/1804/3520
f 1803/1803/3521 1802/1802/3521 1798/1798/3521
f 1796/1796/3522 1795/1795/3522 1819/1819/3522
f 1814/1814/3523 1813/1813/3523 1804/1804/3523
f 1814/1814/3524 1804/1804/3524 1803/1803/3524
f 1797/1797/3525 1796/1796/3525 1819/1819/3525
f 1797/1797/3526 1819/1819/3526 1816/1816/3526
f 1797/1797/3527 1816/1816/3527 1815/1815/3527
f 1815/1815/3528 1814/1814/3528 1803/1803/3528
f 1815/1815/3529 1803/1803/3529 1798/1798/3529
f 1815/1815/3530 1798/1798/3530 1797/1797/3530
f 1792/1792/3531 1793/1793/3531 1763/1763/3531
f 1763/1763/3532 1793/1793/3532 1764/1764/3532
f 1793/1793/3533 1794/1794/3533 1764/1764/3533
f 1764/1764/3534 1794/1794/3534 1765/1765/3534
f 1794/1794/3535 1795/1795/3535 1765/1765/3535
f 1765/1765/3536 1795/1795/3536 1766/1766/3536
f 1795/1795/3537 1796/1796/3537 1766/1766/3537
f 1766/1766/3538 1796/1796/3538 1767/1767/3538
f 1796/1796/3539 1797/1797/3539 1767/1767/3539
f 1767/1767/3540 1797/1797/3540 1768/1768/3540
f 1797/1797/3541 1798/1798/3541 1768/1768/3541
f 1768/1768/3542 1798/1798/3542 1769/1769/3542
f 1798/1798/3543 1799/1799/3543 1769/1769/3543
f 1769/1769/3544 1799/1799/3544 1770/1770/3544
f 1799/1799/3545 1800/1800/3545 1770/1770/3545
f 1770/1770/3546 1800/1800/3546 1771/1771/3546
f 1800/1800/3547 1801/1801/3547 1771/1771/3547
f 1771/1771/3548 1801/1801/3548 1772/1772/3548
f 1801/1801/3549 1802/1802/3549 1772/1772/3549
f 1772/1772/3550 1802/1802/3550 1773/1773/3550
f 1802/1802/3551 1803/1803/3551 1773/1773/3551
f 1773/1773/3552 1803/1803/3552 1774/1774/3552
f 1803/1803/3553 1804/1804/3553 1774/1774/3553
f 1774/1774/3554 1804/1804/3554 1775/1775/3554
f 1804/1804/3555 1805/1805/3555 1775/1775/3555
f 1775/1775/3556 1805/1805/3556 1776/1776/3556
f 1805/1805/3557 1806/1806/3557 1776/1776/3557
f 1776/1776/3558 1806/1806/3558 1777/1777/3558
f 1806/1806/3559 1807/1807/3559 1777/1777/3559
f 1777/1777/3560 1807/1807/3560 1778/1778/3560
f 1807/1807/3561 1808/1808/3561 1778/1778/3561
f 1778/1778/3562 1808/1808/3562 1779/1779/3562
f 1808/1808/3563 1809/1809/3563 1779/1779/3563
f 1779/1779/3564 1809/1809/3564 1780/1780/3564
f 1809/1809/3565 1810/1810/3565 1780/1780/3565
f 1780/1780/3566 1810/1810/3566 1781/1781/3566
f 1810/1810/3567 1811/1811/3567 1781/1781/3567
f 1781/1781/3568 1811/1811/3568 1782/1782/3568
f 1811/1811/3569 1812/1812/3569 1782/1782/3569
f 1782/1782/3570 1812/1812/3570 1783/1783/3570
f 1812/1812/3571 1813/1813/3571 1783/1783/3571
f 1783/1783/3572 1813/1813/3572 1784/1784/3572
f 1813/1813/3573 1814/1814/3573 1784/1784/3573
f 1784/1784/3574 1814/1814/3574 1785/1785/3574
f 1814/1814/3575 1815/1815/3575 1785/1785/3575
f 1785/1785/3576 1815/1815/3576 1786/1786/3576
f 1815/1815/3577 1816/1816/3577 1786/1786/3577
f 1786/1786/3578 1816/1816/3578 1787/1787/3578
f 1816/1816/3579 1817/1817/3579 1787/1787/3579
f 1787/1787/3580 1817/1817/3580 1788/1788/3580
f 1817/1817/3581 1818/1818/3581 1788/1788/3581
f 1788/1788/3582 1818/1818/3582 1789/1789/3582
f 1818/1818/3583 1819/1819/3583 1789/1789/3583
f 1789/1789/3584 1819/1819/3584 1790/1790/3584
f 1820/1820/3585 1792/1792/3585 1791/1791/3585
f 1791/1791/3586 1792/1792/3586 1763/1763/3586
f 1819/1819/3587 1820/1820/3587 1790/1790/3587
f 1790/1790/3588 1820/1820/3588 1791/1791/3588
f 1834/1834/3589 1835/1835/3589 1821/1821/3589
f 1833/1833/3590 1834/1834/3590 1821/1821/3590
f 1832/1832/3591 1833/1833/3591 1821/1821/3591
f 1831/1831/3592 1832/1832/3592 1821/1821/3592
f 1830/1830/3593 1831/1831/3593 1821/1821/3593
f 1829/1829/3594 1830/1830/3594 1821/1821/3594
f 1828/1828/3595 1829/1829/3595 1821/1821/3595
f 1827/1827/3596 1828/1828/3596 1821/1821/3596
f 1825/1825/3597 1826/1826/3597 1827/1827/3597
f 1823/1823/3598 1824/1824/3598 1825/1825/3598
f 1821/1821/3599 1822/1822/3599 1823/1823/3599
f 1827/1827/3600 1821/1821/3600 1823/1823/3600
f 1825/1825/3601 1827/1827/3601 1823/1823/3601
f 1836/1836/3602 1850/1850/3602 1849/1849/3602
f 1836/1836/3603 1849/1849/3603 1848/1848/3603
f 1836/1836/3604 1848/1848/3604 1847/1847/3604
f 1836/1836/3605 1847/1847/3605 1846/1846/3605
f 1836/1836/3606 1846/1846/3606 1845/1845/3606
f 1836/1836/3607 1845/1845/3607 1844/1844/3607
f 1836/1836/3608 1844/1844/3608 1843/1843/3608
f 1836/1836/3609 1843/1843/3609 1842/1842/3609
f 1842/1842/3610 1841/1841/3610 1840/1840/3610
f 1840/1840/3611 1839/1839/3611 1838/1838/3611
f 1838/1838/3612 1837/1837/3612 1836/1836/3612
f 1838/1838/3613 1836/1836/3613 1842/1842/3613
f 1838/1838/3614 1842/1842/3614 1840/1840/3614
f 1836/1836/3615 1837/1837/3615 1821/1821/3615
f 1821/1821/3616 1837/1837/3616 1822/1822/3616
f 1837/1837/3617 1838/1838/3617 1822/1822/3617
f 1822/1822/3618 1838/1838/3618 1823/1823/3618
f 1838/1838/3619 1839/1839/3619 1823/1823/3619
f 1823/1823/3620 1839/1839/3620 1824/1824/3620
f 1839/1839/3621 1840/1840/3621 1824/1824/3621
f 1824/1824/3622 1840/1840/3622 1825/1825/3622
f 1840/1840/3623 1841/1841/3623 1825/1825/3623
f 1825/1825/3624 1841/1841/3624 1826/1826/3624
f 1841/1841/3625 1842/1842/3625 1826/1826/3625
f 1826/1826/3626 1842/1842/3626 1827/1827/3626
f 1842/1842/3627 1843/1843/3627 1827/1827/3627
f 1827/1827/3628 1843/1843/3628 1828/1828/3628
f 1843/1843/3629 1844/1844/3629 1828/1828/3629
f 1828/1828/3630 1844/1844/3630 1829/1829/3630
f 1844/1844/3631 1845/1845/3631 1829/1829/3631
f 1829/1829/3632 1845/1845/3632 1830/1830/3632
f 1845/1845/3633 1846/1846/3633 1830/1830/3633
f 1830/1830/3634 1846/1846/3634 1831/1831/3634
f 1846/1846/3635 1847/1847/3635 1831/1831/3635
f 1831/1831/3636 1847/1847/3636 1832/1832/3636
f 1847/1847/3637 1848/1848/3637 1832/1832/3637
f 1832/1832/3638 1848/1848/3638 1833/1833/3638
f 1848/1848/3639 1849/1849/3639 1833/1833/3639
f 1833/1833/3640 1849/1849/3640 1834/1834/3640
f 1850/1850/3641 1836/1836/3641 1835/1835/3641
f 1835/1835/3642 1836/1836/3642 1821/1821/3642
f 1849/1849/3643 1850/1850/3643 1834/1834/3643
f 1834/1834/3644 1850/1850/3644 1835/1835/3644
f 1863/1863/3645 1864/1864/3645 1851/1851/3645
f 1862/1862/3646 1863/1863/3646 1851/1851/3646
f 1861/1861/3647 1862/1862/3647 1851/1851/3647
f 1860/1860/3648 1861/1861/3648 1851/1851/3648
f 1859/1859/3649 1860/1860/3649 1851/1851/3649
f 1858/1858/3650 1859/1859/3650 1851/1851/3650
f 1857/1857/3651 1858/1858/3651 1851/1851/3651
f 1856/1856/3652 1857/1857/3652 1851/1851/3652
f 1855/1855/3653 1856/1856/3653 1851/1851/3653
f 1854/1854/3654 1855/1855/3654 1851/1851/3654
f 1853/1853/3655 1854/1854/3655 1851/1851/3655
f 1852/1852/3656 1853/1853/3656 1851/1851/3656
f 1865/1865/3657 1878/1878/3657 1877/1877/3657
f 1865/1865/3658 1877/1877/3658 1876/1876/3658
f 1865/1865/3659 1876/1876/3659 1875/1875/3659
f 1865/1865/3660 1875/1875/3660 1874/1874/3660
f 1865/1865/3661 1874/1874/3661 1873/1873/3661
f 1865/1865/3662 1873/1873/3662 1872/1872/3662
f 1865/1865/3663 1872/1872/3663 1871/1871/3663
f 1865/1865/3664 1871/1871/3664 1870/1870/3664
f 1865/1865/3665 1870/1870/3665 1869/1869/3665
f 1865/1865/3666 1869/1869/3666 1868/1868/3666
f 1865/1865/3667 1868/1868/3667 1867/1867/3667
f 1865/1865/3668 1867/1867/3668 1866/1866/3668
f 1865/1865/3669 1866/1866/3669 1851/1851/3669
f 1851/1851/3670 1866/1866/3670 1852/1852/3670
f 1866/1866/3671 1867/1867/3671 1852/1852/3671
f 1852/1852/3672 1867/1867/3672 1853/1853/3672
f 1867/1867/3673 1868/1868/3673 1853/1853/3673
f 1853/1853/3674 1868/1868/3674 1854/1854/3674
f 1868/1868/3675 1869/1869/3675 1854/1854/3675
f 1854/1854/3676 1869/1869/3676 1855/1855/3676
f 1869/1869/3677 1870/1870/3677 1855/1855/3677
f 1855/1855/3678 1870/1870/3678 1856/1856/3678
f 1870/1870/3679 1871/1871/3679 1856/1856/3679
f 1856/1856/3680 1871/1871/3680 1857/1857/3680
f 1871/1871/3681 1872/1872/3681 1857/1857/3681
f 1857/1857/3682 1872/1872/3682 1858/1858/3682
f 1872/1872/3683 1873/1873/3683 1858/1858/3683
f 1858/1858/3684 1873/1873/3684 1859/1859/3684
f 1873/1873/3685 1874/1874/3685 1859/1859/3685
f 1859/1859/3686 1874/1874/3686 1860/1860/3686
f 1874/1874/3687 1875/1875/3687 1860/1860/3687
f 1860/1860/3688 1875/1875/3688 1861/1861/3688
f 1875/1875/3689 1876/1876/3689 1861/1861/3689
f 1861/1861/3690 1876/1876/3690 1862/1862/3690
f 1876/1876/3691 1877/1877/3691 1862/1862/3691
f 1862/1862/3692 1877/1877/3692 1863/1863/3692
f 1878/1878/3693 1865/1865/3693 1864/1864/3693
f 1864/1864/3694 1865/1865/3694 1851/1851/3694
f 1877/1877/3695 1878/1878/3695 1863/1863/3695
f 1863/1863/3696 1878/1878/3696 1864/1864/3696
f 1901/1901/3697 1902/1902/3697 1879/1879/3697
f 1900/1900/3698 1901/1901/3698 1879/1879/3698
f 1899/1899/3699 1900/1900/3699 1879/1879/3699
f 1897/1897/3700 1898/1898/3700 1899/1899/3700
f 1896/1896/3701 1897/1897/3701 1899/1899/3701
f 1895/1895/3702 1896/1896/3702 1899/1899/3702
f 1893/1893/3703 1894/1894/3703 1895/1895/3703
f 1892/1892/3704 1893/1893/3704 1895/1895/3704
f 1891/1891/3705 1892/1892/3705 1895/1895/3705
f 1890/1890/3706 1891/1891/3706 1895/1895/3706
f 1889/1889/3707 1890/1890/3707 1895/1895/3707
f 1888/1888/3708 1889/1889/3708 1895/1895/3708
f 1887/1887/3709 1888/1888/3709 1895/1895/3709
f 1886/1886/3710 1887/1887/3710 1895/1895/3710
f 1885/1885/3711 1886/1886/3711 1895/1895/3711
f 1884/1884/3712 1885/1885/3712 1895/1895/3712
f 1883/1883/3713 1884/1884/3713 1895/1895/3713
f 1882/1882/3714 1883/1883/3714 1895/1895/3714
f 1881/1881/3715 1882/1882/3715 1895/1895/3715
f 1880/1880/3716 1881/1881/3716 1895/1895/3716
f 1879/1879/3717 1880/1880/3717 1895/1895/3717
f 1899/1899/3718 1879/1879/3718 1895/1895/3718
f 1903/1903/3719 1926/1926/3719 1925/1925/3719
f 1903/1903/3720 1925/1925/3720 1924/1924/3720
f 1903/1903/3721 1924/1924/3721 1923/1923/3721
f 1923/1923/3722 1922/1922/3722 1921/1921/3722
f 1923/1923/3723 1921/1921/3723 1920/1920/3723
f 1923/1923/3724 1920/1920/3724 1919/1919/3724
f 1919/1919/3725 1918/1918/3725 1917/1917/3725
f 1919/1919/3726 1917/1917/3726 1916/1916/3726
f 1919/1919/3727 1916/1916/3727 1915/1915/3727
f 1919/1919/3728 1915/1915/3728 1914/1914/3728
f 1919/1919/3729 1914/1914/3729 1913/1913/3729
f 1919/1919/3730 1913/1913/3730 1912/1912/3730
f 1919/1919/3731 1912/1912/3731 1911/1911/3731
f 1919/1919/3732 1911/1911/3732 1910/1910/3732
f 1919/1919/3733 1910/1910/3733 1909/1909/3733
f 1919/1919/3734 1909/1909/3734 1908/1908/3734
f 1919/1919/3735 1908/1908/3735 1907/1907/3735
f 1919/1919/3736 1907/1907/3736 1906/1906/3736
f 1919/1919/3737 1906/1906/3737 1905/1905/3737
f 1919/1919/3738 1905/1905/3738 1904/1904/3738
f 1919/1919/3739 1904/1904/3739 1903/1903/3739
f 1919/1919/3740 1903/1903/3740 1923/1923/3740
f 1903/1903/3741 1904/1904/3741 1879/1879/3741
f 1879/1879/3742 1904/1904/3742 1880/1880/3742
f 1904/1904/3743 1905/1905/3743 1880/1880/3743
f 1880/1880/3744 1905/1905/3744 1881/1881/3744
f 1905/1905/3745 1906/1906/3745 1881/1881/3745
f 1881/1881/3746 1906/1906/3746 1882/1882/3746
f 1906/1906/3747 1907/1907/3747 1882/1882/3747
f 1882/1882/3748 1907/1907/3748 1883/1883/3748
f 1907/1907/3749 1908/1908/3749 1883/1883/3749
f 1883/1883/3750 1908/1908/3750 1884/1884/3750
f 1908/1908/3751 1909/1909/3751 1884/1884/3751
f 1884/1884/3752 1909/1909/3752 1885/1885/3752
f 1909/1909/3753 1910/1910/3753 1885/1885/3753
f 1885/1885/3754 1910/1910/3754 1886/1886/3754
f 1910/1910/3755 1911/1911/3755 1886/1886/3755
f 1886/1886/3756 1911/1911/3756 1887/1887/3756
f 1911/1911/3757 1912/1912/3757 1887/1887/3757
f 1887/1887/3758 1912/1912/3758 1888/1888/3758
f 1912/1912/3759 1913/1913/3759 1888/1888/3759
f 1888/1888/3760 1913/1913/3760 1889/1889/3760
f 1913/1913/3761 1914/1914/3761 1889/1889/3761
f 1889/1889/3762 1914/1914/3762 1890/1890/3762
f 1914/1914/3763 1915/1915/3763 1890/1890/3763
f 1890/1890/3764 1915/1915/3764 1891/1891/3764
f 1915/1915/3765 1916/1916/3765 1891/1891/3765
f 1891/1891/3766 1916/1916/3766 1892/1892/3766
f 1916/1916/3767 1917/1917/3767 1892/1892/3767
f 1892/1892/3768 1917/1917/3768 1893/1893/3768
f 1917/1917/3769 1918/1918/3769 1893/1893/3769
f 1893/1893/3770 1918/1918/3770 1894/1894/3770
f 1918/1918/3771 1919/1919/3771 1894/1894/3771
f 1894/1894/3772 1919/1919/3772 1895/1895/3772
f 1919/1919/3773 1920/1920/3773 1895/1895/3773
f 1895/1895/3774 1920/1920/3774 1896/1896/3774
f 1920/1920/3775 1921/1921/3775 1896/1896/3775
f 1896/1896/3776 1921/1921/3776 1897/1897/3776
f 1921/1921/3777 1922/1922/3777 1897/1897/3777
f 1897/1897/3778 1922/1922/3778 1898/1898/3778
f 1922/1922/3779 1923/1923/3779 1898/1898/3779
f 1898/1898/3780 1923/1923/3780 1899/1899/3780
f 1923/1923/3781 1924/1924/3781 1899/1899/3781
f 1899/1899/3782 1924/1924/3782 1900/1900/3782
f 1924/1924/3783 1925/1925/3783 1900/1900/3783
f 1900/1900/3784 1925/1925/3784 1901/1901/3784
f 1926/1926/3785 1903/1903/3785 1902/1902/3785
f 1902/1902/3786 1903/1903/3786 1879/1879/3786
f 1925/1925/3787 1926/1926/3787 1901/1901/3787
f 1901/1901/3788 1926/1926/3788 1902/1902/3788
f 1945/1945/3789 1946/1946/3789 1927/1927/3789
f 1944/1944/3790 1945/1945/3790 1927/1927/3790
f 1942/1942/3791 1943/1943/3791 1944/1944/3791
f 1941/1941/3792 1942/1942/3792 1944/1944/3792
f 1940/1940/3793 1941/1941/3793 1944/1944/3793
f 1939/1939/3794 1940/1940/3794 1944/1944/3794
f 1938/1938/3795 1939/1939/3795 1944/1944/3795
f 1937/1937/3796 1938/1938/3796 1944/1944/3796
f 1936/1936/3797 1937/1937/3797 1944/1944/3797
f 1935/1935/3798 1936/1936/3798 1944/1944/3798
f 1934/1934/3799 1935/1935/3799 1944/1944/3799
f 1933/1933/3800 1934/1934/3800 1944/1944/3800
f 1932/1932/3801 1933/1933/3801 1944/1944/3801
f 1931/1931/3802 1932/1932/3802 1944/1944/3802
f 1930/1930/3803 1931/1931/3803 1944/1944/3803
f 1929/1929/3804 1930/1930/3804 1944/1944/3804
f 1928/1928/3805 1929/1929/3805 1944/1944/3805
f 1927/1927/3806 1928/1928/3806 1944/1944/3806
f 1947/1947/3807 1966/1966/3807 1965/1965/3807
f 1947/1947/3808 1965/1965/3808 1964/1964/3808
f 1964/1964/3809 1963/1963/3809 1962/1962/3809
f 1964/1964/3810 1962/1962/3810 1961/1961/3810
f 1964/1964/3811 1961/1961/3811 1960/1960/3811
f 1964/1964/3812 1960/1960/3812 1959/1959/3812
f 1964/1964/3813 1959/1959/3813 1958/1958/3813
f 1964/1964/3814 1958/1958/3814 1957/1957/3814
f 1964/1964/3815 1957/1957/3815 1956/1956/3815
f 1964/1964/3816 1956/1956/3816 1955/1955/3816
f 1964/1964/3817 1955/1955/3817 1954/1954/3817
f 1964/1964/3818 1954/1954/3818 1953/1953/3818
f 1964/1964/3819 1953/1953/3819 1952/1952/3819
f 1964/1964/3820 1952/1952/3820 1951/1951/3820
f 1964/1964/3821 1951/1951/3821 1950/1950/3821
f 1964/1964/3822 1950/1950/3822 1949/1949/3822
f 1964/1964/3823 1949/1949/3823 1948/1948/3823
f 1964/1964/3824 1948/1948/3824 1947/1947/3824
f 1947/1947/3825 1948/1948/3825 1927/1927/3825
f 1927/1927/3826 1948/1948/3826 1928/1928/3826
f 1948/1948/3827 1949/1949/3827 1928/1928/3827
f 1928/1928/3828 1949/1949/3828 1929/1929/3828
f 1949/1949/3829 1950/1950/3829 1929/1929/3829
f 1929/1929/3830 1950/1950/3830 1930/1930/3830
f 1950/1950/3831 1951/1951/3831 1930/1930/3831
f 1930/1930/3832 1951/1951/3832 1931/1931/3832
f 1951/1951/3833 1952/1952/3833 1931/1931/3833
f 1931/1931/3834 1952/1952/3834 1932/1932/3834
f 1952/1952/3835 1953/1953/3835 1932/1932/3835
f 1932/1932/3836 1953/1953/3836 1933/1933/3836
f 1953/1953/3837 1954/1954/3837 1933/1933/3837
f 1933/1933/3838 1954/1954/3838 1934/1934/3838
f 1954/1954/3839 1955/1955/3839 1934/1934/3839
f 1934/1934/3840 1955/1955/3840 1935/1935/3840
f 1955/1955/3841 1956/1956/3841 1935/1935/3841
f 1935/1935/3842 1956/1956/3842 1936/1936/3842
f 1956/1956/3843 1957/1957/3843 1936/1936/3843
f 1936/1936/3844 1957/1957/3844 1937/1937/3844
f 1957/1957/3845 1958/1958/3845 1937/1937/3845
f 1937/1937/3846 1958/1958/3846 1938/1938/3846
f 1958/1958/3847 1959/1959/3847 1938/1938/3847
f 1938/1938/3848 1959/1959/3848 1939/1939/3848
f 1959/1959/3849 1960/1960/3849 1939/1939/3849
f 1939/1939/3850 1960/1960/3850 1940/1940/3850
f 1960/1960/3851 1961/1961/3851 1940/1940/3851
f 1940/1940/3852 1961/1961/3852 1941/1941/3852
f 1961/1961/3853 1962/1962/3853 1941/1941/3853
f 1941/1941/3854 1962/1962/3854 1942/1942/3854
f 1962/1962/3855 1963/1963/3855 1942/1942/3855
f 1942/1942/3856 1963/1963/3856 1943/1943/3856
f 1963/1963/3857 1964/1964/3857 1943/1943/3857
f 1943/1943/3858 1964/1964/3858 1944/1944/3858
f 1964/1964/3859 1965/1965/3859 1944/1944/3859
f 1944/1944/3860 1965/1965/3860 1945/1945/3860
f 1966/1966/3861 1947/1947/3861 1946/1946/3861
f 1946/1946/3862 1947/1947/3862 1927/1927/3862
f 1965/1965/3863 1966/1966/3863 1945/1945/3863
f 1945/1945/3864 1966/1966/3864 1946/1946/3864
f 1988/1988/3865 1989/1989/3865 1967/1967/3865
f 1987/1987/3866 1988/1988/3866 1967/1967/3866
f 1986/1986/3867 1987/1987/3867 1967/1967/3867
f 1985/1985/3868 1986/1986/3868 1967/1967/3868
f 1984/1984/3869 1985/1985/3869 1967/1967/3869
f 1983/1983/3870 1984/1984/3870 1967/1967/3870
f 1982/1982/3871 1983/1983/3871 1967/1967/3871
f 1981/1981/3872 1982/1982/3872 1967/1967/3872
f 1980/1980/3873 1981/1981/3873 1967/1967/3873
f 1979/1979/3874 1980/1980/3874 1967/1967/3874
f 1978/1978/3875 1979/1979/3875 1967/1967/3875
f 1977/1977/3876 1978/1978/3876 1967/1967/3876
f 1975/1975/3877 1976/1976/3877 1977/1977/3877
f 1972/1972/3878 1973/1973/3878 1974/1974/3878
f 1971/1971/3879 1972/1972/3879 1974/1974/3879
f 1970/1970/3880 1971/1971/3880 1974/1974/3880
f 1969/1969/3881 1970/1970/3881 1974/1974/3881
f 1968/1968/3882 1969/1969/3882 1974/1974/3882
f 1967/1967/3883 1968/1968/3883 1974/1974/3883
f 1975/1975/3884 1977/1977/3884 1967/1967/3884
f 1974/1974/3885 1975/1975/3885 1967/1967/3885
f 1990/1990/3886 2012/2012/3886 2011/2011/3886
f 1990/1990/3887 2011/2011/3887 2010/2010/3887
f 1990/1990/3888 2010/2010/3888 2009/2009/3888
f 1990/1990/3889 2009/2009/3889 2008/2008/3889
f 1990/1990/3890 2008/2008/3890 2007/2007/3890
f 1990/1990/3891 2007/2007/3891 2006/2006/3891
f 1990/1990/3892 2006/2006/3892 2005/2005/3892
f 1990/1990/3893 2005/2005/3893 2004/2004/3893
f 1990/1990/3894 2004/2004/3894 2003/2003/3894
f 1990/1990/3895 2003/2003/3895 2002/2002/3895
f 1990/1990/3896 2002/2002/3896 2001/2001/3896
f 1990/1990/3897 2001/2001/3897 2000/2000/3897
f 2000/2000/3898 1999/1999/3898 1998/1998/3898
f 1997/1997/3899 1996/1996/3899 1995/1995/3899
f 1997/1997/3900 1995/1995/3900 1994/1994/3900
f 1997/1997/3901 1994/1994/3901 1993/1993/3901
f 1997/1997/3902 1993/1993/3902 1992/1992/3902
f 1997/1997/3903 1992/1992/3903 1991/1991/3903
f 1997/1997/3904 1991/1991/3904 1990/1990/3904
f 1990/1990/3905 2000/2000/3905 1998/1998/3905
f 1990/1990/3906 1998/1998/3906 1997/1997/3906
f 1990/1990/3907 1991/1991/3907 1967/1967/3907
f 1967/1967/3908 1991/1991/3908 1968/1968/3908
f 1991/1991/3909 1992/1992/3909 1968/1968/3909
f 1968/1968/3910 1992/1992/3910 1969/1969/3910
f 1992/1992/3911 1993/1993/3911 1969/1969/3911
f 1969/1969/3912 1993/1993/3912 1970/1970/3912
f 1993/1993/3913 1994/1994/3913 1970/1970/3913
f 1970/1970/3914 1994/1994/3914 1971/1971/3914
f 1994/1994/3915 1995/1995/3915 1971/1971/3915
f 1971/1971/3916 1995/1995/3916 1972/1972/3916
f 1995/1995/3917 1996/1996/3917 1972/1972/3917
f 1972/1972/3918 1996/1996/3918 1973/1973/3918
f 1996/1996/3919 1997/1997/3919 1973/1973/3919
f 1973/1973/3920 1997/1997/3920 1974/1974/3920
f 1997/1997/3921 1998/1998/3921 1974/1974/3921
f 1974/1974/3922 1998/1998/3922 1975/1975/3922
f 1998/1998/3923 1999/1999/3923 1975/1975/3923
f 1975/1975/3924 1999/1999/3924 1976/1976/3924
f 1999/1999/3925 2000/2000/3925 1976/1976/3925
f 1976/1976/3926 2000/2000/3926 1977/1977/3926
f 2000/2000/3927 2001/2001/3927 1977/1977/3927
f 1977/1977/3928 2001/2001/3928 1978/1978/3928
f 2001/2001/3929 2002/2002/3929 1978/1978/3929
f 1978/1978/3930 2002/2002/3930 1979/1979/3930
f 2002/2002/3931 2003/2003/3931 1979/1979/3931
f 1979/1979/3932 2003/2003/3932 1980/1980/3932
f 2003/2003/3933 2004/2004/3933 1980/1980/3933
f 1980/1980/3934 2004/2004/3934 1981/1981/3934
f 2004/2004/3935 2005/2005/3935 1981/1981/3935
f 1981/1981/3936 2005/2005/3936 1982/1982/3936
f 2005/2005/3937 2006/2006/3937 1982/1982/3937
f 1982/1982/3938 2006/2006/3938 1983/1983/3938
f 2006/2006/3939 2007/2007/3939 1983/1983/3939
f 1983/1983/3940 2007/2007/3940 1984/1984/3940
f 2007/2007/3941 2008/2008/3941 1984/1984/3941
f 1984/1984/3942 2008/2008/3942 1985/1985/3942
f 2008/2008/3943 2009/2009/3943 1985/1985/3943
f 1985/1985/3944 2009/2009/3944 1986/1986/3944
f 2009/2009/3945 2010/2010/3945 1986/1986/3945
f 1986/1986/3946 2010/2010/3946 1987/1987/3946
f 2010/2010/3947 2011/2011/3947 1987/1987/3947
f 1987/1987/3948 2011/2011/3948 1988/1988/3948
f 2012/2012/3949 1990/1990/3949 1989/1989/3949
f 1989/1989/3950 1990/1990/3950 1967/1967/3950
f 2011/2011/3951 2012/2012/3951 1988/1988/3951
f 1988/1988/3952 2012/2012/3952 1989/1989/3952
f 2052/2052/3953 2053/2053/3953 2013/2013/3953
f 2050/2050/3954 2051/2051/3954 2052/2052/3954
f 2048/2048/3955 2049/2049/3955 2050/2050/3955
f 2047/2047/3956 2048/2048/3956 2050/2050/3956
f 2046/2046/3957 2047/2047/3957 2050/2050/3957
f 2045/2045/3958 2046/2046/3958 2050/2050/3958
f 2042/2042/3959 2043/2043/3959 2044/2044/3959
f 2041/2041/3960 2042/2042/3960 2044/2044/3960
f 2040/2040/3961 2041/2041/3961 2044/2044/3961
f 2039/2039/3962 2040/2040/3962 2044/2044/3962
f 2038/2038/3963 2039/2039/3963 2044/2044/3963
f 2037/2037/3964 2038/2038/3964 2044/2044/3964
f 2036/2036/3965 2037/2037/3965 2044/2044/3965
f 2035/2035/3966 2036/2036/3966 2044/2044/3966
f 2034/2034/3967 2035/2035/3967 2044/2044/3967
f 2032/2032/3968 2033/2033/3968 2034/2034/3968
f 2031/2031/3969 2032/2032/3969 2034/2034/3969
f 2030/2030/3970 2031/2031/3970 2034/2034/3970
f 2029/2029/3971 2030/2030/3971 2034/2034/3971
f 2028/2028/3972 2029/2029/3972 2034/2034/3972
f 2027/2027/3973 2028/2028/3973 2034/2034/3973
f 2026/2026/3974 2027/2027/3974 2034/2034/3974
f 2025/2025/3975 2026/2026/3975 2034/2034/3975
f 2024/2024/3976 2025/2025/3976 2034/2034/3976
f 2023/2023/3977 2024/2024/3977 2034/2034/3977
f 2022/2022/3978 2023/2023/3978 2034/2034/3978
f 2020/2020/3979 2021/2021/3979 2022/2022/3979
f 2019/2019/3980 2020/2020/3980 2022/2022/3980
f 2018/2018/3981 2019/2019/3981 2022/2022/3981
f 2017/2017/3982 2018/2018/3982 2022/2022/3982
f 2016/2016/3983 2017/2017/3983 2022/2022/3983
f 2015/2015/3984 2016/2016/3984 2022/2022/3984
f 2014/2014/3985 2015/2015/3985 2022/2022/3985
f 2013/2013/3986 2014/2014/3986 2022/2022/3986
f 2052/2052/3987 2013/2013/3987 2022/2022/3987
f 2050/2050/3988 2052/2052/3988 2022/2022/3988
f 2045/2045/3989 2050/2050/3989 2022/2022/3989
f 2044/2044/3990 2045/2045/3990 2022/2022/3990
f 2034/2034/3991 2044/2044/3991 2022/2022/3991
f 2054/2054/3992 2094/2094/3992 2093/2093/3992
f 2093/2093/3993 2092/2092/3993 2091/2091/3993
f 2091/2091/3994 2090/2090/3994 2089/2089/3994
f 2091/2091/3995 2089/2089/3995 2088/2088/3995
f 2091/2091/3996 2088/2088/3996 2087/2087/3996
f 2091/2091/3997 2087/2087/3997 2086/2086/3997
f 2085/2085/3998 2084/2084/3998 2083/2083/3998
f 2085/2085/3999 2083/2083/3999 2082/2082/3999
f 2085/2085/4000 2082/2082/4000 2081/2081/4000
f 2085/2085/4001 2081/2081/4001 2080/2080/4001
f 2085/2085/4002 2080/2080/4002 2079/2079/4002
f 2085/2085/4003 2079/2079/4003 2078/2078/4003
f 2085/2085/4004 2078/2078/4004 2077/2077/4004
f 2085/2085/4005 2077/2077/4005 2076/2076/4005
f 2085/2085/4006 2076/2076/4006 2075/2075/4006
f 2075/2075/4007 2074/2074/4007 2073/2073/4007
f 2075/2075/4008 2073/2073/4008 2072/2072/4008
f 2075/2075/4009 2072/2072/4009 2071/2071/4009
f 2075/2075/4010 2071/2071/4010 2070/2070/4010
f 2075/2075/4011 2070/2070/4011 2069/2069/4011
f 2075/2075/4012 2069/2069/4012 2068/2068/4012
f 2075/2075/4013 2068/2068/4013 2067/2067/4013
f 2075/2075/4014 2067/2067/4014 2066/2066/4014
f 2075/2075/4015 2066/2066/4015 2065/2065/4015
f 2075/2075/4016 2065/2065/4016 2064/2064/4016
f 2075/2075/4017 2064/2064/4017 2063/2063/4017
f 2063/2063/4018 2062/2062/4018 2061/2061/4018
f 2063/2063/4019 2061/2061/4019 2060/2060/4019
f 2063/2063/4020 2060/2060/4020 2059/2059/4020
f 2063/2063/4021 2059/2059/4021 2058/2058/4021
f 2063/2063/4022 2058/2058/4022 2057/2057/4022
f 2063/2063/4023 2057/2057/4023 2056/2056/4023
f 2063/2063/4024 2056/2056/4024 2055/2055/4024
f 2063/2063/4025 2055/2055/4025 2054/2054/4025
f 2063/2063/4026 2054/2054/4026 2093/2093/4026
f 2063/2063/4027 2093/2093/4027 2091/2091/4027
f 2063/2063/4028 2091/2091/4028 2086/2086/4028
f 2063/2063/4029 2086/2086/4029 2085/2085/4029
f 2063/2063/4030 2085/2085/4030 2075/2075/4030
f 2054/2054/4031 2055/2055/4031 2013/2013/4031
f 2013/2013/4032 2055/2055/4032 2014/2014/4032
f 2055/2055/4033 2056/2056/4033 2014/2014/4033
f 2014/2014/4034 2056/2056/4034 2015/2015/4034
f 2056/2056/4035 2057/2057/4035 2015/2015/4035
f 2015/2015/4036 2057/2057/4036 2016/2016/4036
f 2057/2057/4037 2058/2058/4037 2016/2016/4037
f 2016/2016/4038 2058/2058/4038 2017/2017/4038
f 2058/2058/4039 2059/2059/4039 2017/2017/4039
f 2017/2017/4040 2059/2059/4040 2018/2018/4040
f 2059/2059/4041 2060/2060/4041 2018/2018/4041
f 2018/2018/4042 2060/2060/4042 2019/2019/4042
f 2060/2060/4043 2061/2061/4043 2019/2019/4043
f 2019/2019/4044 2061/2061/4044 2020/2020/4044
f 2061/2061/4045 2062/2062/4045 2020/2020/4045
f 2020/2020/4046 2062/2062/4046 2021/2021/4046
f 2062/2062/4047 2063/2063/4047 2021/2021/4047
f 2021/2021/4048 2063/2063/4048 2022/2022/4048
f 2063/2063/4049 2064/2064/4049 2022/2022/4049
f 2022/2022/4050 2064/2064/4050 2023/2023/4050
f 2064/2064/4051 2065/2065/4051 2023/2023/4051
f 2023/2023/4052 2065/2065/4052 2024/2024/4052
f 2065/2065/4053 2066/2066/4053 2024/2024/4053
f 2024/2024/4054 2066/2066/4054 2025/2025/4054
f 2066/2066/4055 2067/2067/4055 2025/2025/4055
f 2025/2025/4056 2067/2067/4056 2026/2026/4056
f 2067/2067/4057 2068/2068/4057 2026/2026/4057
f 2026/2026/4058 2068/2068/4058 2027/2027/4058
f 2068/2068/4059 2069/2069/4059 2027/2027/4059
f 2027/2027/4060 2069/2069/4060 2028/2028/4060
f 2069/2069/4061 2070/2070/4061 2028/2028/4061
f 2028/2028/4062 2070/2070/4062 2029/2029/4062
f 2070/2070/4063 2071/2071/4063 2029/2029/4063
f 2029/2029/4064 2071/2071/4064 2030/2030/4064
f 2071/2071/4065 2072/2072/4065 2030/2030/4065
f 2030/2030/4066 2072/2072/4066 2031/2031/4066
f 2072/2072/4067 2073/2073/4067 2031/2031/4067
f 2031/2031/4068 2073/2073/4068 2032/2032/4068
f 2073/2073/4069 2074/2074/4069 2032/2032/4069
f 2032/2032/4070 2074/2074/4070 2033/2033/4070
f 2074/2074/4071 2075/2075/4071 2033/2033/4071
f 2033/2033/4072 2075/2075/4072 2034/2034/4072
f 2075/2075/4073 2076/2076/4073 2034/2034/4073
f 2034/2034/4074 2076/2076/4074 2035/2035/4074
f 2076/2076/4075 2077/2077/4075 2035/2035/4075
f 2035/2035/4076 2077/2077/4076 2036/2036/4076
f 2077/2077/4077 2078/2078/4077 2036/2036/4077
f 2036/2036/4078 2078/2078/4078 2037/2037/4078
f 2078/2078/4079 2079/2079/4079 2037/2037/4079
f 2037/2037/4080 2079/2079/4080 2038/2038/4080
f 2079/2079/4081 2080/2080/4081 2038/2038/4081
f 2038/2038/4082 2080/2080/4082 2039/2039/4082
f 2080/2080/4083 2081/2081/4083 2039/2039/4083
f 2039/2039/4084 2081/2081/4084 2040/2040/4084
f 2081/2081/4085 2082/2082/4085 2040/2040/4085
f 2040/2040/4086 2082/2082/4086 2041/2041/4086
f 2082/2082/4087 2083/2083/4087 2041/2041/4087
f 2041/2041/4088 2083/2083/4088 2042/2042/4088
f 2083/2083/4089 2084/2084/4089 2042/2042/4089
f 2042/2042/4090 2084/2084/4090 2043/2043/4090
f 2084/2084/4091 2085/2085/4091 2043/2043/4091
f 2043/2043/4092 2085/2085/4092 2044/2044/4092
f 2085/2085/4093 2086/2086/4093 2044/2044/4093
f 2044/2044/4094 2086/2086/4094 2045/2045/4094
f 2086/2086/4095 2087/2087/4095 2045/2045/4095
f 2045/2045/4096 2087/2087/4096 2046/2046/4096
f 2087/2087/4097 2088/2088/4097 2046/2046/4097
f 2046/2046/4098 2088/2088/4098 2047/2047/4098
f 2088/2088/4099 2089/2089/4099 2047/2047/4099
f 2047/2047/4100 2089/2089/4100 2048/2048/4100
f 2089/2089/4101 2090/2090/4101 2048/2048/4101
f 2048/2048/4102 2090/2090/4102 2049/2049/4102
f 2090/2090/4103 2091/2091/4103 2049/2049/4103
f 2049/2049/4104 2091/2091/4104 2050/2050/4104
f 2091/2091/4105 2092/2092/4105 2050/2050/4105
f 2050/2050/4106 2092/2092/4106 2051/2051/4106
f 2092/2092/4107 2093/2093/4107 2051/2051/4107
f 2051/2051/4108 2093/2093/4108 2052/2052/4108
f 2094/2094/4109 2054/2054/4109 2053/2053/4109
f 2053/2053/4110 2054/2054/4110 2013/2013/4110
f 2093/2093/4111 2094/2094/4111 2052/2052/4111
f 2052/2052/4112 2094/2094/4112 2053/2053/4112
f 2151/2151/4113 2152/2152/4113 2095/2095/4113
f 2150/2150/4114 2151/2151/4114 2095/2095/4114
f 2149/2149/4115 2150/2150/4115 2095/2095/4115
f 2148/2148/4116 2149/2149/4116 2095/2095/4116
f 2147/2147/4117 2148/2148/4117 2095/2095/4117
f 2145/2145/4118 2146/2146/4118 2147/2147/4118
f 2144/2144/4119 2145/2145/4119 2147/2147/4119
f 2143/2143/4120 2144/2144/4120 2147/2147/4120
f 2142/2142/4121 2143/2143/4121 2147/2147/4121
f 2141/2141/4122 2142/2142/4122 2147/2147/4122
f 2140/2140/4123 2141/2141/4123 2147/2147/4123
f 2139/2139/4124 2140/2140/4124 2147/2147/4124
f 2138/2138/4125 2139/2139/4125 2147/2147/4125
f 2137/2137/4126 2138/2138/4126 2147/2147/4126
f 2136/2136/4127 2137/2137/4127 2147/2147/4127
f 2135/2135/4128 2136/2136/4128 2147/2147/4128
f 2134/2134/4129 2135/2135/4129 2147/2147/4129
f 2133/2133/4130 2134/2134/4130 2147/2147/4130
f 2132/2132/4131 2133/2133/4131 2147/2147/4131
f 2131/2131/4132 2132/2132/4132 2147/2147/4132
f 2130/2130/4133 2131/2131/4133 2147/2147/4133
f 2129/2129/4134 2130/2130/4134 2147/2147/4134
f 2128/2128/4135 2129/2129/4135 2147/2147/4135
f 2127/2127/4136 2128/2128/4136 2147/2147/4136
f 2126/2126/4137 2127/2127/4137 2147/2147/4137
f 2125/2125/4138 2126/2126/4138 2147/2147/4138
f 2124/2124/4139 2125/2125/4139 2147/2147/4139
f 2123/2123/4140 2124/2124/4140 2147/2147/4140
f 2122/2122/4141 2123/2123/4141 2147/2147/4141
f 2121/2121/4142 2122/2122/4142 2147/2147/4142
f 2120/2120/4143 2121/2121/4143 2147/2147/4143
f 2119/2119/4144 2120/2120/4144 2147/2147/4144
f 2118/2118/4145 2119/2119/4145 2147/2147/4145
f 2117/2117/4146 2118/2118/4146 2147/2147/4146
f 2116/2116/4147 2117/2117/4147 2147/2147/4147
f 2115/2115/4148 2116/2116/4148 2147/2147/4148
f 2114/2114/4149 2115/2115/4149 2147/2147/4149
f 2113/2113/4150 2114/2114/4150 2147/2147/4150
f 2112/2112/4151 2113/2113/4151 2147/2147/4151
f 2111/2111/4152 2112/2112/4152 2147/2147/4152
f 2110/2110/4153 2111/2111/4153 2147/2147/4153
f 2109/2109/4154 2110/2110/4154 2147/2147/4154
f 2108/2108/4155 2109/2109/4155 2147/2147/4155
f 2107/2107/4156 2108/2108/4156 2147/2147/4156
f 2106/2106/4157 2107/2107/4157 2147/2147/4157
f 2105/2105/4158 2106/2106/4158 2147/2147/4158
f 2104/2104/4159 2105/2105/4159 2147/2147/4159
f 2103/2103/4160 2104/2104/4160 2147/2147/4160
f 2102/2102/4161 2103/2103/4161 2147/2147/4161
f 2101/2101/4162 2102/2102/4162 2147/2147/4162
f 2099/2099/4163 2100/2100/4163 2101/2101/4163
f 2097/2097/4164 2098/2098/4164 2099/2099/4164
f 2147/2147/4165 2095/2095/4165 2096/2096/4165
f 2101/2101/4166 2147/2147/4166 2096/2096/4166
f 2097/2097/4167 2099/2099/4167 2101/2101/4167
f 2096/2096/4168 2097/2097/4168 2101/2101/4168
f 2153/2153/4169 2210/2210/4169 2209/2209/4169
f 2153/2153/4170 2209/2209/4170 2208/2208/4170
f 2153/2153/4171 2208/2208/4171 2207/2207/4171
f 2153/2153/4172 2207/2207/4172 2206/2206/4172
f 2153/2153/4173 2206/2206/4173 2205/2205/4173
f 2205/2205/4174 2204/2204/4174 2203/2203/4174
f 2205/2205/4175 2203/2203/4175 2202/2202/4175
f 2205/2205/4176 2202/2202/4176 2201/2201/4176
f 2205/2205/4177 2201/2201/4177 2200/2200/4177
f 2205/2205/4178 2200/2200/4178 2199/2199/4178
f 2205/2205/4179 2199/2199/4179 2198/2198/4179
f 2205/2205/4180 2198/2198/4180 2197/2197/4180
f 2205/2205/4181 2197/2197/4181 2196/2196/4181
f 2205/2205/4182 2196/2196/4182 2195/2195/4182
f 2205/2205/4183 2195/2195/4183 2194/2194/4183
f 2205/2205/4184 2194/2194/4184 2193/2193/4184
f 2205/2205/4185 2193/2193/4185 2192/2192/4185
f 2205/2205/4186 2192/2192/4186 2191/2191/4186
f 2205/2205/4187 2191/2191/4187 2190/2190/4187
f 2205/2205/4188 2190/2190/4188 2189/2189/4188
f 2205/2205/4189 2189/2189/4189 2188/2188/4189
f 2205/2205/4190 2188/2188/4190 2187/2187/4190
f 2205/2205/4191 2187/2187/4191 2186/2186/4191
f 2205/2205/4192 2186/2186/4192 2185/2185/4192
f 2205/2205/4193 2185/2185/4193 2184/2184/4193
f 2205/2205/4194 2184/2184/4194 2183/2183/4194
f 2205/2205/4195 2183/2183/4195 2182/2182/4195
f 2205/2205/4196 2182/2182/4196 2181/2181/4196
f 2205/2205/4197 2181/2181/4197 2180/2180/4197
f 2205/2205/4198 2180/2180/4198 2179/2179/4198
f 2205/2205/4199 2179/2179/4199 2178/2178/4199
f 2205/2205/4200 2178/2178/4200 2177/2177/4200
f 2205/2205/4201 2177/2177/4201 2176/2176/4201
f 2205/2205/4202 2176/2176/4202 2175/2175/4202
f 2205/2205/4203 2175/2175/4203 2174/2174/4203
f 2205/2205/4204 2174/2174/4204 2173/2173/4204
f 2205/2205/4205 2173/2173/4205 2172/2172/4205
f 2205/2205/4206 2172/2172/4206 2171/2171/4206
f 2205/2205/4207 2171/2171/4207 2170/2170/4207
f 2205/2205/4208 2170/2170/4208 2169/2169/4208
f 2205/2205/4209 2169/2169/4209 2168/2168/4209
f 2205/2205/4210 2168/2168/4210 2167/2167/4210
f 2205/2205/4211 2167/2167/4211 2166/2166/4211
f 2205/2205/4212 2166/2166/4212 2165/2165/4212
f 2205/2205/4213 2165/2165/4213 2164/2164/4213
f 2205/2205/4214 2164/2164/4214 2163/2163/4214
f 2205/2205/4215 2163/2163/4215 2162/2162/4215
f 2205/2205/4216 2162/2162/4216 2161/2161/4216
f 2205/2205/4217 2161/2161/4217 2160/2160/4217
f 2205/2205/4218 2160/2160/4218 2159/2159/4218
f 2159/2159/4219 2158/2158/4219 2157/2157/4219
f 2157/2157/4220 2156/2156/4220 2155/2155/4220
f 2154/2154/4221 2153/2153/4221 2205/2205/4221
f 2154/2154/4222 2205/2205/4222 2159/2159/4222
f 2159/2159/4223 2157/2157/4223 2155/2155/4223
f 2159/2159/4224 2155/2155/4224 2154/2154/4224
f 2153/2153/4225 2154/2154/4225 2095/2095/4225
f 2095/2095/4226 2154/2154/4226 2096/2096/4226
f 2154/2154/4227 2155/2155/4227 2096/2096/4227
f 2096/2096/4228 2155/2155/4228 2097/2097/4228
f 2155/2155/4229 2156/2156/4229 2097/2097/4229
f 2097/2097/4230 2156/2156/4230 2098/2098/4230
f 2156/2156/4231 2157/2157/4231 2098/2098/4231
f 2098/2098/4232 2157/2157/4232 2099/2099/4232
f 2157/2157/4233 2158/2158/4233 2099/2099/4233
f 2099/2099/4234 2158/2158/4234 2100/2100/4234
f 2158/2158/4235 2159/2159/4235 2100/2100/4235
f 2100/2100/4236 2159/2159/4236 2101/2101/4236
f 2159/2159/4237 2160/2160/4237 2101/2101/4237
f 2101/2101/4238 2160/2160/4238 2102/2102/4238
f 2160/2160/4239 2161/2161/4239 2102/2102/4239
f 2102/2102/4240 2161/2161/4240 2103/2103/4240
f 2161/2161/4241 2162/2162/4241 2103/2103/4241
f 2103/2103/4242 2162/2162/4242 2104/2104/4242
f 2162/2162/4243 2163/2163/4243 2104/2104/4243
f 2104/2104/4244 2163/2163/4244 2105/2105/4244
f 2163/2163/4245 2164/2164/4245 2105/2105/4245
f 2105/2105/4246 2164/2164/4246 2106/2106/4246
f 2164/2164/4247 2165/2165/4247 2106/2106/4247
f 2106/2106/4248 2165/2165/4248 2107/2107/4248
f 2165/2165/4249 2166/2166/4249 2107/2107/4249
f 2107/2107/4250 2166/2166/4250 2108/2108/4250
f 2166/2166/4251 2167/2167/4251 2108/2108/4251
f 2108/2108/4252 2167/2167/4252 2109/2109/4252
f 2167/2167/4253 2168/2168/4253 2109/2109/4253
f 2109/2109/4254 2168/2168/4254 2110/2110/4254
f 2168/2168/4255 2169/2169/4255 2110/2110/4255
f 2110/2110/4256 2169/2169/4256 2111/2111/4256
f 2169/2169/4257 2170/2170/4257 2111/2111/4257
f 2111/2111/4258 2170/2170/4258 2112/2112/4258
f 2170/2170/4259 2171/2171/4259 2112/2112/4259
f 2112/2112/4260 2171/2171/4260 2113/2113/4260
f 2171/2171/4261 2172/2172/4261 2113/2113/4261
f 2113/2113/4262 2172/2172/4262 2114/2114/4262
f 2172/2172/4263 2173/2173/4263 2114/2114/4263
f 2114/2114/4264 2173/2173/4264 2115/2115/4264
f 2173/2173/4265 2174/2174/4265 2115/2115/4265
f 2115/2115/4266 2174/2174/4266 2116/2116/4266
f 2174/2174/4267 2175/2175/4267 2116/2116/4267
f 2116/2116/4268 2175/2175/4268 2117/2117/4268
f 2175/2175/4269 2176/2176/4269 2117/2117/4269
f 2117/2117/4270 2176/2176/4270 2118/2118/4270
f 2176/2176/4271 2177/2177/4271 2118/2118/4271
f 2118/2118/4272 2177/2177/4272 2119/2119/4272
f 2177/2177/4273 2178/2178/4273 2119/2119/4273
f 2119/2119/4274 2178/2178/4274 2120/2120/4274
f 2178/2178/4275 2179/2179/4275 2120/2120/4275
f 2120/2120/4276 2179/2179/4276 2121/2121/4276
f 2179/2179/4277 2180/2180/4277 2121/2121/4277
f 2121/2121/4278 2180/2180/4278 2122/2122/4278
f 2180/2180/4279 2181/2181/4279 2122/2122/4279
f 2122/2122/4280 2181/2181/4280 2123/2123/4280
f 2181/2181/4281 2182/2182/4281 2123/2123/4281
f 2123/2123/4282 2182/2182/4282 2124/2124/4282
f 2182/2182/4283 2183/2183/4283 2124/2124/4283
f 2124/2124/4284 2183/2183/4284 2125/2125/4284
f 2183/2183/4285 2184/2184/4285 2125/2125/4285
f 2125/2125/4286 2184/2184/4286 2126/2126/4286
f 2184/2184/4287 2185/2185/4287 2126/2126/4287
f 2126/2126/4288 2185/2185/4288 2127/2127/4288
f 2185/2185/4289 2186/2186/4289 2127/2127/4289
f 2127/2127/4290 2186/2186/4290 2128/2128/4290
f 2186/2186/4291 2187/2187/4291 2128/2128/4291
f 2128/2128/4292 2187/2187/4292 2129/2129/4292
f 2187/2187/4293 2188/2188/4293 2129/2129/4293
f 2129/2129/4294 2188/2188/4294 2130/2130/4294
f 2188/2188/4295 2189/2189/4295 2130/2130/4295
f 2130/2130/4296 2189/2189/4296 2131/2131/4296
f 2189/2189/4297 2190/2190/4297 2131/2131/4297
f 2131/2131/4298 2190/2190/4298 2132/2132/4298
f 2190/2190/4299 2191/2191/4299 2132/2132/4299
f 2132/2132/4300 2191/2191/4300 2133/2133/4300
f 2191/2191/4301 2192/2192/4301 2133/2133/4301
f 2133/2133/4302 2192/2192/4302 2134/2134/4302
f 2192/2192/4303 2193/2193/4303 2134/2134/4303
f 2134/2134/4304 2193/2193/4304 2135/2135/4304
f 2193/2193/4305 2194/2194/4305 2135/2135/4305
f 2135/2135/4306 2194/2194/4306 2136/2136/4306
f 2194/2194/4307 2195/2195/4307 2136/2136/4307
f 2136/2136/4308 2195/2195/4308 2137/2137/4308
f 2195/2195/4309 2196/2196/4309 2137/2137/4309
f 2137/2137/4310 2196/2196/4310 2138/2138/4310
f 2196/2196/4311 2197/2197/4311 2138/2138/4311
f 2138/2138/4312 2197/2197/4312 2139/2139/4312
f 2197/2197/4313 2198/2198/4313 2139/2139/4313
f 2139/2139/4314 2198/2198/4314 2140/2140/4314
f 2198/2198/4315 2199/2199/4315 2140/2140/4315
f 2140/2140/4316 2199/2199/4316 2141/2141/4316
f 2199/2199/4317 2200/2200/4317 2141/2141/4317
f 2141/2141/4318 2200/2200/4318 2142/2142/4318
f 2200/2200/4319 2201/2201/4319 2142/2142/4319
f 2142/2142/4320 2201/2201/4320 2143/2143/4320
f 2201/2201/4321 2202/2202/4321 2143/2143/4321
f 2143/2143/4322 2202/2202/4322 2144/2144/4322
f 2202/2202/4323 2203/2203/4323 2144/2144/4323
f 2144/2144/4324 2203/2203/4324 2145/2145/4324
f 2203/2203/4325 2204/2204/4325 2145/2145/4325
f 2145/2145/4326 2204/2204/4326 2146/2146/4326
f 2204/2204/4327 2205/2205/4327 2146/2146/4327
f 2146/2146/4328 2205/2205/4328 2147/2147/4328
f 2205/2205/4329 2206/2206/4329 2147/2147/4329
f 2147/2147/4330 2206/2206/4330 2148/2148/4330
f 2206/2206/4331 2207/2207/4331 2148/2148/4331
f 2148/2148/4332 2207/2207/4332 2149/2149/4332
f 2207/2207/4333 2208/2208/4333 2149/2149/4333
f 2149/2149/4334 2208/2208/4334 2150/2150/4334
f 2208/2208/4335 2209/2209/4335 2150/2150/4335
f 2150/2150/4336 2209/2209/4336 2151/2151/4336
f 2210/2210/4337 2153/2153/4337 2152/2152/4337
f 2152/2152/4338 2153/2153/4338 2095/2095/4338
f 2209/2209/4339 2210/2210/4339 2151/2151/4339
f 2151/2151/4340 2210/2210/4340 2152/2152/4340
f 2214/2214/4341 2215/2215/4341 2211/2211/4341
f 2213/2213/4342 2214/2214/4342 2211/2211/4342
f 2212/2212/4343 2213/2213/4343 2211/2211/4343
f 2216/2216/4344 2220/2220/4344 2219/2219/4344
f 2216/2216/4345 2219/2219/4345 2218/2218/4345
f 2216/2216/4346 2218/2218/4346 2217/2217/4346
f 2216/2216/4347 2217/2217/4347 2211/2211/4347
f 2211/2211/4348 2217/2217/4348 2212/2212/4348
f 2217/2217/4349 2218/2218/4349 2212/2212/4349
f 2212/2212/4350 2218/2218/4350 2213/2213/4350
f 2218/2218/4351 2219/2219/4351 2213/2213/4351
f 2213/2213/4352 2219/2219/4352 2214/2214/4352
f 2220/2220/4353 2216/2216/4353 2215/2215/4353
f 2215/2215/4354 2216/2216/4354 2211/2211/4354
f 2219/2219/4355 2220/2220/4355 2214/2214/4355
f 2214/2214/4356 2220/2220/4356 2215/2215/4356
f 2229/2229/4357 2230/2230/4357 2226/2226/4357
f 2226/2226/4358 2230/2230/4358 2231/2231/4358
f 2225/2225/4359 2226/2226/4359 2231/2231/4359
f 2224/2224/4360 2225/2225/4360 2231/2231/4360
f 2229/2229/4361 2226/2226/4361 2227/2227/4361
f 2236/2236/4362 2229/2229/4362 2227/2227/4362
f 2224/2224/4363 2231/2231/4363 2232/2232/4363
f 2223/2223/4364 2224/2224/4364 2232/2232/4364
f 2236/2236/4365 2227/2227/4365 2228/2228/4365
f 2235/2235/4366 2236/2236/4366 2228/2228/4366
f 2223/2223/4367 2232/2232/4367 2233/2233/4367
f 2222/2222/4368 2223/2223/4368 2233/2233/4368
f 2235/2235/4369 2228/2228/4369 2221/2221/4369
f 2234/2234/4370 2235/2235/4370 2221/2221/4370
f 2222/2222/4371 2233/2233/4371 2234/2234/4371
f 2221/2221/4372 2222/2222/4372 2234/2234/4372
f 2242/2242/4373 2246/2246/4373 2245/2245/4373
f 2247/2247/4374 2246/2246/4374 2242/2242/4374
f 2247/2247/4375 2242/2242/4375 2241/2241/4375
f 2247/2247/4376 2241/2241/4376 2240/2240/4376
f 2243/2243/4377 2242/2242/4377 2245/2245/4377
f 2243/2243/4378 2245/2245/4378 2252/2252/4378
f 2248/2248/4379 2247/2247/4379 2240/2240/4379
f 2248/2248/4380 2240/2240/4380 2239/2239/4380
f 2244/2244/4381 2243/2243/4381 2252/2252/4381
f 2244/2244/4382 2252/2252/4382 2251/2251/4382
f 2249/2249/4383 2248/2248/4383 2239/2239/4383
f 2249/2249/4384 2239/2239/4384 2238/2238/4384
f 2237/2237/4385 2244/2244/4385 2251/2251/4385
f 2237/2237/4386 2251/2251/4386 2250/2250/4386
f 2250/2250/4387 2249/2249/4387 2238/2238/4387
f 2250/2250/4388 2238/2238/4388 2237/2237/4388
f 2237/2237/4389 2238/2238/4389 2221/2221/4389
f 2221/2221/4390 2238/2238/4390 2222/2222/4390
f 2238/2238/4391 2239/2239/4391 2222/2222/4391
f 2222/2222/4392 2239/2239/4392 2223/2223/4392
f 2239/2239/4393 2240/2240/4393 2223/2223/4393
f 2223/2223/4394 2240/2240/4394 2224/2224/4394
f 2240/2240/4395 2241/2241/4395 2224/2224/4395
f 2224/2224/4396 2241/2241/4396 2225/2225/4396
f 2241/2241/4397 2242/2242/4397 2225/2225/4397
f 2225/2225/4398 2242/2242/4398 2226/2226/4398
f 2242/2242/4399 2243/2243/4399 2226/2226/4399
f 2226/2226/4400 2243/2243/4400 2227/2227/4400
f 2244/2244/4401 2237/2237/4401 2228/2228/4401
f 2228/2228/4402 2237/2237/4402 2221/2221/4402
f 2243/2243/4403 2244/2244/4403 2227/2227/4403
f 2227/2227/4404 2244/2244/4404 2228/2228/4404
f 2245/2245/4405 2246/2246/4405 2229/2229/4405
f 2229/2229/4406 2246/2246/4406 2230/2230/4406
f 2246/2246/4407 2247/2247/4407 2230/2230/4407
f 2230/2230/4408 2247/2247/4408 2231/2231/4408
f 2247/2247/4409 2248/2248/4409 2231/2231/4409
f 2231/2231/4410 2248/2248/4410 2232/2232/4410
f 2248/2248/4411 2249/2249/4411 2232/2232/4411
f 2232/2232/4412 2249/2249/4412 2233/2233/4412
f 2249/2249/4413 2250/2250/4413 2233/2233/4413
f 2233/2233/4414 2250/2250/4414 2234/2234/4414
f 2250/2250/4415 2251/2251/4415 2234/2234/4415
f 2234/2234/4416 2251/2251/4416 2235/2235/4416
f 2252/2252/4417 2245/2245/4417 2236/2236/4417
f 2236/2236/4418 2245/2245/4418 2229/2229/4418
f 2251/2251/4419 2252/2252/4419 2235/2235/4419
f 2235/2235/4420 2252/2252/4420 2236/2236/4420
f 2271/2271/4421 2272/2272/4421 2253/2253/4421
f 2270/2270/4422 2271/2271/4422 2253/2253/4422
f 2269/2269/4423 2270/2270/4423 2253/2253/4423
f 2268/2268/4424 2269/2269/4424 2253/2253/4424
f 2267/2267/4425 2268/2268/4425 2253/2253/4425
f 2266/2266/4426 2267/2267/4426 2253/2253/4426
f 2265/2265/4427 2266/2266/4427 2253/2253/4427
f 2264/2264/4428 2265/2265/4428 2253/2253/4428
f 2261/2261/4429 2262/2262/4429 2263/2263/4429
f 2260/2260/4430 2261/2261/4430 2263/2263/4430
f 2259/2259/4431 2260/2260/4431 2263/2263/4431
f 2258/2258/4432 2259/2259/4432 2263/2263/4432
f 2257/2257/4433 2258/2258/4433 2263/2263/4433
f 2256/2256/4434 2257/2257/4434 2263/2263/4434
f 2255/2255/4435 2256/2256/4435 2263/2263/4435
f 2253/2253/4436 2254/2254/4436 2255/2255/4436
f 2264/2264/4437 2253/2253/4437 2255/2255/4437
f 2263/2263/4438 2264/2264/4438 2255/2255/4438
f 2273/2273/4439 2292/2292/4439 2291/2291/4439
f 2273/2273/4440 2291/2291/4440 2290/2290/4440
f 2273/2273/4441 2290/2290/4441 2289/2289/4441
f 2273/2273/4442 2289/2289/4442 2288/2288/4442
f 2273/2273/4443 2288/2288/4443 2287/2287/4443
f 2273/2273/4444 2287/2287/4444 2286/2286/4444
f 2273/2273/4445 2286/2286/4445 2285/2285/4445
f 2273/2273/4446 2285/2285/4446 2284/2284/4446
f 2283/2283/4447 2282/2282/4447 2281/2281/4447
f 2283/2283/4448 2281/2281/4448 2280/2280/4448
f 2283/2283/4449 2280/2280/4449 2279/2279/4449
f 2283/2283/4450 2279/2279/4450 2278/2278/4450
f 2283/2283/4451 2278/2278/4451 2277/2277/4451
f 2283/2283/4452 2277/2277/4452 2276/2276/4452
f 2283/2283/4453 2276/2276/4453 2275/2275/4453
f 2275/2275/4454 2274/2274/4454 2273/2273/4454
f 2275/2275/4455 2273/2273/4455 2284/2284/4455
f 2275/2275/4456 2284/2284/4456 2283/2283/4456
f 2273/2273/4457 2274/2274/4457 2253/2253/4457
f 2253/2253/4458 2274/2274/4458 2254/2254/4458
f 2274/2274/4459 2275/2275/4459 2254/2254/4459
f 2254/2254/4460 2275/2275/4460 2255/2255/4460
f 2275/2275/4461 2276/2276/4461 2255/2255/4461
f 2255/2255/4462 2276/2276/4462 2256/2256/4462
f 2276/2276/4463 2277/2277/4463 2256/2256/4463
f 2256/2256/4464 2277/2277/4464 2257/2257/4464
f 2277/2277/4465 2278/2278/4465 2257/2257/4465
f 2257/2257/4466 2278/2278/4466 2258/2258/4466
f 2278/2278/4467 2279/2279/4467 2258/2258/4467
f 2258/2258/4468 2279/2279/4468 2259/2259/4468
f 2279/2279/4469 2280/2280/4469 2259/2259/4469
f 2259/2259/4470 2280/2280/4470 2260/2260/4470
f 2280/2280/4471 2281/2281/4471 2260/2260/4471
f 2260/2260/4472 2281/2281/4472 2261/2261/4472
f 2281/2281/4473 2282/2282/4473 2261/2261/4473
f 2261/2261/4474 2282/2282/4474 2262/2262/4474
f 2282/2282/4475 2283/2283/4475 2262/2262/4475
f 2262/2262/4476 2283/2283/4476 2263/2263/4476
f 2283/2283/4477 2284/2284/4477 2263/2263/4477
f 2263/2263/4478 2284/2284/4478 2264/2264/4478
f 2284/2284/4479 2285/2285/4479 2264/2264/4479
f 2264/2264/4480 2285/2285/4480 2265/2265/4480
f 2285/2285/4481 2286/2286/4481 2265/2265/4481
f 2265/2265/4482 2286/2286/4482 2266/2266/4482
f 2286/2286/4483 2287/2287/4483 2266/2266/4483
f 2266/2266/4484 2287/2287/4484 2267/2267/4484
f 2287/2287/4485 2288/2288/4485 2267/2267/4485
f 2267/2267/4486 2288/2288/4486 2268/2268/4486
f 2288/2288/4487 2289/2289/4487 2268/2268/4487
f 2268/2268/4488 2289/2289/4488 2269/2269/4488
f 2289/2289/4489 2290/2290/4489 2269/2269/4489
f 2269/2269/4490 2290/2290/4490 2270/2270/4490
f 2290/2290/4491 2291/2291/4491 2270/2270/4491
f 2270/2270/4492 2291/2291/4492 2271/2271/4492
f 2292/2292/4493 2273/2273/4493 2272/2272/4493
f 2272/2272/4494 2273/2273/4494 2253/2253/4494
f 2291/2291/4495 2292/2292/4495 2271/2271/4495
f 2271/2271/4496 2292/2292/4496 2272/2272/4496
f 2314/2314/4497 2315/2315/4497 2293/2293/4497
f 2313/2313/4498 2314/2314/4498 2293/2293/4498
f 2312/2312/4499 2313/2313/4499 2293/2293/4499
f 2311/2311/4500 2312/2312/4500 2293/2293/4500
f 2310/2310/4501 2311/2311/4501 2293/2293/4501
f 2309/2309/4502 2310/2310/4502 2293/2293/4502
f 2308/2308/4503 2309/2309/4503 2293/2293/4503
f 2307/2307/4504 2308/2308/4504 2293/2293/4504
f 2306/2306/4505 2307/2307/4505 2293/2293/4505
f 2305/2305/4506 2306/2306/4506 2293/2293/4506
f 2304/2304/4507 2305/2305/4507 2293/2293/4507
f 2303/2303/4508 2304/2304/4508 2293/2293/4508
f 2301/2301/4509 2302/2302/4509 2303/2303/4509
f 2300/2300/4510 2301/2301/4510 2303/2303/4510
f 2299/2299/4511 2300/2300/4511 2303/2303/4511
f 2298/2298/4512 2299/2299/4512 2303/2303/4512
f 2297/2297/4513 2298/2298/4513 2303/2303/4513
f 2296/2296/4514 2297/2297/4514 2303/2303/4514
f 2295/2295/4515 2296/2296/4515 2303/2303/4515
f 2293/2293/4516 2294/2294/4516 2295/2295/4516
f 2303/2303/4517 2293/2293/4517 2295/2295/4517
f 2316/2316/4518 2338/2338/4518 2337/2337/4518
f 2316/2316/4519 2337/2337/4519 2336/2336/4519
f 2316/2316/4520 2336/2336/4520 2335/2335/4520
f 2316/2316/4521 2335/2335/4521 2334/2334/4521
f 2316/2316/4522 2334/2334/4522 2333/2333/4522
f 2316/2316/4523 2333/2333/4523 2332/2332/4523
f 2316/2316/4524 2332/2332/4524 2331/2331/4524
f 2316/2316/4525 2331/2331/4525 2330/2330/4525
f 2316/2316/4526 2330/2330/4526 2329/2329/4526
f 2316/2316/4527 2329/2329/4527 2328/2328/4527
f 2316/2316/4528 2328/2328/4528 2327/2327/4528
f 2316/2316/4529 2327/2327/4529 2326/2326/4529
f 2326/2326/4530 2325/2325/4530 2324/2324/4530
f 2326/2326/4531 2324/2324/4531 2323/2323/4531
f 2326/2326/4532 2323/2323/4532 2322/2322/4532
f 2326/2326/4533 2322/2322/4533 2321/2321/4533
f 2326/2326/4534 2321/2321/4534 2320/2320/4534
f 2326/2326/4535 2320/2320/4535 2319/2319/4535
f 2326/2326/4536 2319/2319/4536 2318/2318/4536
f 2318/2318/4537 2317/2317/4537 2316/2316/4537
f 2318/2318/4538 2316/2316/4538 2326/2326/4538
f 2316/2316/4539 2317/2317/4539 2293/2293/4539
f 2293/2293/4540 2317/2317/4540 2294/2294/4540
f 2317/2317/4541 2318/2318/4541 2294/2294/4541
f 2294/2294/4542 2318/2318/4542 2295/2295/4542
f 2318/2318/4543 2319/2319/4543 2295/2295/4543
f 2295/2295/4544 2319/2319/4544 2296/2296/4544
f 2319/2319/4545 2320/2320/4545 2296/2296/4545
f 2296/2296/4546 2320/2320/4546 2297/2297/4546
f 2320/2320/4547 2321/2321/4547 2297/2297/4547
f 2297/2297/4548 2321/2321/4548 2298/2298/4548
f 2321/2321/4549 2322/2322/4549 2298/2298/4549
f 2298/2298/4550 2322/2322/4550 2299/2299/4550
f 2322/2322/4551 2323/2323/4551 2299/2299/4551
f 2299/2299/4552 2323/2323/4552 2300/2300/4552
f 2323/2323/4553 2324/2324/4553 2300/2300/4553
f 2300/2300/4554 2324/2324/4554 2301/2301/4554
f 2324/2324/4555 2325/2325/4555 2301/2301/4555
f 2301/2301/4556 2325/2325/4556 2302/2302/4556
f 2325/2325/4557 2326/2326/4557 2302/2302/4557
f 2302/2302/4558 2326/2326/4558 2303/2303/4558
f 2326/2326/4559 2327/2327/4559 2303/2303/4559
f 2303/2303/4560 2327/2327/4560 2304/2304/4560
f 2327/2327/4561 2328/2328/4561 2304/2304/4561
f 2304/2304/4562 2328/2328/4562 2305/2305/4562
f 2328/2328/4563 2329/2329/4563 2305/2305/4563
f 2305/2305/4564 2329/2329/4564 2306/2306/4564
f 2329/2329/4565 2330/2330/4565 2306/2306/4565
f 2306/2306/4566 2330/2330/4566 2307/2307/4566
f 2330/2330/4567 2331/2331/4567 2307/2307/4567
f 2307/2307/4568 2331/2331/4568 2308/2308/4568
f 2331/2331/4569 2332/2332/4569 2308/2308/4569
f 2308/2308/4570 2332/2332/4570 2309/2309/4570
f 2332/2332/4571 2333/2333/4571 2309/2309/4571
f 2309/2309/4572 2333/2333/4572 2310/2310/4572
f 2333/2333/4573 2334/2334/4573 2310/2310/4573
f 2310/2310/4574 2334/2334/4574 2311/2311/4574
f 2334/2334/4575 2335/2335/4575 2311/2311/4575
f 2311/2311/4576 2335/2335/4576 2312/2312/4576
f 2335/2335/4577 2336/2336/4577 2312/2312/4577
f 2312/2312/4578 2336/2336/4578 2313/2313/4578
f 2336/2336/4579 2337/2337/4579 2313/2313/4579
f 2313/2313/4580 2337/2337/4580 2314/2314/4580
f 2338/2338/4581 2316/2316/4581 2315/2315/4581
f 2315/2315/4582 2316/2316/4582 2293/2293/4582
f 2337/2337/4583 2338/2338/4583 2314/2314/4583
f 2314/2314/4584 2338/2338/4584 2315/2315/4584
f 2357/2357/4585 2358/2358/4585 2345/2345/4585
f 2345/2345/4586 2358/2358/4586 2359/2359/4586
f 2344/2344/4587 2345/2345/4587 2359/2359/4587
f 2343/2343/4588 2344/2344/4588 2359/2359/4588
f 2342/2342/4589 2343/2343/4589 2359/2359/4589
f 2341/2341/4590 2342/2342/4590 2359/2359/4590
f 2340/2340/4591 2341/2341/4591 2359/2359/4591
f 2339/2339/4592 2340/2340/4592 2359/2359/4592
f 2353/2353/4593 2354/2354/4593 2339/2339/4593
f 2352/2352/4594 2353/2353/4594 2339/2339/4594
f 2350/2350/4595 2351/2351/4595 2352/2352/4595
f 2349/2349/4596 2350/2350/4596 2352/2352/4596
f 2348/2348/4597 2349/2349/4597 2352/2352/4597
f 2347/2347/4598 2348/2348/4598 2352/2352/4598
f 2346/2346/4599 2347/2347/4599 2352/2352/4599
f 2357/2357/4600 2345/2345/4600 2346/2346/4600
f 2356/2356/4601 2357/2357/4601 2346/2346/4601
f 2339/2339/4602 2359/2359/4602 2360/2360/4602
f 2356/2356/4603 2346/2346/4603 2352/2352/4603
f 2355/2355/4604 2356/2356/4604 2352/2352/4604
f 2362/2362/4605 2355/2355/4605 2352/2352/4605
f 2361/2361/4606 2362/2362/4606 2352/2352/4606
f 2339/2339/4607 2360/2360/4607 2361/2361/4607
f 2352/2352/4608 2339/2339/4608 2361/2361/4608
f 2369/2369/4609 2382/2382/4609 2381/2381/4609
f 2383/2383/4610 2382/2382/4610 2369/2369/4610
f 2383/2383/4611 2369/2369/4611 2368/2368/4611
f 2383/2383/4612 2368/2368/4612 2367/2367/4612
f 2383/2383/4613 2367/2367/4613 2366/2366/4613
f 2383/2383/4614 2366/2366/4614 2365/2365/4614
f 2383/2383/4615 2365/2365/4615 2364/2364/4615
f 2383/2383/4616 2364/2364/4616 2363/2363/4616
f 2363/2363/4617 2378/2378/4617 2377/2377/4617
f 2363/2363/4618 2377/2377/4618 2376/2376/4618
f 2376/2376/4619 2375/2375/4619 2374/2374/4619
f 2376/2376/4620 2374/2374/4620 2373/2373/4620
f 2376/2376/4621 2373/2373/4621 2372/2372/4621
f 2376/2376/4622 2372/2372/4622 2371/2371/4622
f 2376/2376/4623 2371/2371/4623 2370/2370/4623
f 2370/2370/4624 2369/2369/4624 2381/2381/4624
f 2370/2370/4625 2381/2381/4625 2380/2380/4625
f 2384/2384/4626 2383/2383/4626 2363/2363/4626
f 2376/2376/4627 2370/2370/4627 2380/2380/4627
f 2376/2376/4628 2380/2380/4628 2379/2379/4628
f 2376/2376/4629 2379/2379/4629 2386/2386/4629
f 2376/2376/4630 2386/2386/4630 2385/2385/4630
f 2385/2385/4631 2384/2384/4631 2363/2363/4631
f 2385/2385/4632 2363/2363/4632 2376/2376/4632
f 2363/2363/4633 2364/2364/4633 2339/2339/4633
f 2339/2339/4634 2364/2364/4634 2340/2340/4634
f 2364/2364/4635 2365/2365/4635 2340/2340/4635
f 2340/2340/4636 2365/2365/4636 2341/2341/4636
f 2365/2365/4637 2366/2366/4637 2341/2341/4637
f 2341/2341/4638 2366/2366/4638 2342/2342/4638
f 2366/2366/4639 2367/2367/4639 2342/2342/4639
f 2342/2342/4640 2367/2367/4640 2343/2343/4640
f 2367/2367/4641 2368/2368/4641 2343/2343/4641
f 2343/2343/4642 2368/2368/4642 2344/2344/4642
f 2368/2368/4643 2369/2369/4643 2344/2344/4643
f 2344/2344/4644 2369/2369/4644 2345/2345/4644
f 2369/2369/4645 2370/2370/4645 2345/2345/4645
f 2345/2345/4646 2370/2370/4646 2346/2346/4646
f 2370/2370/4647 2371/2371/4647 2346/2346/4647
f 2346/2346/4648 2371/2371/4648 2347/2347/4648
f 2371/2371/4649 2372/2372/4649 2347/2347/4649
f 2347/2347/4650 2372/2372/4650 2348/2348/4650
f 2372/2372/4651 2373/2373/4651 2348/2348/4651
f 2348/2348/4652 2373/2373/4652 2349/2349/4652
f 2373/2373/4653 2374/2374/4653 2349/2349/4653
f 2349/2349/4654 2374/2374/4654 2350/2350/4654
f 2374/2374/4655 2375/2375/4655 2350/2350/4655
f 2350/2350/4656 2375/2375/4656 2351/2351/4656
f 2375/2375/4657 2376/2376/4657 2351/2351/4657
f 2351/2351/4658 2376/2376/4658 2352/2352/4658
f 2376/2376/4659 2377/2377/4659 2352/2352/4659
f 2352/2352/4660 2377/2377/4660 2353/2353/4660
f 2378/2378/4661 2363/2363/4661 2354/2354/4661
f 2354/2354/4662 2363/2363/4662 2339/2339/4662
f 2377/2377/4663 2378/2378/4663 2353/2353/4663
f 2353/2353/4664 2378/2378/4664 2354/2354/4664
f 2379/2379/4665 2380/2380/4665 2355/2355/4665
f 2355/2355/4666 2380/2380/4666 2356/2356/4666
f 2380/2380/4667 2381/2381/4667 2356/2356/4667
f 2356/2356/4668 2381/2381/4668 2357/2357/4668
f 2381/2381/4669 2382/2382/4669 2357/2357/4669
f 2357/2357/4670 2382/2382/4670 2358/2358/4670
f 2382/2382/4671 2383/2383/4671 2358/2358/4671
f 2358/2358/4672 2383/2383/4672 2359/2359/4672
f 2383/2383/4673 2384/2384/4673 2359/2359/4673
f 2359/2359/4674 2384/2384/4674 2360/2360/4674
f 2384/2384/4675 2385/2385/4675 2360/2360/4675
f 2360/2360/4676 2385/2385/4676 2361/2361/4676
f 2386/2386/4677 2379/2379/4677 2362/2362/4677
f 2362/2362/4678 2379/2379/4678 2355/2355/4678
f 2385/2385/4679 2386/2386/4679 2361/2361/4679
f 2361/2361/4680 2386/2386/4680 2362/2362/4680
f 2425/2425/4681 2426/2426/4681 2387/2387/4681
f 2424/2424/4682 2425/2425/4682 2387/2387/4682
f 2423/2423/4683 2424/2424/4683 2387/2387/4683
f 2422/2422/4684 2423/2423/4684 2387/2387/4684
f 2421/2421/4685 2422/2422/4685 2387/2387/4685
f 2420/2420/4686 2421/2421/4686 2387/2387/4686
f 2414/2414/4687 2415/2415/4687 2416/2416/4687
f 2413/2413/4688 2414/2414/4688 2416/2416/4688
f 2412/2412/4689 2413/2413/4689 2416/2416/4689
f 2411/2411/4690 2412/2412/4690 2416/2416/4690
f 2410/2410/4691 2411/2411/4691 2416/2416/4691
f 2409/2409/4692 2410/2410/4692 2416/2416/4692
f 2408/2408/4693 2409/2409/4693 2416/2416/4693
f 2406/2406/4694 2407/2407/4694 2408/2408/4694
f 2405/2405/4695 2406/2406/4695 2408/2408/4695
f 2404/2404/4696 2405/2405/4696 2408/2408/4696
f 2403/2403/4697 2404/2404/4697 2408/2408/4697
f 2402/2402/4698 2403/2403/4698 2408/2408/4698
f 2401/2401/4699 2402/2402/4699 2408/2408/4699
f 2400/2400/4700 2401/2401/4700 2408/2408/4700
f 2399/2399/4701 2400/2400/4701 2408/2408/4701
f 2398/2398/4702 2399/2399/4702 2408/2408/4702
f 2397/2397/4703 2398/2398/4703 2408/2408/4703
f 2396/2396/4704 2397/2397/4704 2408/2408/4704
f 2395/2395/4705 2396/2396/4705 2408/2408/4705
f 2393/2393/4706 2394/2394/4706 2395/2395/4706
f 2392/2392/4707 2393/2393/4707 2395/2395/4707
f 2391/2391/4708 2392/2392/4708 2395/2395/4708
f 2390/2390/4709 2391/2391/4709 2395/2395/4709
f 2389/2389/4710 2390/2390/4710 2395/2395/4710
f 2388/2388/4711 2389/2389/4711 2395/2395/4711
f 2387/2387/4712 2388/2388/4712 2395/2395/4712
f 2420/2420/4713 2387/2387/4713 2395/2395/4713
f 2419/2419/4714 2420/2420/4714 2395/2395/4714
f 2418/2418/4715 2419/2419/4715 2395/2395/4715
f 2417/2417/4716 2418/2418/4716 2395/2395/4716
f 2408/2408/4717 2416/2416/4717 2417/2417/4717
f 2395/2395/4718 2408/2408/4718 2417/2417/4718
f 2427/2427/4719 2466/2466/4719 2465/2465/4719
f 2427/2427/4720 2465/2465/4720 2464/2464/4720
f 2427/2427/4721 2464/2464/4721 2463/2463/4721
f 2427/2427/4722 2463/2463/4722 2462/2462/4722
f 2427/2427/4723 2462/2462/4723 2461/2461/4723
f 2427/2427/4724 2461/2461/4724 2460/2460/4724
f 2456/2456/4725 2455/2455/4725 2454/2454/4725
f 2456/2456/4726 2454/2454/4726 2453/2453/4726
f 2456/2456/4727 2453/2453/4727 2452/2452/4727
f 2456/2456/4728 2452/2452/4728 2451/2451/4728
f 2456/2456/4729 2451/2451/4729 2450/2450/4729
f 2456/2456/4730 2450/2450/4730 2449/2449/4730
f 2456/2456/4731 2449/2449/4731 2448/2448/4731
f 2448/2448/4732 2447/2447/4732 2446/2446/4732
f 2448/2448/4733 2446/2446/4733 2445/2445/4733
f 2448/2448/4734 2445/2445/4734 2444/2444/4734
f 2448/2448/4735 2444/2444/4735 2443/2443/4735
f 2448/2448/4736 2443/2443/4736 2442/2442/4736
f 2448/2448/4737 2442/2442/4737 2441/2441/4737
f 2448/2448/4738 2441/2441/4738 2440/2440/4738
f 2448/2448/4739 2440/2440/4739 2439/2439/4739
f 2448/2448/4740 2439/2439/4740 2438/2438/4740
f 2448/2448/4741 2438/2438/4741 2437/2437/4741
f 2448/2448/4742 2437/2437/4742 2436/2436/4742
f 2448/2448/4743 2436/2436/4743 2435/2435/4743
f 2435/2435/4744 2434/2434/4744 2433/2433/4744
f 2435/2435/4745 2433/2433/4745 2432/2432/4745
f 2435/2435/4746 2432/2432/4746 2431/2431/4746
f 2435/2435/4747 2431/2431/4747 2430/2430/4747
f 2435/2435/4748 2430/2430/4748 2429/2429/4748
f 2435/2435/4749 2429/2429/4749 2428/2428/4749
f 2435/2435/4750 2428/2428/4750 2427/2427/4750
f 2435/2435/4751 2427/2427/4751 2460/2460/4751
f 2435/2435/4752 2460/2460/4752 2459/2459/4752
f 2435/2435/4753 2459/2459/4753 2458/2458/4753
f 2435/2435/4754 2458/2458/4754 2457/2457/4754
f 2457/2457/4755 2456/2456/4755 2448/2448/4755
f 2457/2457/4756 2448/2448/4756 2435/2435/4756
f 2427/2427/4757 2428/2428/4757 2387/2387/4757
f 2387/2387/4758 2428/2428/4758 2388/2388/4758
f 2428/2428/4759 2429/2429/4759 2388/2388/4759
f 2388/2388/4760 2429/2429/4760 2389/2389/4760
f 2429/2429/4761 2430/2430/4761 2389/2389/4761
f 2389/2389/4762 2430/2430/4762 2390/2390/4762
f 2430/2430/4763 2431/2431/4763 2390/2390/4763
f 2390/2390/4764 2431/2431/4764 2391/2391/4764
f 2431/2431/4765 2432/2432/4765 2391/2391/4765
f 2391/2391/4766 2432/2432/4766 2392/2392/4766
f 2432/2432/4767 2433/2433/4767 2392/2392/4767
f 2392/2392/4768 2433/2433/4768 2393/2393/4768
f 2433/2433/4769 2434/2434/4769 2393/2393/4769
f 2393/2393/4770 2434/2434/4770 2394/2394/4770
f 2434/2434/4771 2435/2435/4771 2394/2394/4771
f 2394/2394/4772 2435/2435/4772 2395/2395/4772
f 2435/2435/4773 2436/2436/4773 2395/2395/4773
f 2395/2395/4774 2436/2436/4774 2396/2396/4774
f 2436/2436/4775 2437/2437/4775 2396/2396/4775
f 2396/2396/4776 2437/2437/4776 2397/2397/4776
f 2437/2437/4777 2438/2438/4777 2397/2397/4777
f 2397/2397/4778 2438/2438/4778 2398/2398/4778
f 2438/2438/4779 2439/2439/4779 2398/2398/4779
f 2398/2398/4780 2439/2439/4780 2399/2399/4780
f 2439/2439/4781 2440/2440/4781 2399/2399/4781
f 2399/2399/4782 2440/2440/4782 2400/2400/4782
f 2440/2440/4783 2441/2441/4783 2400/2400/4783
f 2400/2400/4784 2441/2441/4784 2401/2401/4784
f 2441/2441/4785 2442/2442/4785 2401/2401/4785
f 2401/2401/4786 2442/2442/4786 2402/2402/4786
f 2442/2442/4787 2443/2443/4787 2402/2402/4787
f 2402/2402/4788 2443/2443/4788 2403/2403/4788
f 2443/2443/4789 2444/2444/4789 2403/2403/4789
f 2403/2403/4790 2444/2444/4790 2404/2404/4790
f 2444/2444/4791 2445/2445/4791 2404/2404/4791
f 2404/2404/4792 2445/2445/4792 2405/2405/4792
f 2445/2445/4793 2446/2446/4793 2405/2405/4793
f 2405/2405/4794 2446/2446/4794 2406/2406/4794
f 2446/2446/4795 2447/2447/4795 2406/2406/4795
f 2406/2406/4796 2447/2447/4796 2407/2407/4796
f 2447/2447/4797 2448/2448/4797 2407/2407/4797
f 2407/2407/4798 2448/2448/4798 2408/2408/4798
f 2448/2448/4799 2449/2449/4799 2408/2408/4799
f 2408/2408/4800 2449/2449/4800 2409/2409/4800
f 2449/2449/4801 2450/2450/4801 2409/2409/4801
f 2409/2409/4802 2450/2450/4802 2410/2410/4802
f 2450/2450/4803 2451/2451/4803 2410/2410/4803
f 2410/2410/4804 2451/2451/4804 2411/2411/4804
f 2451/2451/4805 2452/2452/4805 2411/2411/4805
f 2411/2411/4806 2452/2452/4806 2412/2412/4806
f 2452/2452/4807 2453/2453/4807 2412/2412/4807
f 2412/2412/4808 2453/2453/4808 2413/2413/4808
f 2453/2453/4809 2454/2454/4809 2413/2413/4809
f 2413/2413/4810 2454/2454/4810 2414/2414/4810
f 2454/2454/4811 2455/2455/4811 2414/2414/4811
f 2414/2414/4812 2455/2455/4812 2415/2415/4812
f 2455/2455/4813 2456/2456/4813 2415/2415/4813
f 2415/2415/4814 2456/2456/4814 2416/2416/4814
f 2456/2456/4815 2457/2457/4815 2416/2416/4815
f 2416/2416/4816 2457/2457/4816 2417/2417/4816
f 2457/2457/4817 2458/2458/4817 2417/2417/4817
f 2417/2417/4818 2458/2458/4818 2418/2418/4818
f 2458/2458/4819 2459/2459/4819 2418/2418/4819
f 2418/2418/4820 2459/2459/4820 2419/2419/4820
f 2459/2459/4821 2460/2460/4821 2419/2419/4821
f 2419/2419/4822 2460/2460/4822 2420/2420/4822
f 2460/2460/4823 2461/2461/4823 2420/2420/4823
f 2420/2420/4824 2461/2461/4824 2421/2421/4824
f 2461/2461/4825 2462/2462/4825 2421/2421/4825
f 2421/2421/4826 2462/2462/4826 2422/2422/4826
f 2462/2462/4827 2463/2463/4827 2422/2422/4827
f 2422/2422/4828 2463/2463/4828 2423/2423/4828
f 2463/2463/4829 2464/2464/4829 2423/2423/4829
f 2423/2423/4830 2464/2464/4830 2424/2424/4830
f 2464/2464/4831 2465/2465/4831 2424/2424/4831
f 2424/2424/4832 2465/2465/4832 2425/2425/4832
f 2466/2466/4833 2427/2427/4833 2426/2426/4833
f 2426/2426/4834 2427/2427/4834 2387/2387/4834
f 2465/2465/4835 2466/2466/4835 2425/2425/4835
f 2425/2425/4836 2466/2466/4836 2426/2426/4836
f 2508/2508/4837 2509/2509/4837 2467/2467/4837
f 2507/2507/4838 2508/2508/4838 2467/2467/4838
f 2506/2506/4839 2507/2507/4839 2467/2467/4839
f 2505/2505/4840 2506/2506/4840 2467/2467/4840
f 2504/2504/4841 2505/2505/4841 2467/2467/4841
f 2503/2503/4842 2504/2504/4842 2467/2467/4842
f 2502/2502/4843 2503/2503/4843 2467/2467/4843
f 2501/2501/4844 2502/2502/4844 2467/2467/4844
f 2494/2494/4845 2495/2495/4845 2496/2496/4845
f 2493/2493/4846 2494/2494/4846 2496/2496/4846
f 2492/2492/4847 2493/2493/4847 2496/2496/4847
f 2491/2491/4848 2492/2492/4848 2496/2496/4848
f 2490/2490/4849 2491/2491/4849 2496/2496/4849
f 2489/2489/4850 2490/2490/4850 2496/2496/4850
f 2488/2488/4851 2489/2489/4851 2496/2496/4851
f 2486/2486/4852 2487/2487/4852 2488/2488/4852
f 2485/2485/4853 2486/2486/4853 2488/2488/4853
f 2484/2484/4854 2485/2485/4854 2488/2488/4854
f 2483/2483/4855 2484/2484/4855 2488/2488/4855
f 2482/2482/4856 2483/2483/4856 2488/2488/4856
f 2481/2481/4857 2482/2482/4857 2488/2488/4857
f 2480/2480/4858 2481/2481/4858 2488/2488/4858
f 2479/2479/4859 2480/2480/4859 2488/2488/4859
f 2478/2478/4860 2479/2479/4860 2488/2488/4860
f 2477/2477/4861 2478/2478/4861 2488/2488/4861
f 2476/2476/4862 2477/2477/4862 2488/2488/4862
f 2474/2474/4863 2475/2475/4863 2476/2476/4863
f 2473/2473/4864 2474/2474/4864 2476/2476/4864
f 2472/2472/4865 2473/2473/4865 2476/2476/4865
f 2471/2471/4866 2472/2472/4866 2476/2476/4866
f 2470/2470/4867 2471/2471/4867 2476/2476/4867
f 2469/2469/4868 2470/2470/4868 2476/2476/4868
f 2468/2468/4869 2469/2469/4869 2476/2476/4869
f 2501/2501/4870 2467/2467/4870 2468/2468/4870
f 2500/2500/4871 2501/2501/4871 2468/2468/4871
f 2488/2488/4872 2496/2496/4872 2497/2497/4872
f 2476/2476/4873 2488/2488/4873 2497/2497/4873
f 2500/2500/4874 2468/2468/4874 2476/2476/4874
f 2499/2499/4875 2500/2500/4875 2476/2476/4875
f 2498/2498/4876 2499/2499/4876 2476/2476/4876
f 2497/2497/4877 2498/2498/4877 2476/2476/4877
f 2510/2510/4878 2552/2552/4878 2551/2551/4878
f 2510/2510/4879 2551/2551/4879 2550/2550/4879
f 2510/2510/4880 2550/2550/4880 2549/2549/4880
f 2510/2510/4881 2549/2549/4881 2548/2548/4881
f 2510/2510/4882 2548/2548/4882 2547/2547/4882
f 2510/2510/4883 2547/2547/4883 2546/2546/4883
f 2510/2510/4884 2546/2546/4884 2545/2545/4884
f 2510/2510/4885 2545/2545/4885 2544/2544/4885
f 2539/2539/4886 2538/2538/4886 2537/2537/4886
f 2539/2539/4887 2537/2537/4887 2536/2536/4887
f 2539/2539/4888 2536/2536/4888 2535/2535/4888
f 2539/2539/4889 2535/2535/4889 2534/2534/4889
f 2539/2539/4890 2534/2534/4890 2533/2533/4890
f 2539/2539/4891 2533/2533/4891 2532/2532/4891
f 2539/2539/4892 2532/2532/4892 2531/2531/4892
f 2531/2531/4893 2530/2530/4893 2529/2529/4893
f 2531/2531/4894 2529/2529/4894 2528/2528/4894
f 2531/2531/4895 2528/2528/4895 2527/2527/4895
f 2531/2531/4896 2527/2527/4896 2526/2526/4896
f 2531/2531/4897 2526/2526/4897 2525/2525/4897
f 2531/2531/4898 2525/2525/4898 2524/2524/4898
f 2531/2531/4899 2524/2524/4899 2523/2523/4899
f 2531/2531/4900 2523/2523/4900 2522/2522/4900
f 2531/2531/4901 2522/2522/4901 2521/2521/4901
f 2531/2531/4902 2521/2521/4902 2520/2520/4902
f 2531/2531/4903 2520/2520/4903 2519/2519/4903
f 2519/2519/4904 2518/2518/4904 2517/2517/4904
f 2519/2519/4905 2517/2517/4905 2516/2516/4905
f 2519/2519/4906 2516/2516/4906 2515/2515/4906
f 2519/2519/4907 2515/2515/4907 2514/2514/4907
f 2519/2519/4908 2514/2514/4908 2513/2513/4908
f 2519/2519/4909 2513/2513/4909 2512/2512/4909
f 2519/2519/4910 2512/2512/4910 2511/2511/4910
f 2511/2511/4911 2510/2510/4911 2544/2544/4911
f 2511/2511/4912 2544/2544/4912 2543/2543/4912
f 2540/2540/4913 2539/2539/4913 2531/2531/4913
f 2540/2540/4914 2531/2531/4914 2519/2519/4914
f 2519/2519/4915 2511/2511/4915 2543/2543/4915
f 2519/2519/4916 2543/2543/4916 2542/2542/4916
f 2519/2519/4917 2542/2542/4917 2541/2541/4917
f 2519/2519/4918 2541/2541/4918 2540/2540/4918
f 2510/2510/4919 2511/2511/4919 2467/2467/4919
f 2467/2467/4920 2511/2511/4920 2468/2468/4920
f 2511/2511/4921 2512/2512/4921 2468/2468/4921
f 2468/2468/4922 2512/2512/4922 2469/2469/4922
f 2512/2512/4923 2513/2513/4923 2469/2469/4923
f 2469/2469/4924 2513/2513/4924 2470/2470/4924
f 2513/2513/4925 2514/2514/4925 2470/2470/4925
f 2470/2470/4926 2514/2514/4926 2471/2471/4926
f 2514/2514/4927 2515/2515/4927 2471/2471/4927
f 2471/2471/4928 2515/2515/4928 2472/2472/4928
f 2515/2515/4929 2516/2516/4929 2472/2472/4929
f 2472/2472/4930 2516/2516/4930 2473/2473/4930
f 2516/2516/4931 2517/2517/4931 2473/2473/4931
f 2473/2473/4932 2517/2517/4932 2474/2474/4932
f 2517/2517/4933 2518/2518/4933 2474/2474/4933
f 2474/2474/4934 2518/2518/4934 2475/2475/4934
f 2518/2518/4935 2519/2519/4935 2475/2475/4935
f 2475/2475/4936 2519/2519/4936 2476/2476/4936
f 2519/2519/4937 2520/2520/4937 2476/2476/4937
f 2476/2476/4938 2520/2520/4938 2477/2477/4938
f 2520/2520/4939 2521/2521/4939 2477/2477/4939
f 2477/2477/4940 2521/2521/4940 2478/2478/4940
f 2521/2521/4941 2522/2522/4941 2478/2478/4941
f 2478/2478/4942 2522/2522/4942 2479/2479/4942
f 2522/2522/4943 2523/2523/4943 2479/2479/4943
f 2479/2479/4944 2523/2523/4944 2480/2480/4944
f 2523/2523/4945 2524/2524/4945 2480/2480/4945
f 2480/2480/4946 2524/2524/4946 2481/2481/4946
f 2524/2524/4947 2525/2525/4947 2481/2481/4947
f 2481/2481/4948 2525/2525/4948 2482/2482/4948
f 2525/2525/4949 2526/2526/4949 2482/2482/4949
f 2482/2482/4950 2526/2526/4950 2483/2483/4950
f 2526/2526/4951 2527/2527/4951 2483/2483/4951
f 2483/2483/4952 2527/2527/4952 2484/2484/4952
f 2527/2527/4953 2528/2528/4953 2484/2484/4953
f 2484/2484/4954 2528/2528/4954 2485/2485/4954
f 2528/2528/4955 2529/2529/4955 2485/2485/4955
f 2485/2485/4956 2529/2529/4956 2486/2486/4956
f 2529/2529/4957 2530/2530/4957 2486/2486/4957
f 2486/2486/4958 2530/2530/4958 2487/2487/4958
f 2530/2530/4959 2531/2531/4959 2487/2487/4959
f 2487/2487/4960 2531/2531/4960 2488/2488/4960
f 2531/2531/4961 2532/2532/4961 2488/2488/4961
f 2488/2488/4962 2532/2532/4962 2489/2489/4962
f 2532/2532/4963 2533/2533/4963 2489/2489/4963
f 2489/2489/4964 2533/2533/4964 2490/2490/4964
f 2533/2533/4965 2534/2534/4965 2490/2490/4965
f 2490/2490/4966 2534/2534/4966 2491/2491/4966
f 2534/2534/4967 2535/2535/4967 2491/2491/4967
f 2491/2491/4968 2535/2535/4968 2492/2492/4968
f 2535/2535/4969 2536/2536/4969 2492/2492/4969
f 2492/2492/4970 2536/2536/4970 2493/2493/4970
f 2536/2536/4971 2537/2537/4971 2493/2493/4971
f 2493/2493/4972 2537/2537/4972 2494/2494/4972
f 2537/2537/4973 2538/2538/4973 2494/2494/4973
f 2494/2494/4974 2538/2538/4974 2495/2495/4974
f 2538/2538/4975 2539/2539/4975 2495/2495/4975
f 2495/2495/4976 2539/2539/4976 2496/2496/4976
f 2539/2539/4977 2540/2540/4977 2496/2496/4977
f 2496/2496/4978 2540/2540/4978 2497/2497/4978
f 2540/2540/4979 2541/2541/4979 2497/2497/4979
f 2497/2497/4980 2541/2541/4980 2498/2498/4980
f 2541/2541/4981 2542/2542/4981 2498/2498/4981
f 2498/2498/4982 2542/2542/4982 2499/2499/4982
f 2542/2542/4983 2543/2543/4983 2499/2499/4983
f 2499/2499/4984 2543/2543/4984 2500/2500/4984
f 2543/2543/4985 2544/2544/4985 2500/2500/4985
f 2500/2500/4986 2544/2544/4986 2501/2501/4986
f 2544/2544/4987 2545/2545/4987 2501/2501/4987
f 2501/2501/4988 2545/2545/4988 2502/2502/4988
f 2545/2545/4989 2546/2546/4989 2502/2502/4989
f 2502/2502/4990 2546/2546/4990 2503/2503/4990
f 2546/2546/4991 2547/2547/4991 2503/2503/4991
f 2503/2503/4992 2547/2547/4992 2504/2504/4992
f 2547/2547/4993 2548/2548/4993 2504/2504/4993
f 2504/2504/4994 2548/2548/4994 2505/2505/4994
f 2548/2548/4995 2549/2549/4995 2505/2505/4995
f 2505/2505/4996 2549/2549/4996 2506/2506/4996
f 2549/2549/4997 2550/2550/4997 2506/2506/4997
f 2506/2506/4998 2550/2550/4998 2507/2507/4998
f 2550/2550/4999 2551/2551/4999 2507/2507/4999
f 2507/2507/5000 2551/2551/5000 2508/2508/5000
f 2552/2552/5001 2510/2510/5001 2509/2509/5001
f 2509/2509/5002 2510/2510/5002 2467/2467/5002
f 2551/2551/5003 2552/2552/5003 2508/2508/5003
f 2508/2508/5004 2552/2552/5004 2509/2509/5004
f 2583/2583/5005 2584/2584/5005 2573/2573/5005
f 2573/2573/5006 2584/2584/5006 2585/2585/5006
f 2572/2572/5007 2573/2573/5007 2585/2585/5007
f 2571/2571/5008 2572/2572/5008 2585/2585/5008
f 2570/2570/5009 2571/2571/5009 2585/2585/5009
f 2569/2569/5010 2570/2570/5010 2585/2585/5010
f 2568/2568/5011 2569/2569/5011 2585/2585/5011
f 2567/2567/5012 2568/2568/5012 2585/2585/5012
f 2566/2566/5013 2567/2567/5013 2585/2585/5013
f 2565/2565/5014 2566/2566/5014 2585/2585/5014
f 2564/2564/5015 2565/2565/5015 2585/2585/5015
f 2563/2563/5016 2564/2564/5016 2585/2585/5016
f 2562/2562/5017 2563/2563/5017 2585/2585/5017
f 2561/2561/5018 2562/2562/5018 2585/2585/5018
f 2559/2559/5019 2560/2560/5019 2561/2561/5019
f 2554/2554/5020 2555/2555/5020 2556/2556/5020
f 2553/2553/5021 2554/2554/5021 2556/2556/5021
f 2582/2582/5022 2553/2553/5022 2556/2556/5022
f 2581/2581/5023 2582/2582/5023 2556/2556/5023
f 2580/2580/5024 2581/2581/5024 2556/2556/5024
f 2579/2579/5025 2580/2580/5025 2556/2556/5025
f 2578/2578/5026 2579/2579/5026 2556/2556/5026
f 2577/2577/5027 2578/2578/5027 2556/2556/5027
f 2576/2576/5028 2577/2577/5028 2556/2556/5028
f 2583/2583/5029 2573/2573/5029 2574/2574/5029
f 2590/2590/5030 2583/2583/5030 2574/2574/5030
f 2561/2561/5031 2585/2585/5031 2586/2586/5031
f 2559/2559/5032 2561/2561/5032 2586/2586/5032
f 2558/2558/5033 2559/2559/5033 2586/2586/5033
f 2590/2590/5034 2574/2574/5034 2575/2575/5034
f 2558/2558/5035 2586/2586/5035 2587/2587/5035
f 2557/2557/5036 2558/2558/5036 2587/2587/5036
f 2590/2590/5037 2575/2575/5037 2576/2576/5037
f 2557/2557/5038 2587/2587/5038 2588/2588/5038
f 2556/2556/5039 2557/2557/5039 2588/2588/5039
f 2590/2590/5040 2576/2576/5040 2556/2556/5040
f 2589/2589/5041 2590/2590/5041 2556/2556/5041
f 2588/2588/5042 2589/2589/5042 2556/2556/5042
f 2611/2611/5043 2622/2622/5043 2621/2621/5043
f 2623/2623/5044 2622/2622/5044 2611/2611/5044
f 2623/2623/5045 2611/2611/5045 2610/2610/5045
f 2623/2623/5046 2610/2610/5046 2609/2609/5046
f 2623/2623/5047 2609/2609/5047 2608/2608/5047
f 2623/2623/5048 2608/2608/5048 2607/2607/5048
f 2623/2623/5049 2607/2607/5049 2606/2606/5049
f 2623/2623/5050 2606/2606/5050 2605/2605/5050
f 2623/2623/5051 2605/2605/5051 2604/2604/5051
f 2623/2623/5052 2604/2604/5052 2603/2603/5052
f 2623/2623/5053 2603/2603/5053 2602/2602/5053
f 2623/2623/5054 2602/2602/5054 2601/2601/5054
f 2623/2623/5055 2601/2601/5055 2600/2600/5055
f 2623/2623/5056 2600/2600/5056 2599/2599/5056
f 2599/2599/5057 2598/2598/5057 2597/2597/5057
f 2594/2594/5058 2593/2593/5058 2592/2592/5058
f 2594/2594/5059 2592/2592/5059 2591/2591/5059
f 2594/2594/5060 2591/2591/5060 2620/2620/5060
f 2594/2594/5061 2620/2620/5061 2619/2619/5061
f 2594/2594/5062 2619/2619/5062 2618/2618/5062
f 2594/2594/5063 2618/2618/5063 2617/2617/5063
f 2594/2594/5064 2617/2617/5064 2616/2616/5064
f 2594/2594/5065 2616/2616/5065 2615/2615/5065
f 2594/2594/5066 2615/2615/5066 2614/2614/5066
f 2612/2612/5067 2611/2611/5067 2621/2621/5067
f 2612/2612/5068 2621/2621/5068 2628/2628/5068
f 2624/2624/5069 2623/2623/5069 2599/2599/5069
f 2624/2624/5070 2599/2599/5070 2597/2597/5070
f 2624/2624/5071 2597/2597/5071 2596/2596/5071
f 2613/2613/5072 2612/2612/5072 2628/2628/5072
f 2625/2625/5073 2624/2624/5073 2596/2596/5073
f 2625/2625/5074 2596/2596/5074 2595/2595/5074
f 2614/2614/5075 2613/2613/5075 2628/2628/5075
f 2626/2626/5076 2625/2625/5076 2595/2595/5076
f 2626/2626/5077 2595/2595/5077 2594/2594/5077
f 2594/2594/5078 2614/2614/5078 2628/2628/5078
f 2594/2594/5079 2628/2628/5079 2627/2627/5079
f 2594/2594/5080 2627/2627/5080 2626/2626/5080
f 2591/2591/5081 2592/2592/5081 2553/2553/5081
f 2553/2553/5082 2592/2592/5082 2554/2554/5082
f 2592/2592/5083 2593/2593/5083 2554/2554/5083
f 2554/2554/5084 2593/2593/5084 2555/2555/5084
f 2593/2593/5085 2594/2594/5085 2555/2555/5085
f 2555/2555/5086 2594/2594/5086 2556/2556/5086
f 2594/2594/5087 2595/2595/5087 2556/2556/5087
f 2556/2556/5088 2595/2595/5088 2557/2557/5088
f 2595/2595/5089 2596/2596/5089 2557/2557/5089
f 2557/2557/5090 2596/2596/5090 2558/2558/5090
f 2596/2596/5091 2597/2597/5091 2558/2558/5091
f 2558/2558/5092 2597/2597/5092 2559/2559/5092
f 2597/2597/5093 2598/2598/5093 2559/2559/5093
f 2559/2559/5094 2598/2598/5094 2560/2560/5094
f 2598/2598/5095 2599/2599/5095 2560/2560/5095
f 2560/2560/5096 2599/2599/5096 2561/2561/5096
f 2599/2599/5097 2600/2600/5097 2561/2561/5097
f 2561/2561/5098 2600/2600/5098 2562/2562/5098
f 2600/2600/5099 2601/2601/5099 2562/2562/5099
f 2562/2562/5100 2601/2601/5100 2563/2563/5100
f 2601/2601/5101 2602/2602/5101 2563/2563/5101
f 2563/2563/5102 2602/2602/5102 2564/2564/5102
f 2602/2602/5103 2603/2603/5103 2564/2564/5103
f 2564/2564/5104 2603/2603/5104 2565/2565/5104
f 2603/2603/5105 2604/2604/5105 2565/2565/5105
f 2565/2565/5106 2604/2604/5106 2566/2566/5106
f 2604/2604/5107 2605/2605/5107 2566/2566/5107
f 2566/2566/5108 2605/2605/5108 2567/2567/5108
f 2605/2605/5109 2606/2606/5109 2567/2567/5109
f 2567/2567/5110 2606/2606/5110 2568/2568/5110
f 2606/2606/5111 2607/2607/5111 2568/2568/5111
f 2568/2568/5112 2607/2607/5112 2569/2569/5112
f 2607/2607/5113 2608/2608/5113 2569/2569/5113
f 2569/2569/5114 2608/2608/5114 2570/2570/5114
f 2608/2608/5115 2609/2609/5115 2570/2570/5115
f 2570/2570/5116 2609/2609/5116 2571/2571/5116
f 2609/2609/5117 2610/2610/5117 2571/2571/5117
f 2571/2571/5118 2610/2610/5118 2572/2572/5118
f 2610/2610/5119 2611/2611/5119 2572/2572/5119
f 2572/2572/5120 2611/2611/5120 2573/2573/5120
f 2611/2611/5121 2612/2612/5121 2573/2573/5121
f 2573/2573/5122 2612/2612/5122 2574/2574/5122
f 2612/2612/5123 2613/2613/5123 2574/2574/5123
f 2574/2574/5124 2613/2613/5124 2575/2575/5124
f 2613/2613/5125 2614/2614/5125 2575/2575/5125
f 2575/2575/5126 2614/2614/5126 2576/2576/5126
f 2614/2614/5127 2615/2615/5127 2576/2576/5127
f 2576/2576/5128 2615/2615/5128 2577/2577/5128
f 2615/2615/5129 2616/2616/5129 2577/2577/5129
f 2577/2577/5130 2616/2616/5130 2578/2578/5130
f 2616/2616/5131 2617/2617/5131 2578/2578/5131
f 2578/2578/5132 2617/2617/5132 2579/2579/5132
f 2617/2617/5133 2618/2618/5133 2579/2579/5133
f 2579/2579/5134 2618/2618/5134 2580/2580/5134
f 2618/2618/5135 2619/2619/5135 2580/2580/5135
f 2580/2580/5136 2619/2619/5136 2581/2581/5136
f 2620/2620/5137 2591/2591/5137 2582/2582/5137
f 2582/2582/5138 2591/2591/5138 2553/2553/5138
f 2619/2619/5139 2620/2620/5139 2581/2581/5139
f 2581/2581/5140 2620/2620/5140 2582/2582/5140
f 2621/2621/5141 2622/2622/5141 2583/2583/5141
f 2583/2583/5142 2622/2622/5142 2584/2584/5142
f 2622/2622/5143 2623/2623/5143 2584/2584/5143
f 2584/2584/5144 2623/2623/5144 2585/2585/5144
f 2623/2623/5145 2624/2624/5145 2585/2585/5145
f 2585/2585/5146 2624/2624/5146 2586/2586/5146
f 2624/2624/5147 2625/2625/5147 2586/2586/5147
f 2586/2586/5148 2625/2625/5148 2587/2587/5148
f 2625/2625/5149 2626/2626/5149 2587/2587/5149
f 2587/2587/5150 2626/2626/5150 2588/2588/5150
f 2626/2626/5151 2627/2627/5151 2588/2588/5151
f 2588/2588/5152 2627/2627/5152 2589/2589/5152
f 2628/2628/5153 2621/2621/5153 2590/2590/5153
f 2590/2590/5154 2621/2621/5154 2583/2583/5154
f 2627/2627/5155 2628/2628/5155 2589/2589/5155
f 2589/2589/5156 2628/2628/5156 2590/2590/5156
f 2633/2633/5157 2634/2634/5157 2629/2629/5157
f 2632/2632/5158 2633/2633/5158 2629/2629/5158
f 2631/2631/5159 2632/2632/5159 2629/2629/5159
f 2630/2630/5160 2631/2631/5160 2629/2629/5160
f 2635/2635/5161 2640/2640/5161 2639/2639/5161
f 2635/2635/5162 2639/2639/5162 2638/2638/5162
f 2635/2635/5163 2638/2638/5163 2637/2637/5163
f 2635/2635/5164 2637/2637/5164 2636/2636/5164
f 2635/2635/5165 2636/2636/5165 2629/2629/5165
f 2629/2629/5166 2636/2636/5166 2630/2630/5166
f 2636/2636/5167 2637/2637/5167 2630/2630/5167
f 2630/2630/5168 2637/2637/5168 2631/2631/5168
f 2637/2637/5169 2638/2638/5169 2631/2631/5169
f 2631/2631/5170 2638/2638/5170 2632/2632/5170
f 2638/2638/5171 2639/2639/5171 2632/2632/5171
f 2632/2632/5172 2639/2639/5172 2633/2633/5172
f 2640/2640/5173 2635/2635/5173 2634/2634/5173
f 2634/2634/5174 2635/2635/5174 2629/2629/5174
f 2639/2639/5175 2640/2640/5175 2633/2633/5175
f 2633/2633/5176 2640/2640/5176 2634/2634/5176
f 2647/2647/5177 2648/2648/5177 2641/2641/5177
f 2646/2646/5178 2647/2647/5178 2641/2641/5178
f 2645/2645/5179 2646/2646/5179 2641/2641/5179
f 2644/2644/5180 2645/2645/5180 2641/2641/5180
f 2643/2643/5181 2644/2644/5181 2641/2641/5181
f 2642/2642/5182 2643/2643/5182 2641/2641/5182
f 2649/2649/5183 2656/2656/5183 2655/2655/5183
f 2649/2649/5184 2655/2655/5184 2654/2654/5184
f 2649/2649/5185 2654/2654/5185 2653/2653/5185
f 2649/2649/5186 2653/2653/5186 2652/2652/5186
f 2649/2649/5187 2652/2652/5187 2651/2651/5187
f 2649/2649/5188 2651/2651/5188 2650/2650/5188
f 2649/2649/5189 2650/2650/5189 2641/2641/5189
f 2641/2641/5190 2650/2650/5190 2642/2642/5190
f 2650/2650/5191 2651/2651/5191 2642/2642/5191
f 2642/2642/5192 2651/2651/5192 2643/2643/5192
f 2651/2651/5193 2652/2652/5193 2643/2643/5193
f 2643/2643/5194 2652/2652/5194 2644/2644/5194
f 2652/2652/5195 2653/2653/5195 2644/2644/5195
f 2644/2644/5196 2653/2653/5196 2645/2645/5196
f 2653/2653/5197 2654/2654/5197 2645/2645/5197
f 2645/2645/5198 2654/2654/5198 2646/2646/5198
f 2654/2654/5199 2655/2655/5199 2646/2646/5199
f 2646/2646/5200 2655/2655/5200 2647/2647/5200
f 2656/2656/5201 2649/2649/5201 2648/2648/5201
f 2648/2648/5202 2649/2649/5202 2641/2641/5202
f 2655/2655/5203 2656/2656/5203 2647/2647/5203
f 2647/2647/5204 2656/2656/5204 2648/2648/5204
f 2663/2663/5205 2664/2664/5205 2657/2657/5205
f 2662/2662/5206 2663/2663/5206 2657/2657/5206
f 2661/2661/5207 2662/2662/5207 2657/2657/5207
f 2660/2660/5208 2661/2661/5208 2657/2657/5208
f 2659/2659/5209 2660/2660/5209 2657/2657/5209
f 2658/2658/5210 2659/2659/5210 2657/2657/5210
f 2665/2665/5211 2672/2672/5211 2671/2671/5211
f 2665/2665/5212 2671/2671/5212 2670/2670/5212
f 2665/2665/5213 2670/2670/5213 2669/2669/5213
f 2665/2665/5214 2669/2669/5214 2668/2668/5214
f 2665/2665/5215 2668/2668/5215 2667/2667/5215
f 2665/2665/5216 2667/2667/5216 2666/2666/5216
f 2665/2665/5217 2666/2666/5217 2657/2657/5217
f 2657/2657/5218 2666/2666/5218 2658/2658/5218
f 2666/2666/5219 2667/2667/5219 2658/2658/5219
f 2658/2658/5220 2667/2667/5220 2659/2659/5220
f 2667/2667/5221 2668/2668/5221 2659/2659/5221
f 2659/2659/5222 2668/2668/5222 2660/2660/5222
f 2668/2668/5223 2669/2669/5223 2660/2660/5223
f 2660/2660/5224 2669/2669/5224 2661/2661/5224
f 2669/2669/5225 2670/2670/5225 2661/2661/5225
f 2661/2661/5226 2670/2670/5226 2662/2662/5226
f 2670/2670/5227 2671/2671/5227 2662/2662/5227
f 2662/2662/5228 2671/2671/5228 2663/2663/5228
f 2672/2672/5229 2665/2665/5229 2664/2664/5229
f 2664/2664/5230 2665/2665/5230 2657/2657/5230
f 2671/2671/5231 2672/2672/5231 2663/2663/5231
f 2663/2663/5232 2672/2672/5232 2664/2664/5232
f 2705/2705/5233 2706/2706/5233 2673/2673/5233
f 2704/2704/5234 2705/2705/5234 2673/2673/5234
f 2703/2703/5235 2704/2704/5235 2673/2673/5235
f 2702/2702/5236 2703/2703/5236 2673/2673/5236
f 2701/2701/5237 2702/2702/5237 2673/2673/5237
f 2700/2700/5238 2701/2701/5238 2673/2673/5238
f 2698/2698/5239 2699/2699/5239 2700/2700/5239
f 2697/2697/5240 2698/2698/5240 2700/2700/5240
f 2696/2696/5241 2697/2697/5241 2700/2700/5241
f 2695/2695/5242 2696/2696/5242 2700/2700/5242
f 2694/2694/5243 2695/2695/5243 2700/2700/5243
f 2693/2693/5244 2694/2694/5244 2700/2700/5244
f 2692/2692/5245 2693/2693/5245 2700/2700/5245
f 2691/2691/5246 2692/2692/5246 2700/2700/5246
f 2690/2690/5247 2691/2691/5247 2700/2700/5247
f 2689/2689/5248 2690/2690/5248 2700/2700/5248
f 2687/2687/5249 2688/2688/5249 2689/2689/5249
f 2686/2686/5250 2687/2687/5250 2689/2689/5250
f 2685/2685/5251 2686/2686/5251 2689/2689/5251
f 2684/2684/5252 2685/2685/5252 2689/2689/5252
f 2683/2683/5253 2684/2684/5253 2689/2689/5253
f 2682/2682/5254 2683/2683/5254 2689/2689/5254
f 2681/2681/5255 2682/2682/5255 2689/2689/5255
f 2679/2679/5256 2680/2680/5256 2681/2681/5256
f 2676/2676/5257 2677/2677/5257 2678/2678/5257
f 2675/2675/5258 2676/2676/5258 2678/2678/5258
f 2674/2674/5259 2675/2675/5259 2678/2678/5259
f 2673/2673/5260 2674/2674/5260 2678/2678/5260
f 2700/2700/5261 2673/2673/5261 2678/2678/5261
f 2681/2681/5262 2689/2689/5262 2700/2700/5262
f 2679/2679/5263 2681/2681/5263 2700/2700/5263
f 2678/2678/5264 2679/2679/5264 2700/2700/5264
f 2707/2707/5265 2740/2740/5265 2739/2739/5265
f 2707/2707/5266 2739/2739/5266 2738/2738/5266
f 2707/2707/5267 2738/2738/5267 2737/2737/5267
f 2707/2707/5268 2737/2737/5268 2736/2736/5268
f 2707/2707/5269 2736/2736/5269 2735/2735/5269
f 2707/2707/5270 2735/2735/5270 2734/2734/5270
f 2734/2734/5271 2733/2733/5271 2732/2732/5271
f 2734/2734/5272 2732/2732/5272 2731/2731/5272
f 2734/2734/5273 2731/2731/5273 2730/2730/5273
f 2734/2734/5274 2730/2730/5274 2729/2729/5274
f 2734/2734/5275 2729/2729/5275 2728/2728/5275
f 2734/2734/5276 2728/2728/5276 2727/2727/5276
f 2734/2734/5277 2727/2727/5277 2726/2726/5277
f 2734/2734/5278 2726/2726/5278 2725/2725/5278
f 2734/2734/5279 2725/2725/5279 2724/2724/5279
f 2734/2734/5280 2724/2724/5280 2723/2723/5280
f 2723/2723/5281 2722/2722/5281 2721/2721/5281
f 2723/2723/5282 2721/2721/5282 2720/2720/5282
f 2723/2723/5283 2720/2720/5283 2719/2719/5283
f 2723/2723/5284 2719/2719/5284 2718/2718/5284
f 2723/2723/5285 2718/2718/5285 2717/2717/5285
f 2723/2723/5286 2717/2717/5286 2716/2716/5286
f 2723/2723/5287 2716/2716/5287 2715/2715/5287
f 2715/2715/5288 2714/2714/5288 2713/2713/5288
f 2712/2712/5289 2711/2711/5289 2710/2710/5289
f 2712/2712/5290 2710/2710/5290 2709/2709/5290
f 2712/2712/5291 2709/2709/5291 2708/2708/5291
f 2712/2712/5292 2708/2708/5292 2707/2707/5292
f 2712/2712/5293 2707/2707/5293 2734/2734/5293
f 2734/2734/5294 2723/2723/5294 2715/2715/5294
f 2734/2734/5295 2715/2715/5295 2713/2713/5295
f 2734/2734/5296 2713/2713/5296 2712/2712/5296
f 2707/2707/5297 2708/2708/5297 2673/2673/5297
f 2673/2673/5298 2708/2708/5298 2674/2674/5298
f 2708/2708/5299 2709/2709/5299 2674/2674/5299
f 2674/2674/5300 2709/2709/5300 2675/2675/5300
f 2709/2709/5301 2710/2710/5301 2675/2675/5301
f 2675/2675/5302 2710/2710/5302 2676/2676/5302
f 2710/2710/5303 2711/2711/5303 2676/2676/5303
f 2676/2676/5304 2711/2711/5304 2677/2677/5304
f 2711/2711/5305 2712/2712/5305 2677/2677/5305
f 2677/2677/5306 2712/2712/5306 2678/2678/5306
f 2712/2712/5307 2713/2713/5307 2678/2678/5307
f 2678/2678/5308 2713/2713/5308 2679/2679/5308
f 2713/2713/5309 2714/2714/5309 2679/2679/5309
f 2679/2679/5310 2714/2714/5310 2680/2680/5310
f 2714/2714/5311 2715/2715/5311 2680/2680/5311
f 2680/2680/5312 2715/2715/5312 2681/2681/5312
f 2715/2715/5313 2716/2716/5313 2681/2681/5313
f 2681/2681/5314 2716/2716/5314 2682/2682/5314
f 2716/2716/5315 2717/2717/5315 2682/2682/5315
f 2682/2682/5316 2717/2717/5316 2683/2683/5316
f 2717/2717/5317 2718/2718/5317 2683/2683/5317
f 2683/2683/5318 2718/2718/5318 2684/2684/5318
f 2718/2718/5319 2719/2719/5319 2684/2684/5319
f 2684/2684/5320 2719/2719/5320 2685/2685/5320
f 2719/2719/5321 2720/2720/5321 2685/2685/5321
f 2685/2685/5322 2720/2720/5322 2686/2686/5322
f 2720/2720/5323 2721/2721/5323 2686/2686/5323
f 2686/2686/5324 2721/2721/5324 2687/2687/5324
f 2721/2721/5325 2722/2722/5325 2687/2687/5325
f 2687/2687/5326 2722/2722/5326 2688/2688/5326
f 2722/2722/5327 2723/2723/5327 2688/2688/5327
f 2688/2688/5328 2723/2723/5328 2689/2689/5328
f 2723/2723/5329 2724/2724/5329 2689/2689/5329
f 2689/2689/5330 2724/2724/5330 2690/2690/5330
f 2724/2724/5331 2725/2725/5331 2690/2690/5331
f 2690/2690/5332 2725/2725/5332 2691/2691/5332
f 2725/2725/5333 2726/2726/5333 2691/2691/5333
f 2691/2691/5334 2726/2726/5334 2692/2692/5334
f 2726/2726/5335 2727/2727/5335 2692/2692/5335
f 2692/2692/5336 2727/2727/5336 2693/2693/5336
f 2727/2727/5337 2728/2728/5337 2693/2693/5337
f 2693/2693/5338 2728/2728/5338 2694/2694/5338
f 2728/2728/5339 2729/2729/5339 2694/2694/5339
f 2694/2694/5340 2729/2729/5340 2695/2695/5340
f 2729/2729/5341 2730/2730/5341 2695/2695/5341
f 2695/2695/5342 2730/2730/5342 2696/2696/5342
f 2730/2730/5343 2731/2731/5343 2696/2696/5343
f 2696/2696/5344 2731/2731/5344 2697/2697/5344
f 2731/2731/5345 2732/2732/5345 2697/2697/5345
f 2697/2697/5346 2732/2732/5346 2698/2698/5346
f 2732/2732/5347 2733/2733/5347 2698/2698/5347
f 2698/2698/5348 2733/2733/5348 2699/2699/5348
f 2733/2733/5349 2734/2734/5349 2699/2699/5349
f 2699/2699/5350 2734/2734/5350 2700/2700/5350
f 2734/2734/5351 2735/2735/5351 2700/2700/5351
f 2700/2700/5352 2735/2735/5352 2701/2701/5352
f 2735/2735/5353 2736/2736/5353 2701/2701/5353
f 2701/2701/5354 2736/2736/5354 2702/2702/5354
f 2736/2736/5355 2737/2737/5355 2702/2702/5355
f 2702/2702/5356 2737/2737/5356 2703/2703/5356
f 2737/2737/5357 2738/2738/5357 2703/2703/5357
f 2703/2703/5358 2738/2738/5358 2704/2704/5358
f 2738/2738/5359 2739/2739/5359 2704/2704/5359
f 2704/2704/5360 2739/2739/5360 2705/2705/5360
f 2740/2740/5361 2707/2707/5361 2706/2706/5361
f 2706/2706/5362 2707/2707/5362 2673/2673/5362
f 2739/2739/5363 2740/2740/5363 2705/2705/5363
f 2705/2705/5364 2740/2740/5364 2706/2706/5364
f 2762/2762/5365 2763/2763/5365 2764/2764/5365
f 2760/2760/5366 2761/2761/5366 2762/2762/5366
f 2758/2758/5367 2759/2759/5367 2760/2760/5367
f 2757/2757/5368 2758/2758/5368 2760/2760/5368
f 2755/2755/5369 2756/2756/5369 2757/2757/5369
f 2754/2754/5370 2755/2755/5370 2757/2757/5370
f 2752/2752/5371 2753/2753/5371 2754/2754/5371
f 2750/2750/5372 2751/2751/5372 2752/2752/5372
f 2748/2748/5373 2749/2749/5373 2750/2750/5373
f 2747/2747/5374 2748/2748/5374 2750/2750/5374
f 2745/2745/5375 2746/2746/5375 2747/2747/5375
f 2744/2744/5376 2745/2745/5376 2747/2747/5376
f 2742/2742/5377 2743/2743/5377 2744/2744/5377
f 2741/2741/5378 2742/2742/5378 2744/2744/5378
f 2785/2785/5379 2786/2786/5379 2741/2741/5379
f 2863/2863/5380 2785/2785/5380 2741/2741/5380
f 2862/2862/5381 2863/2863/5381 2741/2741/5381
f 2869/2869/5382 2862/2862/5382 2741/2741/5382
f 2785/2785/5383 2863/2863/5383 2864/2864/5383
f 2784/2784/5384 2785/2785/5384 2864/2864/5384
f 2782/2782/5385 2783/2783/5385 2784/2784/5385
f 2845/2845/5386 2782/2782/5386 2784/2784/5386
f 2844/2844/5387 2845/2845/5387 2784/2784/5387
f 2843/2843/5388 2844/2844/5388 2784/2784/5388
f 2842/2842/5389 2843/2843/5389 2784/2784/5389
f 2840/2840/5390 2841/2841/5390 2842/2842/5390
f 2826/2826/5391 2859/2859/5391 2860/2860/5391
f 2835/2835/5392 2826/2826/5392 2860/2860/5392
f 2834/2834/5393 2835/2835/5393 2860/2860/5393
f 2827/2827/5394 2828/2828/5394 2829/2829/5394
f 2826/2826/5395 2827/2827/5395 2829/2829/5395
f 2858/2858/5396 2859/2859/5396 2826/2826/5396
f 2857/2857/5397 2858/2858/5397 2826/2826/5397
f 2855/2855/5398 2856/2856/5398 2857/2857/5398
f 2853/2853/5399 2854/2854/5399 2855/2855/5399
f 2850/2850/5400 2851/2851/5400 2852/2852/5400
f 2849/2849/5401 2850/2850/5401 2852/2852/5401
f 2782/2782/5402 2845/2845/5402 2846/2846/5402
f 2781/2781/5403 2782/2782/5403 2846/2846/5403
f 2780/2780/5404 2781/2781/5404 2846/2846/5404
f 2779/2779/5405 2780/2780/5405 2846/2846/5405
f 2777/2777/5406 2778/2778/5406 2779/2779/5406
f 2772/2772/5407 2773/2773/5407 2774/2774/5407
f 2812/2812/5408 2771/2771/5408 2772/2772/5408
f 2811/2811/5409 2812/2812/5409 2772/2772/5409
f 2809/2809/5410 2810/2810/5410 2811/2811/5410
f 2804/2804/5411 2805/2805/5411 2806/2806/5411
f 2803/2803/5412 2804/2804/5412 2806/2806/5412
f 2825/2825/5413 2803/2803/5413 2806/2806/5413
f 2795/2795/5414 2823/2823/5414 2824/2824/5414
f 2794/2794/5415 2795/2795/5415 2824/2824/5415
f 2802/2802/5416 2794/2794/5416 2824/2824/5416
f 2823/2823/5417 2795/2795/5417 2796/2796/5417
f 2822/2822/5418 2823/2823/5418 2796/2796/5418
f 2819/2819/5419 2820/2820/5419 2821/2821/5419
f 2818/2818/5420 2819/2819/5420 2821/2821/5420
f 2817/2817/5421 2818/2818/5421 2821/2821/5421
f 2771/2771/5422 2812/2812/5422 2813/2813/5422
f 2770/2770/5423 2771/2771/5423 2813/2813/5423
f 2769/2769/5424 2770/2770/5424 2813/2813/5424
f 2767/2767/5425 2768/2768/5425 2769/2769/5425
f 2766/2766/5426 2767/2767/5426 2769/2769/5426
f 2788/2788/5427 2764/2764/5427 2765/2765/5427
f 2762/2762/5428 2764/2764/5428 2788/2788/5428
f 2760/2760/5429 2762/2762/5429 2788/2788/5429
f 2741/2741/5430 2744/2744/5430 2747/2747/5430
f 2840/2840/5431 2842/2842/5431 2784/2784/5431
f 2839/2839/5432 2840/2840/5432 2784/2784/5432
f 2838/2838/5433 2839/2839/5433 2784/2784/5433
f 2834/2834/5434 2860/2860/5434 2861/2861/5434
f 2826/2826/5435 2829/2829/5435 2830/2830/5435
f 2857/2857/5436 2826/2826/5436 2830/2830/5436
f 2853/2853/5437 2855/2855/5437 2857/2857/5437
f 2852/2852/5438 2853/2853/5438 2857/2857/5438
f 2849/2849/5439 2852/2852/5439 2857/2857/5439
f 2779/2779/5440 2846/2846/5440 2847/2847/5440
f 2825/2825/5441 2806/2806/5441 2807/2807/5441
f 2822/2822/5442 2796/2796/5442 2797/2797/5442
f 2817/2817/5443 2821/2821/5443 2822/2822/5443
f 2816/2816/5444 2817/2817/5444 2822/2822/5444
f 2769/2769/5445 2813/2813/5445 2814/2814/5445
f 2760/2760/5446 2788/2788/5446 2789/2789/5446
f 2838/2838/5447 2784/2784/5447 2864/2864/5447
f 2779/2779/5448 2847/2847/5448 2848/2848/5448
f 2777/2777/5449 2779/2779/5449 2848/2848/5449
f 2776/2776/5450 2777/2777/5450 2848/2848/5450
f 2769/2769/5451 2814/2814/5451 2815/2815/5451
f 2766/2766/5452 2769/2769/5452 2815/2815/5452
f 2760/2760/5453 2789/2789/5453 2790/2790/5453
f 2757/2757/5454 2760/2760/5454 2790/2790/5454
f 2838/2838/5455 2864/2864/5455 2865/2865/5455
f 2837/2837/5456 2838/2838/5456 2865/2865/5456
f 2776/2776/5457 2848/2848/5457 2849/2849/5457
f 2766/2766/5458 2815/2815/5458 2816/2816/5458
f 2765/2765/5459 2766/2766/5459 2816/2816/5459
f 2757/2757/5460 2790/2790/5460 2791/2791/5460
f 2837/2837/5461 2865/2865/5461 2866/2866/5461
f 2836/2836/5462 2837/2837/5462 2866/2866/5462
f 2776/2776/5463 2849/2849/5463 2857/2857/5463
f 2775/2775/5464 2776/2776/5464 2857/2857/5464
f 2774/2774/5465 2775/2775/5465 2857/2857/5465
f 2765/2765/5466 2816/2816/5466 2822/2822/5466
f 2757/2757/5467 2791/2791/5467 2792/2792/5467
f 2836/2836/5468 2866/2866/5468 2867/2867/5468
f 2774/2774/5469 2857/2857/5469 2830/2830/5469
f 2772/2772/5470 2774/2774/5470 2830/2830/5470
f 2765/2765/5471 2822/2822/5471 2797/2797/5471
f 2788/2788/5472 2765/2765/5472 2797/2797/5472
f 2757/2757/5473 2792/2792/5473 2793/2793/5473
f 2754/2754/5474 2757/2757/5474 2793/2793/5474
f 2752/2752/5475 2754/2754/5475 2793/2793/5475
f 2836/2836/5476 2867/2867/5476 2868/2868/5476
f 2861/2861/5477 2836/2836/5477 2868/2868/5477
f 2772/2772/5478 2830/2830/5478 2831/2831/5478
f 2811/2811/5479 2772/2772/5479 2831/2831/5479
f 2788/2788/5480 2797/2797/5480 2798/2798/5480
f 2752/2752/5481 2793/2793/5481 2787/2787/5481
f 2861/2861/5482 2868/2868/5482 2869/2869/5482
f 2811/2811/5483 2831/2831/5483 2832/2832/5483
f 2809/2809/5484 2811/2811/5484 2832/2832/5484
f 2788/2788/5485 2798/2798/5485 2799/2799/5485
f 2787/2787/5486 2788/2788/5486 2799/2799/5486
f 2861/2861/5487 2869/2869/5487 2741/2741/5487
f 2809/2809/5488 2832/2832/5488 2833/2833/5488
f 2808/2808/5489 2809/2809/5489 2833/2833/5489
f 2787/2787/5490 2799/2799/5490 2800/2800/5490
f 2861/2861/5491 2741/2741/5491 2747/2747/5491
f 2834/2834/5492 2861/2861/5492 2747/2747/5492
f 2808/2808/5493 2833/2833/5493 2834/2834/5493
f 2787/2787/5494 2800/2800/5494 2801/2801/5494
f 2752/2752/5495 2787/2787/5495 2801/2801/5495
f 2834/2834/5496 2747/2747/5496 2750/2750/5496
f 2808/2808/5497 2834/2834/5497 2750/2750/5497
f 2807/2807/5498 2808/2808/5498 2750/2750/5498
f 2825/2825/5499 2807/2807/5499 2750/2750/5499
f 2752/2752/5500 2801/2801/5500 2802/2802/5500
f 2825/2825/5501 2750/2750/5501 2752/2752/5501
f 2824/2824/5502 2825/2825/5502 2752/2752/5502
f 2802/2802/5503 2824/2824/5503 2752/2752/5503
f 2893/2893/5504 2892/2892/5504 2891/2891/5504
f 2891/2891/5505 2890/2890/5505 2889/2889/5505
f 2889/2889/5506 2888/2888/5506 2887/2887/5506
f 2889/2889/5507 2887/2887/5507 2886/2886/5507
f 2886/2886/5508 2885/2885/5508 2884/2884/5508
f 2886/2886/5509 2884/2884/5509 2883/2883/5509
f 2883/2883/5510 2882/2882/5510 2881/2881/5510
f 2881/2881/5511 2880/2880/5511 2879/2879/5511
f 2879/2879/5512 2878/2878/5512 2877/2877/5512
f 2879/2879/5513 2877/2877/5513 2876/2876/5513
f 2876/2876/5514 2875/2875/5514 2874/2874/5514
f 2876/2876/5515 2874/2874/5515 2873/2873/5515
f 2873/2873/5516 2872/2872/5516 2871/2871/5516
f 2873/2873/5517 2871/2871/5517 2870/2870/5517
f 2870/2870/5518 2915/2915/5518 2914/2914/5518
f 2870/2870/5519 2914/2914/5519 2992/2992/5519
f 2870/2870/5520 2992/2992/5520 2991/2991/5520
f 2870/2870/5521 2991/2991/5521 2998/2998/5521
f 2993/2993/5522 2992/2992/5522 2914/2914/5522
f 2993/2993/5523 2914/2914/5523 2913/2913/5523
f 2913/2913/5524 2912/2912/5524 2911/2911/5524
f 2913/2913/5525 2911/2911/5525 2974/2974/5525
f 2913/2913/5526 2974/2974/5526 2973/2973/5526
f 2913/2913/5527 2973/2973/5527 2972/2972/5527
f 2913/2913/5528 2972/2972/5528 2971/2971/5528
f 2971/2971/5529 2970/2970/5529 2969/2969/5529
f 2989/2989/5530 2988/2988/5530 2955/2955/5530
f 2989/2989/5531 2955/2955/5531 2964/2964/5531
f 2989/2989/5532 2964/2964/5532 2963/2963/5532
f 2958/2958/5533 2957/2957/5533 2956/2956/5533
f 2958/2958/5534 2956/2956/5534 2955/2955/5534
f 2955/2955/5535 2988/2988/5535 2987/2987/5535
f 2955/2955/5536 2987/2987/5536 2986/2986/5536
f 2986/2986/5537 2985/2985/5537 2984/2984/5537
f 2984/2984/5538 2983/2983/5538 2982/2982/5538
f 2981/2981/5539 2980/2980/5539 2979/2979/5539
f 2981/2981/5540 2979/2979/5540 2978/2978/5540
f 2975/2975/5541 2974/2974/5541 2911/2911/5541
f 2975/2975/5542 2911/2911/5542 2910/2910/5542
f 2975/2975/5543 2910/2910/5543 2909/2909/5543
f 2975/2975/5544 2909/2909/5544 2908/2908/5544
f 2908/2908/5545 2907/2907/5545 2906/2906/5545
f 2903/2903/5546 2902/2902/5546 2901/2901/5546
f 2901/2901/5547 2900/2900/5547 2941/2941/5547
f 2901/2901/5548 2941/2941/5548 2940/2940/5548
f 2940/2940/5549 2939/2939/5549 2938/2938/5549
f 2935/2935/5550 2934/2934/5550 2933/2933/5550
f 2935/2935/5551 2933/2933/5551 2932/2932/5551
f 2935/2935/5552 2932/2932/5552 2954/2954/5552
f 2953/2953/5553 2952/2952/5553 2924/2924/5553
f 2953/2953/5554 2924/2924/5554 2923/2923/5554
f 2953/2953/5555 2923/2923/5555 2931/2931/5555
f 2925/2925/5556 2924/2924/5556 2952/2952/5556
f 2925/2925/5557 2952/2952/5557 2951/2951/5557
f 2950/2950/5558 2949/2949/5558 2948/2948/5558
f 2950/2950/5559 2948/2948/5559 2947/2947/5559
f 2950/2950/5560 2947/2947/5560 2946/2946/5560
f 2942/2942/5561 2941/2941/5561 2900/2900/5561
f 2942/2942/5562 2900/2900/5562 2899/2899/5562
f 2942/2942/5563 2899/2899/5563 2898/2898/5563
f 2898/2898/5564 2897/2897/5564 2896/2896/5564
f 2898/2898/5565 2896/2896/5565 2895/2895/5565
f 2894/2894/5566 2893/2893/5566 2917/2917/5566
f 2917/2917/5567 2893/2893/5567 2891/2891/5567
f 2917/2917/5568 2891/2891/5568 2889/2889/5568
f 2876/2876/5569 2873/2873/5569 2870/2870/5569
f 2913/2913/5570 2971/2971/5570 2969/2969/5570
f 2913/2913/5571 2969/2969/5571 2968/2968/5571
f 2913/2913/5572 2968/2968/5572 2967/2967/5572
f 2990/2990/5573 2989/2989/5573 2963/2963/5573
f 2959/2959/5574 2958/2958/5574 2955/2955/5574
f 2959/2959/5575 2955/2955/5575 2986/2986/5575
f 2986/2986/5576 2984/2984/5576 2982/2982/5576
f 2986/2986/5577 2982/2982/5577 2981/2981/5577
f 2986/2986/5578 2981/2981/5578 2978/2978/5578
f 2976/2976/5579 2975/2975/5579 2908/2908/5579
f 2936/2936/5580 2935/2935/5580 2954/2954/5580
f 2926/2926/5581 2925/2925/5581 2951/2951/5581
f 2951/2951/5582 2950/2950/5582 2946/2946/5582
f 2951/2951/5583 2946/2946/5583 2945/2945/5583
f 2943/2943/5584 2942/2942/5584 2898/2898/5584
f 2918/2918/5585 2917/2917/5585 2889/2889/5585
f 2993/2993/5586 2913/2913/5586 2967/2967/5586
f 2977/2977/5587 2976/2976/5587 2908/2908/5587
f 2977/2977/5588 2908/2908/5588 2906/2906/5588
f 2977/2977/5589 2906/2906/5589 2905/2905/5589
f 2944/2944/5590 2943/2943/5590 2898/2898/5590
f 2944/2944/5591 2898/2898/5591 2895/2895/5591
f 2919/2919/5592 2918/2918/5592 2889/2889/5592
f 2919/2919/5593 2889/2889/5593 2886/2886/5593
f 2994/2994/5594 2993/2993/5594 2967/2967/5594
f 2994/2994/5595 2967/2967/5595 2966/2966/5595
f 2978/2978/5596 2977/2977/5596 2905/2905/5596
f 2945/2945/5597 2944/2944/5597 2895/2895/5597
f 2945/2945/5598 2895/2895/5598 2894/2894/5598
f 2920/2920/5599 2919/2919/5599 2886/2886/5599
f 2995/2995/5600 2994/2994/5600 2966/2966/5600
f 2995/2995/5601 2966/2966/5601 2965/2965/5601
f 2986/2986/5602 2978/2978/5602 2905/2905/5602
f 2986/2986/5603 2905/2905/5603 2904/2904/5603
f 2986/2986/5604 2904/2904/5604 2903/2903/5604
f 2951/2951/5605 2945/2945/5605 2894/2894/5605
f 2921/2921/5606 2920/2920/5606 2886/2886/5606
f 2996/2996/5607 2995/2995/5607 2965/2965/5607
f 2959/2959/5608 2986/2986/5608 2903/2903/5608
f 2959/2959/5609 2903/2903/5609 2901/2901/5609
f 2926/2926/5610 2951/2951/5610 2894/2894/5610
f 2926/2926/5611 2894/2894/5611 2917/2917/5611
f 2922/2922/5612 2921/2921/5612 2886/2886/5612
f 2922/2922/5613 2886/2886/5613 2883/2883/5613
f 2922/2922/5614 2883/2883/5614 2881/2881/5614
f 2997/2997/5615 2996/2996/5615 2965/2965/5615
f 2997/2997/5616 2965/2965/5616 2990/2990/5616
f 2960/2960/5617 2959/2959/5617 2901/2901/5617
f 2960/2960/5618 2901/2901/5618 2940/2940/5618
f 2927/2927/5619 2926/2926/5619 2917/2917/5619
f 2916/2916/5620 2922/2922/5620 2881/2881/5620
f 2998/2998/5621 2997/2997/5621 2990/2990/5621
f 2961/2961/5622 2960/2960/5622 2940/2940/5622
f 2961/2961/5623 2940/2940/5623 2938/2938/5623
f 2928/2928/5624 2927/2927/5624 2917/2917/5624
f 2928/2928/5625 2917/2917/5625 2916/2916/5625
f 2870/2870/5626 2998/2998/5626 2990/2990/5626
f 2962/2962/5627 2961/2961/5627 2938/2938/5627
f 2962/2962/5628 2938/2938/5628 2937/2937/5628
f 2929/2929/5629 2928/2928/5629 2916/2916/5629
f 2876/2876/5630 2870/2870/5630 2990/2990/5630
f 2876/2876/5631 2990/2990/5631 2963/2963/5631
f 2963/2963/5632 2962/2962/5632 2937/2937/5632
f 2930/2930/5633 2929/2929/5633 2916/2916/5633
f 2930/2930/5634 2916/2916/5634 2881/2881/5634
f 2879/2879/5635 2876/2876/5635 2963/2963/5635
f 2879/2879/5636 2963/2963/5636 2937/2937/5636
f 2879/2879/5637 2937/2937/5637 2936/2936/5637
f 2879/2879/5638 2936/2936/5638 2954/2954/5638
f 2931/2931/5639 2930/2930/5639 2881/2881/5639
f 2881/2881/5640 2879/2879/5640 2954/2954/5640
f 2881/2881/5641 2954/2954/5641 2953/2953/5641
f 2881/2881/5642 2953/2953/5642 2931/2931/5642
f 2870/2870/5643 2871/2871/5643 2741/2741/5643
f 2741/2741/5644 2871/2871/5644 2742/2742/5644
f 2871/2871/5645 2872/2872/5645 2742/2742/5645
f 2742/2742/5646 2872/2872/5646 2743/2743/5646
f 2872/2872/5647 2873/2873/5647 2743/2743/5647
f 2743/2743/5648 2873/2873/5648 2744/2744/5648
f 2873/2873/5649 2874/2874/5649 2744/2744/5649
f 2744/2744/5650 2874/2874/5650 2745/2745/5650
f 2874/2874/5651 2875/2875/5651 2745/2745/5651
f 2745/2745/5652 2875/2875/5652 2746/2746/5652
f 2875/2875/5653 2876/2876/5653 2746/2746/5653
f 2746/2746/5654 2876/2876/5654 2747/2747/5654
f 2876/2876/5655 2877/2877/5655 2747/2747/5655
f 2747/2747/5656 2877/2877/5656 2748/2748/5656
f 2877/2877/5657 2878/2878/5657 2748/2748/5657
f 2748/2748/5658 2878/2878/5658 2749/2749/5658
f 2878/2878/5659 2879/2879/5659 2749/2749/5659
f 2749/2749/5660 2879/2879/5660 2750/2750/5660
f 2879/2879/5661 2880/2880/5661 2750/2750/5661
f 2750/2750/5662 2880/2880/5662 2751/2751/5662
f 2880/2880/5663 2881/2881/5663 2751/2751/5663
f 2751/2751/5664 2881/2881/5664 2752/2752/5664
f 2881/2881/5665 2882/2882/5665 2752/2752/5665
f 2752/2752/5666 2882/2882/5666 2753/2753/5666
f 2882/2882/5667 2883/2883/5667 2753/2753/5667
f 2753/2753/5668 2883/2883/5668 2754/2754/5668
f 2883/2883/5669 2884/2884/5669 2754/2754/5669
f 2754/2754/5670 2884/2884/5670 2755/2755/5670
f 2884/2884/5671 2885/2885/5671 2755/2755/5671
f 2755/2755/5672 2885/2885/5672 2756/2756/5672
f 2885/2885/5673 2886/2886/5673 2756/2756/5673
f 2756/2756/5674 2886/2886/5674 2757/2757/5674
f 2886/2886/5675 2887/2887/5675 2757/2757/5675
f 2757/2757/5676 2887/2887/5676 2758/2758/5676
f 2887/2887/5677 2888/2888/5677 2758/2758/5677
f 2758/2758/5678 2888/2888/5678 2759/2759/5678
f 2888/2888/5679 2889/2889/5679 2759/2759/5679
f 2759/2759/5680 2889/2889/5680 2760/2760/5680
f 2889/2889/5681 2890/2890/5681 2760/2760/5681
f 2760/2760/5682 2890/2890/5682 2761/2761/5682
f 2890/2890/5683 2891/2891/5683 2761/2761/5683
f 2761/2761/5684 2891/2891/5684 2762/2762/5684
f 2891/2891/5685 2892/2892/5685 2762/2762/5685
f 2762/2762/5686 2892/2892/5686 2763/2763/5686
f 2892/2892/5687 2893/2893/5687 2763/2763/5687
f 2763/2763/5688 2893/2893/5688 2764/2764/5688
f 2893/2893/5689 2894/2894/5689 2764/2764/5689
f 2764/2764/5690 2894/2894/5690 2765/2765/5690
f 2894/2894/5691 2895/2895/5691 2765/2765/5691
f 2765/2765/5692 2895/2895/5692 2766/2766/5692
f 2895/2895/5693 2896/2896/5693 2766/2766/5693
f 2766/2766/5694 2896/2896/5694 2767/2767/5694
f 2896/2896/5695 2897/2897/5695 2767/2767/5695
f 2767/2767/5696 2897/2897/5696 2768/2768/5696
f 2897/2897/5697 2898/2898/5697 2768/2768/5697
f 2768/2768/5698 2898/2898/5698 2769/2769/5698
f 2898/2898/5699 2899/2899/5699 2769/2769/5699
f 2769/2769/5700 2899/2899/5700 2770/2770/5700
f 2899/2899/5701 2900/2900/5701 2770/2770/5701
f 2770/2770/5702 2900/2900/5702 2771/2771/5702
f 2900/2900/5703 2901/2901/5703 2771/2771/5703
f 2771/2771/5704 2901/2901/5704 2772/2772/5704
f 2901/2901/5705 2902/2902/5705 2772/2772/5705
f 2772/2772/5706 2902/2902/5706 2773/2773/5706
f 2902/2902/5707 2903/2903/5707 2773/2773/5707
f 2773/2773/5708 2903/2903/5708 2774/2774/5708
f 2903/2903/5709 2904/2904/5709 2774/2774/5709
f 2774/2774/5710 2904/2904/5710 2775/2775/5710
f 2904/2904/5711 2905/2905/5711 2775/2775/5711
f 2775/2775/5712 2905/2905/5712 2776/2776/5712
f 2905/2905/5713 2906/2906/5713 2776/2776/5713
f 2776/2776/5714 2906/2906/5714 2777/2777/5714
f 2906/2906/5715 2907/2907/5715 2777/2777/5715
f 2777/2777/5716 2907/2907/5716 2778/2778/5716
f 2907/2907/5717 2908/2908/5717 2778/2778/5717
f 2778/2778/5718 2908/2908/5718 2779/2779/5718
f 2908/2908/5719 2909/2909/5719 2779/2779/5719
f 2779/2779/5720 2909/2909/5720 2780/2780/5720
f 2909/2909/5721 2910/2910/5721 2780/2780/5721
f 2780/2780/5722 2910/2910/5722 2781/2781/5722
f 2910/2910/5723 2911/2911/5723 2781/2781/5723
f 2781/2781/5724 2911/2911/5724 2782/2782/5724
f 2911/2911/5725 2912/2912/5725 2782/2782/5725
f 2782/2782/5726 2912/2912/5726 2783/2783/5726
f 2912/2912/5727 2913/2913/5727 2783/2783/5727
f 2783/2783/5728 2913/2913/5728 2784/2784/5728
f 2913/2913/5729 2914/2914/5729 2784/2784/5729
f 2784/2784/5730 2914/2914/5730 2785/2785/5730
f 2915/2915/5731 2870/2870/5731 2786/2786/5731
f 2786/2786/5732 2870/2870/5732 2741/2741/5732
f 2914/2914/5733 2915/2915/5733 2785/2785/5733
f 2785/2785/5734 2915/2915/5734 2786/2786/5734
f 2916/2916/5735 2917/2917/5735 2787/2787/5735
f 2787/2787/5736 2917/2917/5736 2788/2788/5736
f 2917/2917/5737 2918/2918/5737 2788/2788/5737
f 2788/2788/5738 2918/2918/5738 2789/2789/5738
f 2918/2918/5739 2919/2919/5739 2789/2789/5739
f 2789/2789/5740 2919/2919/5740 2790/2790/5740
f 2919/2919/5741 2920/2920/5741 2790/2790/5741
f 2790/2790/5742 2920/2920/5742 2791/2791/5742
f 2920/2920/5743 2921/2921/5743 2791/2791/5743
f 2791/2791/5744 2921/2921/5744 2792/2792/5744
f 2922/2922/5745 2916/2916/5745 2793/2793/5745
f 2793/2793/5746 2916/2916/5746 2787/2787/5746
f 2921/2921/5747 2922/2922/5747 2792/2792/5747
f 2792/2792/5748 2922/2922/5748 2793/2793/5748
f 2923/2923/5749 2924/2924/5749 2794/2794/5749
f 2794/2794/5750 2924/2924/5750 2795/2795/5750
f 2924/2924/5751 2925/2925/5751 2795/2795/5751
f 2795/2795/5752 2925/2925/5752 2796/2796/5752
f 2925/2925/5753 2926/2926/5753 2796/2796/5753
f 2796/2796/5754 2926/2926/5754 2797/2797/5754
f 2926/2926/5755 2927/2927/5755 2797/2797/5755
f 2797/2797/5756 2927/2927/5756 2798/2798/5756
f 2927/2927/5757 2928/2928/5757 2798/2798/5757
f 2798/2798/5758 2928/2928/5758 2799/2799/5758
f 2928/2928/5759 2929/2929/5759 2799/2799/5759
f 2799/2799/5760 2929/2929/5760 2800/2800/5760
f 2929/2929/5761 2930/2930/5761 2800/2800/5761
f 2800/2800/5762 2930/2930/5762 2801/2801/5762
f 2931/2931/5763 2923/2923/5763 2802/2802/5763
f 2802/2802/5764 2923/2923/5764 2794/2794/5764
f 2930/2930/5765 2931/2931/5765 2801/2801/5765
f 2801/2801/5766 2931/2931/5766 2802/2802/5766
f 2932/2932/5767 2933/2933/5767 2803/2803/5767
f 2803/2803/5768 2933/2933/5768 2804/2804/5768
f 2933/2933/5769 2934/2934/5769 2804/2804/5769
f 2804/2804/5770 2934/2934/5770 2805/2805/5770
f 2934/2934/5771 2935/2935/5771 2805/2805/5771
f 2805/2805/5772 2935/2935/5772 2806/2806/5772
f 2935/2935/5773 2936/2936/5773 2806/2806/5773
f 2806/2806/5774 2936/2936/5774 2807/2807/5774
f 2936/2936/5775 2937/2937/5775 2807/2807/5775
f 2807/2807/5776 2937/2937/5776 2808/2808/5776
f 2937/2937/5777 2938/2938/5777 2808/2808/5777
f 2808/2808/5778 2938/2938/5778 2809/2809/5778
f 2938/2938/5779 2939/2939/5779 2809/2809/5779
f 2809/2809/5780 2939/2939/5780 2810/2810/5780
f 2939/2939/5781 2940/2940/5781 2810/2810/5781
f 2810/2810/5782 2940/2940/5782 2811/2811/5782
f 2940/2940/5783 2941/2941/5783 2811/2811/5783
f 2811/2811/5784 2941/2941/5784 2812/2812/5784
f 2941/2941/5785 2942/2942/5785 2812/2812/5785
f 2812/2812/5786 2942/2942/5786 2813/2813/5786
f 2942/2942/5787 2943/2943/5787 2813/2813/5787
f 2813/2813/5788 2943/2943/5788 2814/2814/5788
f 2943/2943/5789 2944/2944/5789 2814/2814/5789
f 2814/2814/5790 2944/2944/5790 2815/2815/5790
f 2944/2944/5791 2945/2945/5791 2815/2815/5791
f 2815/2815/5792 2945/2945/5792 2816/2816/5792
f 2945/2945/5793 2946/2946/5793 2816/2816/5793
f 2816/2816/5794 2946/2946/5794 2817/2817/5794
f 2946/2946/5795 2947/2947/5795 2817/2817/5795
f 2817/2817/5796 2947/2947/5796 2818/2818/5796
f 2947/2947/5797 2948/2948/5797 2818/2818/5797
f 2818/2818/5798 2948/2948/5798 2819/2819/5798
f 2948/2948/5799 2949/2949/5799 2819/2819/5799
f 2819/2819/5800 2949/2949/5800 2820/2820/5800
f 2949/2949/5801 2950/2950/5801 2820/2820/5801
f 2820/2820/5802 2950/2950/5802 2821/2821/5802
f 2950/2950/5803 2951/2951/5803 2821/2821/5803
f 2821/2821/5804 2951/2951/5804 2822/2822/5804
f 2951/2951/5805 2952/2952/5805 2822/2822/5805
f 2822/2822/5806 2952/2952/5806 2823/2823/5806
f 2952/2952/5807 2953/2953/5807 2823/2823/5807
f 2823/2823/5808 2953/2953/5808 2824/2824/5808
f 2954/2954/5809 2932/2932/5809 2825/2825/5809
f 2825/2825/5810 2932/2932/5810 2803/2803/5810
f 2953/2953/5811 2954/2954/5811 2824/2824/5811
f 2824/2824/5812 2954/2954/5812 2825/2825/5812
f 2955/2955/5813 2956/2956/5813 2826/2826/5813
f 2826/2826/5814 2956/2956/5814 2827/2827/5814
f 2956/2956/5815 2957/2957/5815 2827/2827/5815
f 2827/2827/5816 2957/2957/5816 2828/2828/5816
f 2957/2957/5817 2958/2958/5817 2828/2828/5817
f 2828/2828/5818 2958/2958/5818 2829/2829/5818
f 2958/2958/5819 2959/2959/5819 2829/2829/5819
f 2829/2829/5820 2959/2959/5820 2830/2830/5820
f 2959/2959/5821 2960/2960/5821 2830/2830/5821
f 2830/2830/5822 2960/2960/5822 2831/2831/5822
f 2960/2960/5823 2961/2961/5823 2831/2831/5823
f 2831/2831/5824 2961/2961/5824 2832/2832/5824
f 2961/2961/5825 2962/2962/5825 2832/2832/5825
f 2832/2832/5826 2962/2962/5826 2833/2833/5826
f 2962/2962/5827 2963/2963/5827 2833/2833/5827
f 2833/2833/5828 2963/2963/5828 2834/2834/5828
f 2964/2964/5829 2955/2955/5829 2835/2835/5829
f 2835/2835/5830 2955/2955/5830 2826/2826/5830
f 2963/2963/5831 2964/2964/5831 2834/2834/5831
f 2834/2834/5832 2964/2964/5832 2835/2835/5832
f 2965/2965/5833 2966/2966/5833 2836/2836/5833
f 2836/2836/5834 2966/2966/5834 2837/2837/5834
f 2966/2966/5835 2967/2967/5835 2837/2837/5835
f 2837/2837/5836 2967/2967/5836 2838/2838/5836
f 2967/2967/5837 2968/2968/5837 2838/2838/5837
f 2838/2838/5838 2968/2968/5838 2839/2839/5838
f 2968/2968/5839 2969/2969/5839 2839/2839/5839
f 2839/2839/5840 2969/2969/5840 2840/2840/5840
f 2969/2969/5841 2970/2970/5841 2840/2840/5841
f 2840/2840/5842 2970/2970/5842 2841/2841/5842
f 2970/2970/5843 2971/2971/5843 2841/2841/5843
f 2841/2841/5844 2971/2971/5844 2842/2842/5844
f 2971/2971/5845 2972/2972/5845 2842/2842/5845
f 2842/2842/5846 2972/2972/5846 2843/2843/5846
f 2972/2972/5847 2973/2973/5847 2843/2843/5847
f 2843/2843/5848 2973/2973/5848 2844/2844/5848
f 2973/2973/5849 2974/2974/5849 2844/2844/5849
f 2844/2844/5850 2974/2974/5850 2845/2845/5850
f 2974/2974/5851 2975/2975/5851 2845/2845/5851
f 2845/2845/5852 2975/2975/5852 2846/2846/5852
f 2975/2975/5853 2976/2976/5853 2846/2846/5853
f 2846/2846/5854 2976/2976/5854 2847/2847/5854
f 2976/2976/5855 2977/2977/5855 2847/2847/5855
f 2847/2847/5856 2977/2977/5856 2848/2848/5856
f 2977/2977/5857 2978/2978/5857 2848/2848/5857
f 2848/2848/5858 2978/2978/5858 2849/2849/5858
f 2978/2978/5859 2979/2979/5859 2849/2849/5859
f 2849/2849/5860 2979/2979/5860 2850/2850/5860
f 2979/2979/5861 2980/2980/5861 2850/2850/5861
f 2850/2850/5862 2980/2980/5862 2851/2851/5862
f 2980/2980/5863 2981/2981/5863 2851/2851/5863
f 2851/2851/5864 2981/2981/5864 2852/2852/5864
f 2981/2981/5865 2982/2982/5865 2852/2852/5865
f 2852/2852/5866 2982/2982/5866 2853/2853/5866
f 2982/2982/5867 2983/2983/5867 2853/2853/5867
f 2853/2853/5868 2983/2983/5868 2854/2854/5868
f 2983/2983/5869 2984/2984/5869 2854/2854/5869
f 2854/2854/5870 2984/2984/5870 2855/2855/5870
f 2984/2984/5871 2985/2985/5871 2855/2855/5871
f 2855/2855/5872 2985/2985/5872 2856/2856/5872
f 2985/2985/5873 2986/2986/5873 2856/2856/5873
f 2856/2856/5874 2986/2986/5874 2857/2857/5874
f 2986/2986/5875 2987/2987/5875 2857/2857/5875
f 2857/2857/5876 2987/2987/5876 2858/2858/5876
f 2987/2987/5877 2988/2988/5877 2858/2858/5877
f 2858/2858/5878 2988/2988/5878 2859/2859/5878
f 2988/2988/5879 2989/2989/5879 2859/2859/5879
f 2859/2859/5880 2989/2989/5880 2860/2860/5880
f 2990/2990/5881 2965/2965/5881 2861/2861/5881
f 2861/2861/5882 2965/2965/5882 2836/2836/5882
f 2989/2989/5883 2990/2990/5883 2860/2860/5883
f 2860/2860/5884 2990/2990/5884 2861/2861/5884
f 2991/2991/5885 2992/2992/5885 2862/2862/5885
f 2862/2862/5886 2992/2992/5886 2863/2863/5886
f 2992/2992/5887 2993/2993/5887 2863/2863/5887
f 2863/2863/5888 2993/2993/5888 2864/2864/5888
f 2993/2993/5889 2994/2994/5889 2864/2864/5889
f 2864/2864/5890 2994/2994/5890 2865/2865/5890
f 2994/2994/5891 2995/2995/5891 2865/2865/5891
f 2865/2865/5892 2995/2995/5892 2866/2866/5892
f 2995/2995/5893 2996/2996/5893 2866/2866/5893
f 2866/2866/5894 2996/2996/5894 2867/2867/5894
f 2996/2996/5895 2997/2997/5895 2867/2867/5895
f 2867/2867/5896 2997/2997/5896 2868/2868/5896
f 2998/2998/5897 2991/2991/5897 2869/2869/5897
f 2869/2869/5898 2991/2991/5898 2862/2862/5898
f 2997/2997/5899 2998/2998/5899 2868/2868/5899
f 2868/2868/5900 2998/2998/5900 2869/2869/5900
f 3048/3048/5901 3049/3049/5901 3050/3050/5901
f 3047/3047/5902 3048/3048/5902 3050/3050/5902
f 3046/3046/5903 3047/3047/5903 3050/3050/5903
f 3054/3054/5904 3055/3055/5904 3056/3056/5904
f 3053/3053/5905 3054/3054/5905 3056/3056/5905
f 3090/3090/5906 3091/3091/5906 3092/3092/5906
f 3089/3089/5907 3090/3090/5907 3092/3092/5907
f 3088/3088/5908 3089/3089/5908 3092/3092/5908
f 3064/3064/5909 3088/3088/5909 3092/3092/5909
f 3061/3061/5910 3062/3062/5910 3063/3063/5910
f 3060/3060/5911 3061/3061/5911 3063/3063/5911
f 3076/3076/5912 3060/3060/5912 3063/3063/5912
f 3070/3070/5913 3071/3071/5913 3072/3072/5913
f 3069/3069/5914 3070/3070/5914 3072/3072/5914
f 3068/3068/5915 3069/3069/5915 3072/3072/5915
f 3088/3088/5916 3064/3064/5916 3065/3065/5916
f 3087/3087/5917 3088/3088/5917 3065/3065/5917
f 3086/3086/5918 3087/3087/5918 3065/3065/5918
f 3085/3085/5919 3086/3086/5919 3065/3065/5919
f 3010/3010/5920 3011/3011/5920 3012/3012/5920
f 3009/3009/5921 3010/3010/5921 3012/3012/5921
f 3006/3006/5922 3007/3007/5922 3008/3008/5922
f 3005/3005/5923 3006/3006/5923 3008/3008/5923
f 3003/3003/5924 3004/3004/5924 3005/3005/5924
f 3000/3000/5925 3001/3001/5925 3002/3002/5925
f 2999/2999/5926 3000/3000/5926 3002/3002/5926
f 3045/3045/5927 2999/2999/5927 3002/3002/5927
f 3043/3043/5928 3044/3044/5928 3045/3045/5928
f 3042/3042/5929 3043/3043/5929 3045/3045/5929
f 3039/3039/5930 3040/3040/5930 3041/3041/5930
f 3037/3037/5931 3038/3038/5931 3039/3039/5931
f 3034/3034/5932 3035/3035/5932 3036/3036/5932
f 3033/3033/5933 3034/3034/5933 3036/3036/5933
f 3032/3032/5934 3033/3033/5934 3036/3036/5934
f 3030/3030/5935 3031/3031/5935 3032/3032/5935
f 3029/3029/5936 3030/3030/5936 3032/3032/5936
f 3027/3027/5937 3028/3028/5937 3029/3029/5937
f 3173/3173/5938 3027/3027/5938 3029/3029/5938
f 3172/3172/5939 3173/3173/5939 3029/3029/5939
f 3190/3190/5940 3172/3172/5940 3029/3029/5940
f 3155/3155/5941 3190/3190/5941 3029/3029/5941
f 3154/3154/5942 3155/3155/5942 3029/3029/5942
f 3151/3151/5943 3152/3152/5943 3153/3153/5943
f 3150/3150/5944 3151/3151/5944 3153/3153/5944
f 3171/3171/5945 3150/3150/5945 3153/3153/5945
f 3140/3140/5946 3141/3141/5946 3170/3170/5946
f 3139/3139/5947 3140/3140/5947 3170/3170/5947
f 3138/3138/5948 3139/3139/5948 3170/3170/5948
f 3136/3136/5949 3137/3137/5949 3138/3138/5949
f 3099/3099/5950 3147/3147/5950 3148/3148/5950
f 3098/3098/5951 3099/3099/5951 3148/3148/5951
f 3097/3097/5952 3098/3098/5952 3148/3148/5952
f 3114/3114/5953 3097/3097/5953 3148/3148/5953
f 3110/3110/5954 3111/3111/5954 3112/3112/5954
f 3109/3109/5955 3110/3110/5955 3112/3112/5955
f 3108/3108/5956 3109/3109/5956 3112/3112/5956
f 3106/3106/5957 3107/3107/5957 3108/3108/5957
f 3105/3105/5958 3106/3106/5958 3108/3108/5958
f 3104/3104/5959 3105/3105/5959 3108/3108/5959
f 3103/3103/5960 3104/3104/5960 3108/3108/5960
f 3146/3146/5961 3147/3147/5961 3099/3099/5961
f 3145/3145/5962 3146/3146/5962 3099/3099/5962
f 3127/3127/5963 3128/3128/5963 3129/3129/5963
f 3126/3126/5964 3127/3127/5964 3129/3129/5964
f 3118/3118/5965 3119/3119/5965 3120/3120/5965
f 3117/3117/5966 3118/3118/5966 3120/3120/5966
f 3116/3116/5967 3117/3117/5967 3120/3120/5967
f 3170/3170/5968 3141/3141/5968 3142/3142/5968
f 3169/3169/5969 3170/3170/5969 3142/3142/5969
f 3166/3166/5970 3167/3167/5970 3168/3168/5970
f 3165/3165/5971 3166/3166/5971 3168/3168/5971
f 3164/3164/5972 3165/3165/5972 3168/3168/5972
f 3163/3163/5973 3164/3164/5973 3168/3168/5973
f 3156/3156/5974 3157/3157/5974 3158/3158/5974
f 3189/3189/5975 3190/3190/5975 3155/3155/5975
f 3188/3188/5976 3189/3189/5976 3155/3155/5976
f 3186/3186/5977 3187/3187/5977 3188/3188/5977
f 3185/3185/5978 3186/3186/5978 3188/3188/5978
f 3184/3184/5979 3185/3185/5979 3188/3188/5979
f 3182/3182/5980 3183/3183/5980 3184/3184/5980
f 3181/3181/5981 3182/3182/5981 3184/3184/5981
f 3180/3180/5982 3181/3181/5982 3184/3184/5982
f 3179/3179/5983 3180/3180/5983 3184/3184/5983
f 3173/3173/5984 3174/3174/5984 3175/3175/5984
f 3027/3027/5985 3173/3173/5985 3175/3175/5985
f 3026/3026/5986 3027/3027/5986 3175/3175/5986
f 3025/3025/5987 3026/3026/5987 3175/3175/5987
f 3022/3022/5988 3023/3023/5988 3024/3024/5988
f 3020/3020/5989 3021/3021/5989 3022/3022/5989
f 3018/3018/5990 3019/3019/5990 3020/3020/5990
f 3017/3017/5991 3018/3018/5991 3020/3020/5991
f 3015/3015/5992 3016/3016/5992 3017/3017/5992
f 3014/3014/5993 3015/3015/5993 3017/3017/5993
f 3083/3083/5994 3084/3084/5994 3012/3012/5994
f 3082/3082/5995 3083/3083/5995 3012/3012/5995
f 3077/3077/5996 3078/3078/5996 3079/3079/5996
f 3096/3096/5997 3077/3077/5997 3079/3079/5997
f 3064/3064/5998 3092/3092/5998 3093/3093/5998
f 3063/3063/5999 3064/3064/5999 3093/3093/5999
f 3076/3076/6000 3063/3063/6000 3093/3093/6000
f 3068/3068/6001 3072/3072/6001 3073/3073/6001
f 3085/3085/6002 3065/3065/6002 3066/3066/6002
f 3009/3009/6003 3012/3012/6003 3085/3085/6003
f 3008/3008/6004 3009/3009/6004 3085/3085/6004
f 3045/3045/6005 3002/3002/6005 3003/3003/6005
f 3171/3171/6006 3153/3153/6006 3154/3154/6006
f 3136/3136/6007 3138/3138/6007 3170/3170/6007
f 3135/3135/6008 3136/3136/6008 3170/3170/6008
f 3134/3134/6009 3135/3135/6009 3170/3170/6009
f 3114/3114/6010 3148/3148/6010 3149/3149/6010
f 3108/3108/6011 3112/3112/6011 3113/3113/6011
f 3103/3103/6012 3108/3108/6012 3113/3113/6012
f 3145/3145/6013 3099/3099/6013 3100/3100/6013
f 3144/3144/6014 3145/3145/6014 3100/3100/6014
f 3143/3143/6015 3144/3144/6015 3100/3100/6015
f 3126/3126/6016 3129/3129/6016 3130/3130/6016
f 3125/3125/6017 3126/3126/6017 3130/3130/6017
f 3116/3116/6018 3120/3120/6018 3121/3121/6018
f 3142/3142/6019 3116/3116/6019 3121/3121/6019
f 3169/3169/6020 3142/3142/6020 3121/3121/6020
f 3168/3168/6021 3169/3169/6021 3121/3121/6021
f 3163/3163/6022 3168/3168/6022 3121/3121/6022
f 3162/3162/6023 3163/3163/6023 3121/3121/6023
f 3161/3161/6024 3162/3162/6024 3121/3121/6024
f 3188/3188/6025 3155/3155/6025 3156/3156/6025
f 3184/3184/6026 3188/3188/6026 3156/3156/6026
f 3179/3179/6027 3184/3184/6027 3156/3156/6027
f 3178/3178/6028 3179/3179/6028 3156/3156/6028
f 3025/3025/6029 3175/3175/6029 3176/3176/6029
f 3024/3024/6030 3025/3025/6030 3176/3176/6030
f 3082/3082/6031 3012/3012/6031 3013/3013/6031
f 3096/3096/6032 3079/3079/6032 3080/3080/6032
f 3076/3076/6033 3093/3093/6033 3094/3094/6033
f 3075/3075/6034 3076/3076/6034 3094/3094/6034
f 3008/3008/6035 3085/3085/6035 3066/3066/6035
f 3005/3005/6036 3008/3008/6036 3066/3066/6036
f 3171/3171/6037 3154/3154/6037 3029/3029/6037
f 3134/3134/6038 3170/3170/6038 3171/3171/6038
f 3133/3133/6039 3134/3134/6039 3171/3171/6039
f 3116/3116/6040 3142/3142/6040 3143/3143/6040
f 3115/3115/6041 3116/3116/6041 3143/3143/6041
f 3132/3132/6042 3115/3115/6042 3143/3143/6042
f 3125/3125/6043 3130/3130/6043 3131/3131/6043
f 3161/3161/6044 3121/3121/6044 3122/3122/6044
f 3178/3178/6045 3156/3156/6045 3158/3158/6045
f 3177/3177/6046 3178/3178/6046 3158/3158/6046
f 3024/3024/6047 3176/3176/6047 3177/3177/6047
f 3022/3022/6048 3024/3024/6048 3177/3177/6048
f 3005/3005/6049 3066/3066/6049 3067/3067/6049
f 3003/3003/6050 3005/3005/6050 3067/3067/6050
f 3171/3171/6051 3029/3029/6051 3032/3032/6051
f 3133/3133/6052 3171/3171/6052 3032/3032/6052
f 3132/3132/6053 3143/3143/6053 3100/3100/6053
f 3131/3131/6054 3132/3132/6054 3100/3100/6054
f 3125/3125/6055 3131/3131/6055 3100/3100/6055
f 3177/3177/6056 3158/3158/6056 3159/3159/6056
f 3022/3022/6057 3177/3177/6057 3159/3159/6057
f 3003/3003/6058 3067/3067/6058 3068/3068/6058
f 3133/3133/6059 3032/3032/6059 3036/3036/6059
f 3149/3149/6060 3133/3133/6060 3036/3036/6060
f 3114/3114/6061 3149/3149/6061 3036/3036/6061
f 3022/3022/6062 3159/3159/6062 3160/3160/6062
f 3003/3003/6063 3068/3068/6063 3073/3073/6063
f 3114/3114/6064 3036/3036/6064 3037/3037/6064
f 3113/3113/6065 3114/3114/6065 3037/3037/6065
f 3022/3022/6066 3160/3160/6066 3161/3161/6066
f 3020/3020/6067 3022/3022/6067 3161/3161/6067
f 3003/3003/6068 3073/3073/6068 3074/3074/6068
f 3113/3113/6069 3037/3037/6069 3039/3039/6069
f 3020/3020/6070 3161/3161/6070 3122/3122/6070
f 3020/3020/6071 3122/3122/6071 3123/3123/6071
f 3017/3017/6072 3020/3020/6072 3123/3123/6072
f 3017/3017/6073 3123/3123/6073 3124/3124/6073
f 3017/3017/6074 3124/3124/6074 3125/3125/6074
f 3014/3014/6075 3017/3017/6075 3125/3125/6075
f 3013/3013/6076 3014/3014/6076 3125/3125/6076
f 3013/3013/6077 3125/3125/6077 3100/3100/6077
f 3013/3013/6078 3100/3100/6078 3101/3101/6078
f 3082/3082/6079 3013/3013/6079 3101/3101/6079
f 3082/3082/6080 3101/3101/6080 3102/3102/6080
f 3082/3082/6081 3102/3102/6081 3103/3103/6081
f 3081/3081/6082 3082/3082/6082 3103/3103/6082
f 3081/3081/6083 3103/3103/6083 3113/3113/6083
f 3080/3080/6084 3081/3081/6084 3113/3113/6084
f 3080/3080/6085 3113/3113/6085 3039/3039/6085
f 3096/3096/6086 3080/3080/6086 3039/3039/6086
f 3095/3095/6087 3096/3096/6087 3039/3039/6087
f 3094/3094/6088 3095/3095/6088 3051/3051/6088
f 3075/3075/6089 3094/3094/6089 3051/3051/6089
f 3095/3095/6090 3039/3039/6090 3041/3041/6090
f 3051/3051/6091 3095/3095/6091 3041/3041/6091
f 3050/3050/6092 3051/3051/6092 3041/3041/6092
f 3046/3046/6093 3050/3050/6093 3041/3041/6093
f 3059/3059/6094 3046/3046/6094 3041/3041/6094
f 3075/3075/6095 3051/3051/6095 3052/3052/6095
f 3074/3074/6096 3075/3075/6096 3052/3052/6096
f 3003/3003/6097 3074/3074/6097 3052/3052/6097
f 3059/3059/6098 3041/3041/6098 3042/3042/6098
f 3058/3058/6099 3059/3059/6099 3042/3042/6099
f 3003/3003/6100 3052/3052/6100 3053/3053/6100
f 3045/3045/6101 3003/3003/6101 3053/3053/6101
f 3058/3058/6102 3042/3042/6102 3045/3045/6102
f 3057/3057/6103 3058/3058/6103 3045/3045/6103
f 3056/3056/6104 3057/3057/6104 3045/3045/6104
f 3053/3053/6105 3056/3056/6105 3045/3045/6105
f 3242/3242/6106 3241/3241/6106 3240/3240/6106
f 3242/3242/6107 3240/3240/6107 3239/3239/6107
f 3242/3242/6108 3239/3239/6108 3238/3238/6108
f 3248/3248/6109 3247/3247/6109 3246/3246/6109
f 3248/3248/6110 3246/3246/6110 3245/3245/6110
f 3284/3284/6111 3283/3283/6111 3282/3282/6111
f 3284/3284/6112 3282/3282/6112 3281/3281/6112
f 3284/3284/6113 3281/3281/6113 3280/3280/6113
f 3284/3284/6114 3280/3280/6114 3256/3256/6114
f 3255/3255/6115 3254/3254/6115 3253/3253/6115
f 3255/3255/6116 3253/3253/6116 3252/3252/6116
f 3255/3255/6117 3252/3252/6117 3268/3268/6117
f 3264/3264/6118 3263/3263/6118 3262/3262/6118
f 3264/3264/6119 3262/3262/6119 3261/3261/6119
f 3264/3264/6120 3261/3261/6120 3260/3260/6120
f 3257/3257/6121 3256/3256/6121 3280/3280/6121
f 3257/3257/6122 3280/3280/6122 3279/3279/6122
f 3257/3257/6123 3279/3279/6123 3278/3278/6123
f 3257/3257/6124 3278/3278/6124 3277/3277/6124
f 3204/3204/6125 3203/3203/6125 3202/3202/6125
f 3204/3204/6126 3202/3202/6126 3201/3201/6126
f 3200/3200/6127 3199/3199/6127 3198/3198/6127
f 3200/3200/6128 3198/3198/6128 3197/3197/6128
f 3197/3197/6129 3196/3196/6129 3195/3195/6129
f 3194/3194/6130 3193/3193/6130 3192/3192/6130
f 3194/3194/6131 3192/3192/6131 3191/3191/6131
f 3194/3194/6132 3191/3191/6132 3237/3237/6132
f 3237/3237/6133 3236/3236/6133 3235/3235/6133
f 3237/3237/6134 3235/3235/6134 3234/3234/6134
f 3233/3233/6135 3232/3232/6135 3231/3231/6135
f 3231/3231/6136 3230/3230/6136 3229/3229/6136
f 3228/3228/6137 3227/3227/6137 3226/3226/6137
f 3228/3228/6138 3226/3226/6138 3225/3225/6138
f 3228/3228/6139 3225/3225/6139 3224/3224/6139
f 3224/3224/6140 3223/3223/6140 3222/3222/6140
f 3224/3224/6141 3222/3222/6141 3221/3221/6141
f 3221/3221/6142 3220/3220/6142 3219/3219/6142
f 3221/3221/6143 3219/3219/6143 3365/3365/6143
f 3221/3221/6144 3365/3365/6144 3364/3364/6144
f 3221/3221/6145 3364/3364/6145 3382/3382/6145
f 3221/3221/6146 3382/3382/6146 3347/3347/6146
f 3221/3221/6147 3347/3347/6147 3346/3346/6147
f 3345/3345/6148 3344/3344/6148 3343/3343/6148
f 3345/3345/6149 3343/3343/6149 3342/3342/6149
f 3345/3345/6150 3342/3342/6150 3363/3363/6150
f 3362/3362/6151 3333/3333/6151 3332/3332/6151
f 3362/3362/6152 3332/3332/6152 3331/3331/6152
f 3362/3362/6153 3331/3331/6153 3330/3330/6153
f 3330/3330/6154 3329/3329/6154 3328/3328/6154
f 3340/3340/6155 3339/3339/6155 3291/3291/6155
f 3340/3340/6156 3291/3291/6156 3290/3290/6156
f 3340/3340/6157 3290/3290/6157 3289/3289/6157
f 3340/3340/6158 3289/3289/6158 3306/3306/6158
f 3304/3304/6159 3303/3303/6159 3302/3302/6159
f 3304/3304/6160 3302/3302/6160 3301/3301/6160
f 3304/3304/6161 3301/3301/6161 3300/3300/6161
f 3300/3300/6162 3299/3299/6162 3298/3298/6162
f 3300/3300/6163 3298/3298/6163 3297/3297/6163
f 3300/3300/6164 3297/3297/6164 3296/3296/6164
f 3300/3300/6165 3296/3296/6165 3295/3295/6165
f 3291/3291/6166 3339/3339/6166 3338/3338/6166
f 3291/3291/6167 3338/3338/6167 3337/3337/6167
f 3321/3321/6168 3320/3320/6168 3319/3319/6168
f 3321/3321/6169 3319/3319/6169 3318/3318/6169
f 3312/3312/6170 3311/3311/6170 3310/3310/6170
f 3312/3312/6171 3310/3310/6171 3309/3309/6171
f 3312/3312/6172 3309/3309/6172 3308/3308/6172
f 3334/3334/6173 3333/3333/6173 3362/3362/6173
f 3334/3334/6174 3362/3362/6174 3361/3361/6174
f 3360/3360/6175 3359/3359/6175 3358/3358/6175
f 3360/3360/6176 3358/3358/6176 3357/3357/6176
f 3360/3360/6177 3357/3357/6177 3356/3356/6177
f 3360/3360/6178 3356/3356/6178 3355/3355/6178
f 3350/3350/6179 3349/3349/6179 3348/3348/6179
f 3347/3347/6180 3382/3382/6180 3381/3381/6180
f 3347/3347/6181 3381/3381/6181 3380/3380/6181
f 3380/3380/6182 3379/3379/6182 3378/3378/6182
f 3380/3380/6183 3378/3378/6183 3377/3377/6183
f 3380/3380/6184 3377/3377/6184 3376/3376/6184
f 3376/3376/6185 3375/3375/6185 3374/3374/6185
f 3376/3376/6186 3374/3374/6186 3373/3373/6186
f 3376/3376/6187 3373/3373/6187 3372/3372/6187
f 3376/3376/6188 3372/3372/6188 3371/3371/6188
f 3367/3367/6189 3366/3366/6189 3365/3365/6189
f 3367/3367/6190 3365/3365/6190 3219/3219/6190
f 3367/3367/6191 3219/3219/6191 3218/3218/6191
f 3367/3367/6192 3218/3218/6192 3217/3217/6192
f 3216/3216/6193 3215/3215/6193 3214/3214/6193
f 3214/3214/6194 3213/3213/6194 3212/3212/6194
f 3212/3212/6195 3211/3211/6195 3210/3210/6195
f 3212/3212/6196 3210/3210/6196 3209/3209/6196
f 3209/3209/6197 3208/3208/6197 3207/3207/6197
f 3209/3209/6198 3207/3207/6198 3206/3206/6198
f 3204/3204/6199 3276/3276/6199 3275/3275/6199
f 3204/3204/6200 3275/3275/6200 3274/3274/6200
f 3271/3271/6201 3270/3270/6201 3269/3269/6201
f 3271/3271/6202 3269/3269/6202 3288/3288/6202
f 3285/3285/6203 3284/3284/6203 3256/3256/6203
f 3285/3285/6204 3256/3256/6204 3255/3255/6204
f 3285/3285/6205 3255/3255/6205 3268/3268/6205
f 3265/3265/6206 3264/3264/6206 3260/3260/6206
f 3258/3258/6207 3257/3257/6207 3277/3277/6207
f 3277/3277/6208 3204/3204/6208 3201/3201/6208
f 3277/3277/6209 3201/3201/6209 3200/3200/6209
f 3195/3195/6210 3194/3194/6210 3237/3237/6210
f 3346/3346/6211 3345/3345/6211 3363/3363/6211
f 3362/3362/6212 3330/3330/6212 3328/3328/6212
f 3362/3362/6213 3328/3328/6213 3327/3327/6213
f 3362/3362/6214 3327/3327/6214 3326/3326/6214
f 3341/3341/6215 3340/3340/6215 3306/3306/6215
f 3305/3305/6216 3304/3304/6216 3300/3300/6216
f 3305/3305/6217 3300/3300/6217 3295/3295/6217
f 3292/3292/6218 3291/3291/6218 3337/3337/6218
f 3292/3292/6219 3337/3337/6219 3336/3336/6219
f 3292/3292/6220 3336/3336/6220 3335/3335/6220
f 3322/3322/6221 3321/3321/6221 3318/3318/6221
f 3322/3322/6222 3318/3318/6222 3317/3317/6222
f 3313/3313/6223 3312/3312/6223 3308/3308/6223
f 3313/3313/6224 3308/3308/6224 3334/3334/6224
f 3313/3313/6225 3334/3334/6225 3361/3361/6225
f 3313/3313/6226 3361/3361/6226 3360/3360/6226
f 3313/3313/6227 3360/3360/6227 3355/3355/6227
f 3313/3313/6228 3355/3355/6228 3354/3354/6228
f 3313/3313/6229 3354/3354/6229 3353/3353/6229
f 3348/3348/6230 3347/3347/6230 3380/3380/6230
f 3348/3348/6231 3380/3380/6231 3376/3376/6231
f 3348/3348/6232 3376/3376/6232 3371/3371/6232
f 3348/3348/6233 3371/3371/6233 3370/3370/6233
f 3368/3368/6234 3367/3367/6234 3217/3217/6234
f 3368/3368/6235 3217/3217/6235 3216/3216/6235
f 3205/3205/6236 3204/3204/6236 3274/3274/6236
f 3272/3272/6237 3271/3271/6237 3288/3288/6237
f 3286/3286/6238 3285/3285/6238 3268/3268/6238
f 3286/3286/6239 3268/3268/6239 3267/3267/6239
f 3258/3258/6240 3277/3277/6240 3200/3200/6240
f 3258/3258/6241 3200/3200/6241 3197/3197/6241
f 3221/3221/6242 3346/3346/6242 3363/3363/6242
f 3363/3363/6243 3362/3362/6243 3326/3326/6243
f 3363/3363/6244 3326/3326/6244 3325/3325/6244
f 3335/3335/6245 3334/3334/6245 3308/3308/6245
f 3335/3335/6246 3308/3308/6246 3307/3307/6246
f 3335/3335/6247 3307/3307/6247 3324/3324/6247
f 3323/3323/6248 3322/3322/6248 3317/3317/6248
f 3314/3314/6249 3313/3313/6249 3353/3353/6249
f 3350/3350/6250 3348/3348/6250 3370/3370/6250
f 3350/3350/6251 3370/3370/6251 3369/3369/6251
f 3369/3369/6252 3368/3368/6252 3216/3216/6252
f 3369/3369/6253 3216/3216/6253 3214/3214/6253
f 3259/3259/6254 3258/3258/6254 3197/3197/6254
f 3259/3259/6255 3197/3197/6255 3195/3195/6255
f 3224/3224/6256 3221/3221/6256 3363/3363/6256
f 3224/3224/6257 3363/3363/6257 3325/3325/6257
f 3292/3292/6258 3335/3335/6258 3324/3324/6258
f 3292/3292/6259 3324/3324/6259 3323/3323/6259
f 3292/3292/6260 3323/3323/6260 3317/3317/6260
f 3351/3351/6261 3350/3350/6261 3369/3369/6261
f 3351/3351/6262 3369/3369/6262 3214/3214/6262
f 3260/3260/6263 3259/3259/6263 3195/3195/6263
f 3228/3228/6264 3224/3224/6264 3325/3325/6264
f 3228/3228/6265 3325/3325/6265 3341/3341/6265
f 3228/3228/6266 3341/3341/6266 3306/3306/6266
f 3352/3352/6267 3351/3351/6267 3214/3214/6267
f 3265/3265/6268 3260/3260/6268 3195/3195/6268
f 3229/3229/6269 3228/3228/6269 3306/3306/6269
f 3229/3229/6270 3306/3306/6270 3305/3305/6270
f 3353/3353/6271 3352/3352/6271 3214/3214/6271
f 3353/3353/6272 3214/3214/6272 3212/3212/6272
f 3266/3266/6273 3265/3265/6273 3195/3195/6273
f 3231/3231/6274 3229/3229/6274 3305/3305/6274
f 3314/3314/6275 3353/3353/6275 3212/3212/6275
f 3315/3315/6276 3314/3314/6276 3212/3212/6276
f 3315/3315/6277 3212/3212/6277 3209/3209/6277
f 3316/3316/6278 3315/3315/6278 3209/3209/6278
f 3317/3317/6279 3316/3316/6279 3209/3209/6279
f 3317/3317/6280 3209/3209/6280 3206/3206/6280
f 3317/3317/6281 3206/3206/6281 3205/3205/6281
f 3292/3292/6282 3317/3317/6282 3205/3205/6282
f 3293/3293/6283 3292/3292/6283 3205/3205/6283
f 3293/3293/6284 3205/3205/6284 3274/3274/6284
f 3294/3294/6285 3293/3293/6285 3274/3274/6285
f 3295/3295/6286 3294/3294/6286 3274/3274/6286
f 3295/3295/6287 3274/3274/6287 3273/3273/6287
f 3305/3305/6288 3295/3295/6288 3273/3273/6288
f 3305/3305/6289 3273/3273/6289 3272/3272/6289
f 3231/3231/6290 3305/3305/6290 3272/3272/6290
f 3231/3231/6291 3272/3272/6291 3288/3288/6291
f 3231/3231/6292 3288/3288/6292 3287/3287/6292
f 3243/3243/6293 3287/3287/6293 3286/3286/6293
f 3243/3243/6294 3286/3286/6294 3267/3267/6294
f 3233/3233/6295 3231/3231/6295 3287/3287/6295
f 3233/3233/6296 3287/3287/6296 3243/3243/6296
f 3233/3233/6297 3243/3243/6297 3242/3242/6297
f 3233/3233/6298 3242/3242/6298 3238/3238/6298
f 3233/3233/6299 3238/3238/6299 3251/3251/6299
f 3244/3244/6300 3243/3243/6300 3267/3267/6300
f 3244/3244/6301 3267/3267/6301 3266/3266/6301
f 3244/3244/6302 3266/3266/6302 3195/3195/6302
f 3234/3234/6303 3233/3233/6303 3251/3251/6303
f 3234/3234/6304 3251/3251/6304 3250/3250/6304
f 3245/3245/6305 3244/3244/6305 3195/3195/6305
f 3245/3245/6306 3195/3195/6306 3237/3237/6306
f 3237/3237/6307 3234/3234/6307 3250/3250/6307
f 3237/3237/6308 3250/3250/6308 3249/3249/6308
f 3237/3237/6309 3249/3249/6309 3248/3248/6309
f 3237/3237/6310 3248/3248/6310 3245/3245/6310
f 3191/3191/6311 3192/3192/6311 2999/2999/6311
f 2999/2999/6312 3192/3192/6312 3000/3000/6312
f 3192/3192/6313 3193/3193/6313 3000/3000/6313
f 3000/3000/6314 3193/3193/6314 3001/3001/6314
f 3193/3193/6315 3194/3194/6315 3001/3001/6315
f 3001/3001/6316 3194/3194/6316 3002/3002/6316
f 3194/3194/6317 3195/3195/6317 3002/3002/6317
f 3002/3002/6318 3195/3195/6318 3003/3003/6318
f 3195/3195/6319 3196/3196/6319 3003/3003/6319
f 3003/3003/6320 3196/3196/6320 3004/3004/6320
f 3196/3196/6321 3197/3197/6321 3004/3004/6321
f 3004/3004/6322 3197/3197/6322 3005/3005/6322
f 3197/3197/6323 3198/3198/6323 3005/3005/6323
f 3005/3005/6324 3198/3198/6324 3006/3006/6324
f 3198/3198/6325 3199/3199/6325 3006/3006/6325
f 3006/3006/6326 3199/3199/6326 3007/3007/6326
f 3199/3199/6327 3200/3200/6327 3007/3007/6327
f 3007/3007/6328 3200/3200/6328 3008/3008/6328
f 3200/3200/6329 3201/3201/6329 3008/3008/6329
f 3008/3008/6330 3201/3201/6330 3009/3009/6330
f 3201/3201/6331 3202/3202/6331 3009/3009/6331
f 3009/3009/6332 3202/3202/6332 3010/3010/6332
f 3202/3202/6333 3203/3203/6333 3010/3010/6333
f 3010/3010/6334 3203/3203/6334 3011/3011/6334
f 3203/3203/6335 3204/3204/6335 3011/3011/6335
f 3011/3011/6336 3204/3204/6336 3012/3012/6336
f 3204/3204/6337 3205/3205/6337 3012/3012/6337
f 3012/3012/6338 3205/3205/6338 3013/3013/6338
f 3205/3205/6339 3206/3206/6339 3013/3013/6339
f 3013/3013/6340 3206/3206/6340 3014/3014/6340
f 3206/3206/6341 3207/3207/6341 3014/3014/6341
f 3014/3014/6342 3207/3207/6342 3015/3015/6342
f 3207/3207/6343 3208/3208/6343 3015/3015/6343
f 3015/3015/6344 3208/3208/6344 3016/3016/6344
f 3208/3208/6345 3209/3209/6345 3016/3016/6345
f 3016/3016/6346 3209/3209/6346 3017/3017/6346
f 3209/3209/6347 3210/3210/6347 3017/3017/6347
f 3017/3017/6348 3210/3210/6348 3018/3018/6348
f 3210/3210/6349 3211/3211/6349 3018/3018/6349
f 3018/3018/6350 3211/3211/6350 3019/3019/6350
f 3211/3211/6351 3212/3212/6351 3019/3019/6351
f 3019/3019/6352 3212/3212/6352 3020/3020/6352
f 3212/3212/6353 3213/3213/6353 3020/3020/6353
f 3020/3020/6354 3213/3213/6354 3021/3021/6354
f 3213/3213/6355 3214/3214/6355 3021/3021/6355
f 3021/3021/6356 3214/3214/6356 3022/3022/6356
f 3214/3214/6357 3215/3215/6357 3022/3022/6357
f 3022/3022/6358 3215/3215/6358 3023/3023/6358
f 3215/3215/6359 3216/3216/6359 3023/3023/6359
f 3023/3023/6360 3216/3216/6360 3024/3024/6360
f 3216/3216/6361 3217/3217/6361 3024/3024/6361
f 3024/3024/6362 3217/3217/6362 3025/3025/6362
f 3217/3217/6363 3218/3218/6363 3025/3025/6363
f 3025/3025/6364 3218/3218/6364 3026/3026/6364
f 3218/3218/6365 3219/3219/6365 3026/3026/6365
f 3026/3026/6366 3219/3219/6366 3027/3027/6366
f 3219/3219/6367 3220/3220/6367 3027/3027/6367
f 3027/3027/6368 3220/3220/6368 3028/3028/6368
f 3220/3220/6369 3221/3221/6369 3028/3028/6369
f 3028/3028/6370 3221/3221/6370 3029/3029/6370
f 3221/3221/6371 3222/3222/6371 3029/3029/6371
f 3029/3029/6372 3222/3222/6372 3030/3030/6372
f 3222/3222/6373 3223/3223/6373 3030/3030/6373
f 3030/3030/6374 3223/3223/6374 3031/3031/6374
f 3223/3223/6375 3224/3224/6375 3031/3031/6375
f 3031/3031/6376 3224/3224/6376 3032/3032/6376
f 3224/3224/6377 3225/3225/6377 3032/3032/6377
f 3032/3032/6378 3225/3225/6378 3033/3033/6378
f 3225/3225/6379 3226/3226/6379 3033/3033/6379
f 3033/3033/6380 3226/3226/6380 3034/3034/6380
f 3226/3226/6381 3227/3227/6381 3034/3034/6381
f 3034/3034/6382 3227/3227/6382 3035/3035/6382
f 3227/3227/6383 3228/3228/6383 3035/3035/6383
f 3035/3035/6384 3228/3228/6384 3036/3036/6384
f 3228/3228/6385 3229/3229/6385 3036/3036/6385
f 3036/3036/6386 3229/3229/6386 3037/3037/6386
f 3229/3229/6387 3230/3230/6387 3037/3037/6387
f 3037/3037/6388 3230/3230/6388 3038/3038/6388
f 3230/3230/6389 3231/3231/6389 3038/3038/6389
f 3038/3038/6390 3231/3231/6390 3039/3039/6390
f 3231/3231/6391 3232/3232/6391 3039/3039/6391
f 3039/3039/6392 3232/3232/6392 3040/3040/6392
f 3232/3232/6393 3233/3233/6393 3040/3040/6393
f 3040/3040/6394 3233/3233/6394 3041/3041/6394
f 3233/3233/6395 3234/3234/6395 3041/3041/6395
f 3041/3041/6396 3234/3234/6396 3042/3042/6396
f 3234/3234/6397 3235/3235/6397 3042/3042/6397
f 3042/3042/6398 3235/3235/6398 3043/3043/6398
f 3235/3235/6399 3236/3236/6399 3043/3043/6399
f 3043/3043/6400 3236/3236/6400 3044/3044/6400
f 3237/3237/6401 3191/3191/6401 3045/3045/6401
f 3045/3045/6402 3191/3191/6402 2999/2999/6402
f 3236/3236/6403 3237/3237/6403 3044/3044/6403
f 3044/3044/6404 3237/3237/6404 3045/3045/6404
f 3238/3238/6405 3239/3239/6405 3046/3046/6405
f 3046/3046/6406 3239/3239/6406 3047/3047/6406
f 3239/3239/6407 3240/3240/6407 3047/3047/6407
f 3047/3047/6408 3240/3240/6408 3048/3048/6408
f 3240/3240/6409 3241/3241/6409 3048/3048/6409
f 3048/3048/6410 3241/3241/6410 3049/3049/6410
f 3241/3241/6411 3242/3242/6411 3049/3049/6411
f 3049/3049/6412 3242/3242/6412 3050/3050/6412
f 3242/3242/6413 3243/3243/6413 3050/3050/6413
f 3050/3050/6414 3243/3243/6414 3051/3051/6414
f 3243/3243/6415 3244/3244/6415 3051/3051/6415
f 3051/3051/6416 3244/3244/6416 3052/3052/6416
f 3244/3244/6417 3245/3245/6417 3052/3052/6417
f 3052/3052/6418 3245/3245/6418 3053/3053/6418
f 3245/3245/6419 3246/3246/6419 3053/3053/6419
f 3053/3053/6420 3246/3246/6420 3054/3054/6420
f 3246/3246/6421 3247/3247/6421 3054/3054/6421
f 3054/3054/6422 3247/3247/6422 3055/3055/6422
f 3247/3247/6423 3248/3248/6423 3055/3055/6423
f 3055/3055/6424 3248/3248/6424 3056/3056/6424
f 3248/3248/6425 3249/3249/6425 3056/3056/6425
f 3056/3056/6426 3249/3249/6426 3057/3057/6426
f 3249/3249/6427 3250/3250/6427 3057/3057/6427
f 3057/3057/6428 3250/3250/6428 3058/3058/6428
f 3251/3251/6429 3238/3238/6429 3059/3059/6429
f 3059/3059/6430 3238/3238/6430 3046/3046/6430
f 3250/3250/6431 3251/3251/6431 3058/3058/6431
f 3058/3058/6432 3251/3251/6432 3059/3059/6432
f 3252/3252/6433 3253/3253/6433 3060/3060/6433
f 3060/3060/6434 3253/3253/6434 3061/3061/6434
f 3253/3253/6435 3254/3254/6435 3061/3061/6435
f 3061/3061/6436 3254/3254/6436 3062/3062/6436
f 3254/3254/6437 3255/3255/6437 3062/3062/6437
f 3062/3062/6438 3255/3255/6438 3063/3063/6438
f 3255/3255/6439 3256/3256/6439 3063/3063/6439
f 3063/3063/6440 3256/3256/6440 3064/3064/6440
f 3256/3256/6441 3257/3257/6441 3064/3064/6441
f 3064/3064/6442 3257/3257/6442 3065/3065/6442
f 3257/3257/6443 3258/3258/6443 3065/3065/6443
f 3065/3065/6444 3258/3258/6444 3066/3066/6444
f 3258/3258/6445 3259/3259/6445 3066/3066/6445
f 3066/3066/6446 3259/3259/6446 3067/3067/6446
f 3259/3259/6447 3260/3260/6447 3067/3067/6447
f 3067/3067/6448 3260/3260/6448 3068/3068/6448
f 3260/3260/6449 3261/3261/6449 3068/3068/6449
f 3068/3068/6450 3261/3261/6450 3069/3069/6450
f 3261/3261/6451 3262/3262/6451 3069/3069/6451
f 3069/3069/6452 3262/3262/6452 3070/3070/6452
f 3262/3262/6453 3263/3263/6453 3070/3070/6453
f 3070/3070/6454 3263/3263/6454 3071/3071/6454
f 3263/3263/6455 3264/3264/6455 3071/3071/6455
f 3071/3071/6456 3264/3264/6456 3072/3072/6456
f 3264/3264/6457 3265/3265/6457 3072/3072/6457
f 3072/3072/6458 3265/3265/6458 3073/3073/6458
f 3265/3265/6459 3266/3266/6459 3073/3073/6459
f 3073/3073/6460 3266/3266/6460 3074/3074/6460
f 3266/3266/6461 3267/3267/6461 3074/3074/6461
f 3074/3074/6462 3267/3267/6462 3075/3075/6462
f 3268/3268/6463 3252/3252/6463 3076/3076/6463
f 3076/3076/6464 3252/3252/6464 3060/3060/6464
f 3267/3267/6465 3268/3268/6465 3075/3075/6465
f 3075/3075/6466 3268/3268/6466 3076/3076/6466
f 3269/3269/6467 3270/3270/6467 3077/3077/6467
f 3077/3077/6468 3270/3270/6468 3078/3078/6468
f 3270/3270/6469 3271/3271/6469 3078/3078/6469
f 3078/3078/6470 3271/3271/6470 3079/3079/6470
f 3271/3271/6471 3272/3272/6471 3079/3079/6471
f 3079/3079/6472 3272/3272/6472 3080/3080/6472
f 3272/3272/6473 3273/3273/6473 3080/3080/6473
f 3080/3080/6474 3273/3273/6474 3081/3081/6474
f 3273/3273/6475 3274/3274/6475 3081/3081/6475
f 3081/3081/6476 3274/3274/6476 3082/3082/6476
f 3274/3274/6477 3275/3275/6477 3082/3082/6477
f 3082/3082/6478 3275/3275/6478 3083/3083/6478
f 3276/3276/6479 3204/3204/6479 3084/3084/6479
f 3084/3084/6480 3204/3204/6480 3012/3012/6480
f 3275/3275/6481 3276/3276/6481 3083/3083/6481
f 3083/3083/6482 3276/3276/6482 3084/3084/6482
f 3204/3204/6483 3277/3277/6483 3012/3012/6483
f 3012/3012/6484 3277/3277/6484 3085/3085/6484
f 3277/3277/6485 3278/3278/6485 3085/3085/6485
f 3085/3085/6486 3278/3278/6486 3086/3086/6486
f 3278/3278/6487 3279/3279/6487 3086/3086/6487
f 3086/3086/6488 3279/3279/6488 3087/3087/6488
f 3279/3279/6489 3280/3280/6489 3087/3087/6489
f 3087/3087/6490 3280/3280/6490 3088/3088/6490
f 3280/3280/6491 3281/3281/6491 3088/3088/6491
f 3088/3088/6492 3281/3281/6492 3089/3089/6492
f 3281/3281/6493 3282/3282/6493 3089/3089/6493
f 3089/3089/6494 3282/3282/6494 3090/3090/6494
f 3282/3282/6495 3283/3283/6495 3090/3090/6495
f 3090/3090/6496 3283/3283/6496 3091/3091/6496
f 3283/3283/6497 3284/3284/6497 3091/3091/6497
f 3091/3091/6498 3284/3284/6498 3092/3092/6498
f 3284/3284/6499 3285/3285/6499 3092/3092/6499
f 3092/3092/6500 3285/3285/6500 3093/3093/6500
f 3285/3285/6501 3286/3286/6501 3093/3093/6501
f 3093/3093/6502 3286/3286/6502 3094/3094/6502
f 3286/3286/6503 3287/3287/6503 3094/3094/6503
f 3094/3094/6504 3287/3287/6504 3095/3095/6504
f 3288/3288/6505 3269/3269/6505 3096/3096/6505
f 3096/3096/6506 3269/3269/6506 3077/3077/6506
f 3287/3287/6507 3288/3288/6507 3095/3095/6507
f 3095/3095/6508 3288/3288/6508 3096/3096/6508
f 3289/3289/6509 3290/3290/6509 3097/3097/6509
f 3097/3097/6510 3290/3290/6510 3098/3098/6510
f 3290/3290/6511 3291/3291/6511 3098/3098/6511
f 3098/3098/6512 3291/3291/6512 3099/3099/6512
f 3291/3291/6513 3292/3292/6513 3099/3099/6513
f 3099/3099/6514 3292/3292/6514 3100/3100/6514
f 3292/3292/6515 3293/3293/6515 3100/3100/6515
f 3100/3100/6516 3293/3293/6516 3101/3101/6516
f 3293/3293/6517 3294/3294/6517 3101/3101/6517
f 3101/3101/6518 3294/3294/6518 3102/3102/6518
f 3294/3294/6519 3295/3295/6519 3102/3102/6519
f 3102/3102/6520 3295/3295/6520 3103/3103/6520
f 3295/3295/6521 3296/3296/6521 3103/3103/6521
f 3103/3103/6522 3296/3296/6522 3104/3104/6522
f 3296/3296/6523 3297/3297/6523 3104/3104/6523
f 3104/3104/6524 3297/3297/6524 3105/3105/6524
f 3297/3297/6525 3298/3298/6525 3105/3105/6525
f 3105/3105/6526 3298/3298/6526 3106/3106/6526
f 3298/3298/6527 3299/3299/6527 3106/3106/6527
f 3106/3106/6528 3299/3299/6528 3107/3107/6528
f 3299/3299/6529 3300/3300/6529 3107/3107/6529
f 3107/3107/6530 3300/3300/6530 3108/3108/6530
f 3300/3300/6531 3301/3301/6531 3108/3108/6531
f 3108/3108/6532 3301/3301/6532 3109/3109/6532
f 3301/3301/6533 3302/3302/6533 3109/3109/6533
f 3109/3109/6534 3302/3302/6534 3110/3110/6534
f 3302/3302/6535 3303/3303/6535 3110/3110/6535
f 3110/3110/6536 3303/3303/6536 3111/3111/6536
f 3303/3303/6537 3304/3304/6537 3111/3111/6537
f 3111/3111/6538 3304/3304/6538 3112/3112/6538
f 3304/3304/6539 3305/3305/6539 3112/3112/6539
f 3112/3112/6540 3305/3305/6540 3113/3113/6540
f 3306/3306/6541 3289/3289/6541 3114/3114/6541
f 3114/3114/6542 3289/3289/6542 3097/3097/6542
f 3305/3305/6543 3306/3306/6543 3113/3113/6543
f 3113/3113/6544 3306/3306/6544 3114/3114/6544
f 3307/3307/6545 3308/3308/6545 3115/3115/6545
f 3115/3115/6546 3308/3308/6546 3116/3116/6546
f 3308/3308/6547 3309/3309/6547 3116/3116/6547
f 3116/3116/6548 3309/3309/6548 3117/3117/6548
f 3309/3309/6549 3310/3310/6549 3117/3117/6549
f 3117/3117/6550 3310/3310/6550 3118/3118/6550
f 3310/3310/6551 3311/3311/6551 3118/3118/6551
f 3118/3118/6552 3311/3311/6552 3119/3119/6552
f 3311/3311/6553 3312/3312/6553 3119/3119/6553
f 3119/3119/6554 3312/3312/6554 3120/3120/6554
f 3312/3312/6555 3313/3313/6555 3120/3120/6555
f 3120/3120/6556 3313/3313/6556 3121/3121/6556
f 3313/3313/6557 3314/3314/6557 3121/3121/6557
f 3121/3121/6558 3314/3314/6558 3122/3122/6558
f 3314/3314/6559 3315/3315/6559 3122/3122/6559
f 3122/3122/6560 3315/3315/6560 3123/3123/6560
f 3315/3315/6561 3316/3316/6561 3123/3123/6561
f 3123/3123/6562 3316/3316/6562 3124/3124/6562
f 3316/3316/6563 3317/3317/6563 3124/3124/6563
f 3124/3124/6564 3317/3317/6564 3125/3125/6564
f 3317/3317/6565 3318/3318/6565 3125/3125/6565
f 3125/3125/6566 3318/3318/6566 3126/3126/6566
f 3318/3318/6567 3319/3319/6567 3126/3126/6567
f 3126/3126/6568 3319/3319/6568 3127/3127/6568
f 3319/3319/6569 3320/3320/6569 3127/3127/6569
f 3127/3127/6570 3320/3320/6570 3128/3128/6570
f 3320/3320/6571 3321/3321/6571 3128/3128/6571
f 3128/3128/6572 3321/3321/6572 3129/3129/6572
f 3321/3321/6573 3322/3322/6573 3129/3129/6573
f 3129/3129/6574 3322/3322/6574 3130/3130/6574
f 3322/3322/6575 3323/3323/6575 3130/3130/6575
f 3130/3130/6576 3323/3323/6576 3131/3131/6576
f 3324/3324/6577 3307/3307/6577 3132/3132/6577
f 3132/3132/6578 3307/3307/6578 3115/3115/6578
f 3323/3323/6579 3324/3324/6579 3131/3131/6579
f 3131/3131/6580 3324/3324/6580 3132/3132/6580
f 3325/3325/6581 3326/3326/6581 3133/3133/6581
f 3133/3133/6582 3326/3326/6582 3134/3134/6582
f 3326/3326/6583 3327/3327/6583 3134/3134/6583
f 3134/3134/6584 3327/3327/6584 3135/3135/6584
f 3327/3327/6585 3328/3328/6585 3135/3135/6585
f 3135/3135/6586 3328/3328/6586 3136/3136/6586
f 3328/3328/6587 3329/3329/6587 3136/3136/6587
f 3136/3136/6588 3329/3329/6588 3137/3137/6588
f 3329/3329/6589 3330/3330/6589 3137/3137/6589
f 3137/3137/6590 3330/3330/6590 3138/3138/6590
f 3330/3330/6591 3331/3331/6591 3138/3138/6591
f 3138/3138/6592 3331/3331/6592 3139/3139/6592
f 3331/3331/6593 3332/3332/6593 3139/3139/6593
f 3139/3139/6594 3332/3332/6594 3140/3140/6594
f 3332/3332/6595 3333/3333/6595 3140/3140/6595
f 3140/3140/6596 3333/3333/6596 3141/3141/6596
f 3333/3333/6597 3334/3334/6597 3141/3141/6597
f 3141/3141/6598 3334/3334/6598 3142/3142/6598
f 3334/3334/6599 3335/3335/6599 3142/3142/6599
f 3142/3142/6600 3335/3335/6600 3143/3143/6600
f 3335/3335/6601 3336/3336/6601 3143/3143/6601
f 3143/3143/6602 3336/3336/6602 3144/3144/6602
f 3336/3336/6603 3337/3337/6603 3144/3144/6603
f 3144/3144/6604 3337/3337/6604 3145/3145/6604
f 3337/3337/6605 3338/3338/6605 3145/3145/6605
f 3145/3145/6606 3338/3338/6606 3146/3146/6606
f 3338/3338/6607 3339/3339/6607 3146/3146/6607
f 3146/3146/6608 3339/3339/6608 3147/3147/6608
f 3339/3339/6609 3340/3340/6609 3147/3147/6609
f 3147/3147/6610 3340/3340/6610 3148/3148/6610
f 3341/3341/6611 3325/3325/6611 3149/3149/6611
f 3149/3149/6612 3325/3325/6612 3133/3133/6612
f 3340/3340/6613 3341/3341/6613 3148/3148/6613
f 3148/3148/6614 3341/3341/6614 3149/3149/6614
f 3342/3342/6615 3343/3343/6615 3150/3150/6615
f 3150/3150/6616 3343/3343/6616 3151/3151/6616
f 3343/3343/6617 3344/3344/6617 3151/3151/6617
f 3151/3151/6618 3344/3344/6618 3152/3152/6618
f 3344/3344/6619 3345/3345/6619 3152/3152/6619
f 3152/3152/6620 3345/3345/6620 3153/3153/6620
f 3345/3345/6621 3346/3346/6621 3153/3153/6621
f 3153/3153/6622 3346/3346/6622 3154/3154/6622
f 3346/3346/6623 3347/3347/6623 3154/3154/6623
f 3154/3154/6624 3347/3347/6624 3155/3155/6624
f 3347/3347/6625 3348/3348/6625 3155/3155/6625
f 3155/3155/6626 3348/3348/6626 3156/3156/6626
f 3348/3348/6627 3349/3349/6627 3156/3156/6627
f 3156/3156/6628 3349/3349/6628 3157/3157/6628
f 3349/3349/6629 3350/3350/6629 3157/3157/6629
f 3157/3157/6630 3350/3350/6630 3158/3158/6630
f 3350/3350/6631 3351/3351/6631 3158/3158/6631
f 3158/3158/6632 3351/3351/6632 3159/3159/6632
f 3351/3351/6633 3352/3352/6633 3159/3159/6633
f 3159/3159/6634 3352/3352/6634 3160/3160/6634
f 3352/3352/6635 3353/3353/6635 3160/3160/6635
f 3160/3160/6636 3353/3353/6636 3161/3161/6636
f 3353/3353/6637 3354/3354/6637 3161/3161/6637
f 3161/3161/6638 3354/3354/6638 3162/3162/6638
f 3354/3354/6639 3355/3355/6639 3162/3162/6639
f 3162/3162/6640 3355/3355/6640 3163/3163/6640
f 3355/3355/6641 3356/3356/6641 3163/3163/6641
f 3163/3163/6642 3356/3356/6642 3164/3164/6642
f 3356/3356/6643 3357/3357/6643 3164/3164/6643
f 3164/3164/6644 3357/3357/6644 3165/3165/6644
f 3357/3357/6645 3358/3358/6645 3165/3165/6645
f 3165/3165/6646 3358/3358/6646 3166/3166/6646
f 3358/3358/6647 3359/3359/6647 3166/3166/6647
f 3166/3166/6648 3359/3359/6648 3167/3167/6648
f 3359/3359/6649 3360/3360/6649 3167/3167/6649
f 3167/3167/6650 3360/3360/6650 3168/3168/6650
f 3360/3360/6651 3361/3361/6651 3168/3168/6651
f 3168/3168/6652 3361/3361/6652 3169/3169/6652
f 3361/3361/6653 3362/3362/6653 3169/3169/6653
f 3169/3169/6654 3362/3362/6654 3170/3170/6654
f 3363/3363/6655 3342/3342/6655 3171/3171/6655
f 3171/3171/6656 3342/3342/6656 3150/3150/6656
f 3362/3362/6657 3363/3363/6657 3170/3170/6657
f 3170/3170/6658 3363/3363/6658 3171/3171/6658
f 3364/3364/6659 3365/3365/6659 3172/3172/6659
f 3172/3172/6660 3365/3365/6660 3173/3173/6660
f 3365/3365/6661 3366/3366/6661 3173/3173/6661
f 3173/3173/6662 3366/3366/6662 3174/3174/6662
f 3366/3366/6663 3367/3367/6663 3174/3174/6663
f 3174/3174/6664 3367/3367/6664 3175/3175/6664
f 3367/3367/6665 3368/3368/6665 3175/3175/6665
f 3175/3175/6666 3368/3368/6666 3176/3176/6666
f 3368/3368/6667 3369/3369/6667 3176/3176/6667
f 3176/3176/6668 3369/3369/6668 3177/3177/6668
f 3369/3369/6669 3370/3370/6669 3177/3177/6669
f 3177/3177/6670 3370/3370/6670 3178/3178/6670
f 3370/3370/6671 3371/3371/6671 3178/3178/6671
f 3178/3178/6672 3371/3371/6672 3179/3179/6672
f 3371/3371/6673 3372/3372/6673 3179/3179/6673
f 3179/3179/6674 3372/3372/6674 3180/3180/6674
f 3372/3372/6675 3373/3373/6675 3180/3180/6675
f 3180/3180/6676 3373/3373/6676 3181/3181/6676
f 3373/3373/6677 3374/3374/6677 3181/3181/6677
f 3181/3181/6678 3374/3374/6678 3182/3182/6678
f 3374/3374/6679 3375/3375/6679 3182/3182/6679
f 3182/3182/6680 3375/3375/6680 3183/3183/6680
f 3375/3375/6681 3376/3376/6681 3183/3183/6681
f 3183/3183/6682 3376/3376/6682 3184/3184/6682
f 3376/3376/6683 3377/3377/6683 3184/3184/6683
f 3184/3184/6684 3377/3377/6684 3185/3185/6684
f 3377/3377/6685 3378/3378/6685 3185/3185/6685
f 3185/3185/6686 3378/3378/6686 3186/3186/6686
f 3378/3378/6687 3379/3379/6687 3186/3186/6687
f 3186/3186/6688 3379/3379/6688 3187/3187/6688
f 3379/3379/6689 3380/3380/6689 3187/3187/6689
f 3187/3187/6690 3380/3380/6690 3188/3188/6690
f 3380/3380/6691 3381/3381/6691 3188/3188/6691
f 3188/3188/6692 3381/3381/6692 3189/3189/6692
f 3382/3382/6693 3364/3364/6693 3190/3190/6693
f 3190/3190/6694 3364/3364/6694 3172/3172/6694
f 3381/3381/6695 3382/3382/6695 3189/3189/6695
f 3189/3189/6696 3382/3382/6696 3190/3190/6696
f 3569/3569/6697 3570/3570/6697 3383/3383/6697
f 3567/3567/6698 3568/3568/6698 3569/3569/6698
f 3566/3566/6699 3567/3567/6699 3569/3569/6699
f 3564/3564/6700 3565/3565/6700 3566/3566/6700
f 3562/3562/6701 3563/3563/6701 3564/3564/6701
f 3561/3561/6702 3562/3562/6702 3564/3564/6702
f 3559/3559/6703 3560/3560/6703 3561/3561/6703
f 3557/3557/6704 3558/3558/6704 3559/3559/6704
f 3556/3556/6705 3557/3557/6705 3559/3559/6705
f 3554/3554/6706 3555/3555/6706 3556/3556/6706
f 3553/3553/6707 3554/3554/6707 3556/3556/6707
f 3551/3551/6708 3552/3552/6708 3553/3553/6708
f 3549/3549/6709 3550/3550/6709 3551/3551/6709
f 3545/3545/6710 3546/3546/6710 3547/3547/6710
f 3543/3543/6711 3544/3544/6711 3545/3545/6711
f 3540/3540/6712 3541/3541/6712 3542/3542/6712
f 3539/3539/6713 3540/3540/6713 3542/3542/6713
f 3537/3537/6714 3538/3538/6714 3539/3539/6714
f 3535/3535/6715 3536/3536/6715 3537/3537/6715
f 3533/3533/6716 3534/3534/6716 3535/3535/6716
f 3531/3531/6717 3532/3532/6717 3533/3533/6717
f 3529/3529/6718 3530/3530/6718 3531/3531/6718
f 3527/3527/6719 3528/3528/6719 3529/3529/6719
f 3525/3525/6720 3526/3526/6720 3527/3527/6720
f 3520/3520/6721 3521/3521/6721 3522/3522/6721
f 3519/3519/6722 3520/3520/6722 3522/3522/6722
f 3518/3518/6723 3519/3519/6723 3522/3522/6723
f 3509/3509/6724 3510/3510/6724 3511/3511/6724
f 3489/3489/6725 3490/3490/6725 3491/3491/6725
f 3472/3472/6726 3473/3473/6726 3474/3474/6726
f 3461/3461/6727 3462/3462/6727 3463/3463/6727
f 3451/3451/6728 3452/3452/6728 3453/3453/6728
f 3443/3443/6729 3444/3444/6729 3445/3445/6729
f 3442/3442/6730 3443/3443/6730 3445/3445/6730
f 3425/3425/6731 3426/3426/6731 3427/3427/6731
f 3424/3424/6732 3425/3425/6732 3427/3427/6732
f 3423/3423/6733 3424/3424/6733 3427/3427/6733
f 3422/3422/6734 3423/3423/6734 3427/3427/6734
f 3420/3420/6735 3421/3421/6735 3422/3422/6735
f 3419/3419/6736 3420/3420/6736 3422/3422/6736
f 3417/3417/6737 3418/3418/6737 3419/3419/6737
f 3412/3412/6738 3413/3413/6738 3414/3414/6738
f 3411/3411/6739 3412/3412/6739 3414/3414/6739
f 3409/3409/6740 3410/3410/6740 3411/3411/6740
f 3407/3407/6741 3408/3408/6741 3409/3409/6741
f 3405/3405/6742 3406/3406/6742 3407/3407/6742
f 3402/3402/6743 3403/3403/6743 3404/3404/6743
f 3400/3400/6744 3401/3401/6744 3402/3402/6744
f 3399/3399/6745 3400/3400/6745 3402/3402/6745
f 3397/3397/6746 3398/3398/6746 3399/3399/6746
f 3395/3395/6747 3396/3396/6747 3397/3397/6747
f 3393/3393/6748 3394/3394/6748 3395/3395/6748
f 3391/3391/6749 3392/3392/6749 3393/3393/6749
f 3389/3389/6750 3390/3390/6750 3391/3391/6750
f 3386/3386/6751 3387/3387/6751 3388/3388/6751
f 3384/3384/6752 3385/3385/6752 3386/3386/6752
f 3383/3383/6753 3384/3384/6753 3386/3386/6753
f 3518/3518/6754 3522/3522/6754 3523/3523/6754
f 3517/3517/6755 3518/3518/6755 3523/3523/6755
f 3489/3489/6756 3491/3491/6756 3492/3492/6756
f 3422/3422/6757 3427/3427/6757 3428/3428/6757
f 3517/3517/6758 3523/3523/6758 3524/3524/6758
f 3516/3516/6759 3517/3517/6759 3524/3524/6759
f 3515/3515/6760 3516/3516/6760 3524/3524/6760
f 3422/3422/6761 3428/3428/6761 3429/3429/6761
f 3515/3515/6762 3524/3524/6762 3525/3525/6762
f 3514/3514/6763 3515/3515/6763 3525/3525/6763
f 3422/3422/6764 3429/3429/6764 3430/3430/6764
f 3419/3419/6765 3422/3422/6765 3430/3430/6765
f 3514/3514/6766 3525/3525/6766 3527/3527/6766
f 3513/3513/6767 3514/3514/6767 3527/3527/6767
f 3512/3512/6768 3513/3513/6768 3527/3527/6768
f 3511/3511/6769 3512/3512/6769 3527/3527/6769
f 3419/3419/6770 3430/3430/6770 3431/3431/6770
f 3511/3511/6771 3527/3527/6771 3529/3529/6771
f 3509/3509/6772 3511/3511/6772 3529/3529/6772
f 3508/3508/6773 3509/3509/6773 3529/3529/6773
f 3419/3419/6774 3431/3431/6774 3432/3432/6774
f 3417/3417/6775 3419/3419/6775 3432/3432/6775
f 3508/3508/6776 3529/3529/6776 3531/3531/6776
f 3507/3507/6777 3508/3508/6777 3531/3531/6777
f 3506/3506/6778 3507/3507/6778 3531/3531/6778
f 3505/3505/6779 3506/3506/6779 3531/3531/6779
f 3417/3417/6780 3432/3432/6780 3433/3433/6780
f 3416/3416/6781 3417/3417/6781 3433/3433/6781
f 3505/3505/6782 3531/3531/6782 3533/3533/6782
f 3504/3504/6783 3505/3505/6783 3533/3533/6783
f 3503/3503/6784 3504/3504/6784 3533/3533/6784
f 3502/3502/6785 3503/3503/6785 3533/3533/6785
f 3416/3416/6786 3433/3433/6786 3434/3434/6786
f 3415/3415/6787 3416/3416/6787 3434/3434/6787
f 3502/3502/6788 3533/3533/6788 3535/3535/6788
f 3501/3501/6789 3502/3502/6789 3535/3535/6789
f 3415/3415/6790 3434/3434/6790 3435/3435/6790
f 3414/3414/6791 3415/3415/6791 3435/3435/6791
f 3501/3501/6792 3535/3535/6792 3537/3537/6792
f 3500/3500/6793 3501/3501/6793 3537/3537/6793
f 3499/3499/6794 3500/3500/6794 3537/3537/6794
f 3498/3498/6795 3499/3499/6795 3537/3537/6795
f 3414/3414/6796 3435/3435/6796 3436/3436/6796
f 3498/3498/6797 3537/3537/6797 3539/3539/6797
f 3497/3497/6798 3498/3498/6798 3539/3539/6798
f 3496/3496/6799 3497/3497/6799 3539/3539/6799
f 3414/3414/6800 3436/3436/6800 3437/3437/6800
f 3411/3411/6801 3414/3414/6801 3437/3437/6801
f 3496/3496/6802 3539/3539/6802 3542/3542/6802
f 3495/3495/6803 3496/3496/6803 3542/3542/6803
f 3494/3494/6804 3495/3495/6804 3542/3542/6804
f 3411/3411/6805 3437/3437/6805 3438/3438/6805
f 3494/3494/6806 3542/3542/6806 3543/3543/6806
f 3493/3493/6807 3494/3494/6807 3543/3543/6807
f 3411/3411/6808 3438/3438/6808 3439/3439/6808
f 3409/3409/6809 3411/3411/6809 3439/3439/6809
f 3493/3493/6810 3543/3543/6810 3545/3545/6810
f 3492/3492/6811 3493/3493/6811 3545/3545/6811
f 3489/3489/6812 3492/3492/6812 3545/3545/6812
f 3409/3409/6813 3439/3439/6813 3440/3440/6813
f 3489/3489/6814 3545/3545/6814 3547/3547/6814
f 3409/3409/6815 3440/3440/6815 3441/3441/6815
f 3407/3407/6816 3409/3409/6816 3441/3441/6816
f 3489/3489/6817 3547/3547/6817 3548/3548/6817
f 3488/3488/6818 3489/3489/6818 3548/3548/6818
f 3407/3407/6819 3441/3441/6819 3442/3442/6819
f 3405/3405/6820 3407/3407/6820 3442/3442/6820
f 3488/3488/6821 3548/3548/6821 3549/3549/6821
f 3487/3487/6822 3488/3488/6822 3549/3549/6822
f 3486/3486/6823 3487/3487/6823 3549/3549/6823
f 3405/3405/6824 3442/3442/6824 3445/3445/6824
f 3404/3404/6825 3405/3405/6825 3445/3445/6825
f 3402/3402/6826 3404/3404/6826 3445/3445/6826
f 3486/3486/6827 3549/3549/6827 3551/3551/6827
f 3485/3485/6828 3486/3486/6828 3551/3551/6828
f 3402/3402/6829 3445/3445/6829 3446/3446/6829
f 3485/3485/6830 3551/3551/6830 3553/3553/6830
f 3484/3484/6831 3485/3485/6831 3553/3553/6831
f 3483/3483/6832 3484/3484/6832 3553/3553/6832
f 3402/3402/6833 3446/3446/6833 3447/3447/6833
f 3483/3483/6834 3553/3553/6834 3556/3556/6834
f 3482/3482/6835 3483/3483/6835 3556/3556/6835
f 3481/3481/6836 3482/3482/6836 3556/3556/6836
f 3402/3402/6837 3447/3447/6837 3448/3448/6837
f 3399/3399/6838 3402/3402/6838 3448/3448/6838
f 3481/3481/6839 3556/3556/6839 3559/3559/6839
f 3480/3480/6840 3481/3481/6840 3559/3559/6840
f 3479/3479/6841 3480/3480/6841 3559/3559/6841
f 3399/3399/6842 3448/3448/6842 3449/3449/6842
f 3479/3479/6843 3559/3559/6843 3561/3561/6843
f 3478/3478/6844 3479/3479/6844 3561/3561/6844
f 3477/3477/6845 3478/3478/6845 3561/3561/6845
f 3476/3476/6846 3477/3477/6846 3561/3561/6846
f 3399/3399/6847 3449/3449/6847 3450/3450/6847
f 3476/3476/6848 3561/3561/6848 3564/3564/6848
f 3475/3475/6849 3476/3476/6849 3564/3564/6849
f 3474/3474/6850 3475/3475/6850 3564/3564/6850
f 3399/3399/6851 3450/3450/6851 3451/3451/6851
f 3397/3397/6852 3399/3399/6852 3451/3451/6852
f 3474/3474/6853 3564/3564/6853 3566/3566/6853
f 3472/3472/6854 3474/3474/6854 3566/3566/6854
f 3397/3397/6855 3451/3451/6855 3453/3453/6855
f 3472/3472/6856 3566/3566/6856 3569/3569/6856
f 3471/3471/6857 3472/3472/6857 3569/3569/6857
f 3470/3470/6858 3471/3471/6858 3569/3569/6858
f 3397/3397/6859 3453/3453/6859 3454/3454/6859
f 3395/3395/6860 3397/3397/6860 3454/3454/6860
f 3470/3470/6861 3569/3569/6861 3383/3383/6861
f 3469/3469/6862 3470/3470/6862 3383/3383/6862
f 3468/3468/6863 3469/3469/6863 3383/3383/6863
f 3395/3395/6864 3454/3454/6864 3455/3455/6864
f 3468/3468/6865 3383/3383/6865 3386/3386/6865
f 3467/3467/6866 3468/3468/6866 3386/3386/6866
f 3466/3466/6867 3467/3467/6867 3386/3386/6867
f 3465/3465/6868 3466/3466/6868 3386/3386/6868
f 3464/3464/6869 3465/3465/6869 3386/3386/6869
f 3395/3395/6870 3455/3455/6870 3456/3456/6870
f 3393/3393/6871 3395/3395/6871 3456/3456/6871
f 3464/3464/6872 3386/3386/6872 3388/3388/6872
f 3463/3463/6873 3464/3464/6873 3388/3388/6873
f 3461/3461/6874 3463/3463/6874 3388/3388/6874
f 3460/3460/6875 3461/3461/6875 3388/3388/6875
f 3393/3393/6876 3456/3456/6876 3457/3457/6876
f 3391/3391/6877 3393/3393/6877 3457/3457/6877
f 3460/3460/6878 3388/3388/6878 3389/3389/6878
f 3459/3459/6879 3460/3460/6879 3389/3389/6879
f 3391/3391/6880 3457/3457/6880 3458/3458/6880
f 3459/3459/6881 3389/3389/6881 3391/3391/6881
f 3458/3458/6882 3459/3459/6882 3391/3391/6882
f 3571/3571/6883 3758/3758/6883 3757/3757/6883
f 3757/3757/6884 3756/3756/6884 3755/3755/6884
f 3757/3757/6885 3755/3755/6885 3754/3754/6885
f 3754/3754/6886 3753/3753/6886 3752/3752/6886
f 3752/3752/6887 3751/3751/6887 3750/3750/6887
f 3752/3752/6888 3750/3750/6888 3749/3749/6888
f 3749/3749/6889 3748/3748/6889 3747/3747/6889
f 3747/3747/6890 3746/3746/6890 3745/3745/6890
f 3747/3747/6891 3745/3745/6891 3744/3744/6891
f 3744/3744/6892 3743/3743/6892 3742/3742/6892
f 3744/3744/6893 3742/3742/6893 3741/3741/6893
f 3741/3741/6894 3740/3740/6894 3739/3739/6894
f 3739/3739/6895 3738/3738/6895 3737/3737/6895
f 3735/3735/6896 3734/3734/6896 3733/3733/6896
f 3733/3733/6897 3732/3732/6897 3731/3731/6897
f 3730/3730/6898 3729/3729/6898 3728/3728/6898
f 3730/3730/6899 3728/3728/6899 3727/3727/6899
f 3727/3727/6900 3726/3726/6900 3725/3725/6900
f 3725/3725/6901 3724/3724/6901 3723/3723/6901
f 3723/3723/6902 3722/3722/6902 3721/3721/6902
f 3721/3721/6903 3720/3720/6903 3719/3719/6903
f 3719/3719/6904 3718/3718/6904 3717/3717/6904
f 3717/3717/6905 3716/3716/6905 3715/3715/6905
f 3715/3715/6906 3714/3714/6906 3713/3713/6906
f 3710/3710/6907 3709/3709/6907 3708/3708/6907
f 3710/3710/6908 3708/3708/6908 3707/3707/6908
f 3710/3710/6909 3707/3707/6909 3706/3706/6909
f 3699/3699/6910 3698/3698/6910 3697/3697/6910
f 3679/3679/6911 3678/3678/6911 3677/3677/6911
f 3662/3662/6912 3661/3661/6912 3660/3660/6912
f 3651/3651/6913 3650/3650/6913 3649/3649/6913
f 3641/3641/6914 3640/3640/6914 3639/3639/6914
f 3633/3633/6915 3632/3632/6915 3631/3631/6915
f 3633/3633/6916 3631/3631/6916 3630/3630/6916
f 3615/3615/6917 3614/3614/6917 3613/3613/6917
f 3615/3615/6918 3613/3613/6918 3612/3612/6918
f 3615/3615/6919 3612/3612/6919 3611/3611/6919
f 3615/3615/6920 3611/3611/6920 3610/3610/6920
f 3610/3610/6921 3609/3609/6921 3608/3608/6921
f 3610/3610/6922 3608/3608/6922 3607/3607/6922
f 3607/3607/6923 3606/3606/6923 3605/3605/6923
f 3602/3602/6924 3601/3601/6924 3600/3600/6924
f 3602/3602/6925 3600/3600/6925 3599/3599/6925
f 3599/3599/6926 3598/3598/6926 3597/3597/6926
f 3597/3597/6927 3596/3596/6927 3595/3595/6927
f 3595/3595/6928 3594/3594/6928 3593/3593/6928
f 3592/3592/6929 3591/3591/6929 3590/3590/6929
f 3590/3590/6930 3589/3589/6930 3588/3588/6930
f 3590/3590/6931 3588/3588/6931 3587/3587/6931
f 3587/3587/6932 3586/3586/6932 3585/3585/6932
f 3585/3585/6933 3584/3584/6933 3583/3583/6933
f 3583/3583/6934 3582/3582/6934 3581/3581/6934
f 3581/3581/6935 3580/3580/6935 3579/3579/6935
f 3579/3579/6936 3578/3578/6936 3577/3577/6936
f 3576/3576/6937 3575/3575/6937 3574/3574/6937
f 3574/3574/6938 3573/3573/6938 3572/3572/6938
f 3574/3574/6939 3572/3572/6939 3571/3571/6939
f 3711/3711/6940 3710/3710/6940 3706/3706/6940
f 3711/3711/6941 3706/3706/6941 3705/3705/6941
f 3680/3680/6942 3679/3679/6942 3677/3677/6942
f 3616/3616/6943 3615/3615/6943 3610/3610/6943
f 3712/3712/6944 3711/3711/6944 3705/3705/6944
f 3712/3712/6945 3705/3705/6945 3704/3704/6945
f 3712/3712/6946 3704/3704/6946 3703/3703/6946
f 3617/3617/6947 3616/3616/6947 3610/3610/6947
f 3713/3713/6948 3712/3712/6948 3703/3703/6948
f 3713/3713/6949 3703/3703/6949 3702/3702/6949
f 3618/3618/6950 3617/3617/6950 3610/3610/6950
f 3618/3618/6951 3610/3610/6951 3607/3607/6951
f 3715/3715/6952 3713/3713/6952 3702/3702/6952
f 3715/3715/6953 3702/3702/6953 3701/3701/6953
f 3715/3715/6954 3701/3701/6954 3700/3700/6954
f 3715/3715/6955 3700/3700/6955 3699/3699/6955
f 3619/3619/6956 3618/3618/6956 3607/3607/6956
f 3717/3717/6957 3715/3715/6957 3699/3699/6957
f 3717/3717/6958 3699/3699/6958 3697/3697/6958
f 3717/3717/6959 3697/3697/6959 3696/3696/6959
f 3620/3620/6960 3619/3619/6960 3607/3607/6960
f 3620/3620/6961 3607/3607/6961 3605/3605/6961
f 3719/3719/6962 3717/3717/6962 3696/3696/6962
f 3719/3719/6963 3696/3696/6963 3695/3695/6963
f 3719/3719/6964 3695/3695/6964 3694/3694/6964
f 3719/3719/6965 3694/3694/6965 3693/3693/6965
f 3621/3621/6966 3620/3620/6966 3605/3605/6966
f 3621/3621/6967 3605/3605/6967 3604/3604/6967
f 3721/3721/6968 3719/3719/6968 3693/3693/6968
f 3721/3721/6969 3693/3693/6969 3692/3692/6969
f 3721/3721/6970 3692/3692/6970 3691/3691/6970
f 3721/3721/6971 3691/3691/6971 3690/3690/6971
f 3622/3622/6972 3621/3621/6972 3604/3604/6972
f 3622/3622/6973 3604/3604/6973 3603/3603/6973
f 3723/3723/6974 3721/3721/6974 3690/3690/6974
f 3723/3723/6975 3690/3690/6975 3689/3689/6975
f 3623/3623/6976 3622/3622/6976 3603/3603/6976
f 3623/3623/6977 3603/3603/6977 3602/3602/6977
f 3725/3725/6978 3723/3723/6978 3689/3689/6978
f 3725/3725/6979 3689/3689/6979 3688/3688/6979
f 3725/3725/6980 3688/3688/6980 3687/3687/6980
f 3725/3725/6981 3687/3687/6981 3686/3686/6981
f 3624/3624/6982 3623/3623/6982 3602/3602/6982
f 3727/3727/6983 3725/3725/6983 3686/3686/6983
f 3727/3727/6984 3686/3686/6984 3685/3685/6984
f 3727/3727/6985 3685/3685/6985 3684/3684/6985
f 3625/3625/6986 3624/3624/6986 3602/3602/6986
f 3625/3625/6987 3602/3602/6987 3599/3599/6987
f 3730/3730/6988 3727/3727/6988 3684/3684/6988
f 3730/3730/6989 3684/3684/6989 3683/3683/6989
f 3730/3730/6990 3683/3683/6990 3682/3682/6990
f 3626/3626/6991 3625/3625/6991 3599/3599/6991
f 3731/3731/6992 3730/3730/6992 3682/3682/6992
f 3731/3731/6993 3682/3682/6993 3681/3681/6993
f 3627/3627/6994 3626/3626/6994 3599/3599/6994
f 3627/3627/6995 3599/3599/6995 3597/3597/6995
f 3733/3733/6996 3731/3731/6996 3681/3681/6996
f 3733/3733/6997 3681/3681/6997 3680/3680/6997
f 3733/3733/6998 3680/3680/6998 3677/3677/6998
f 3628/3628/6999 3627/3627/6999 3597/3597/6999
f 3735/3735/7000 3733/3733/7000 3677/3677/7000
f 3629/3629/7001 3628/3628/7001 3597/3597/7001
f 3629/3629/7002 3597/3597/7002 3595/3595/7002
f 3736/3736/7003 3735/3735/7003 3677/3677/7003
f 3736/3736/7004 3677/3677/7004 3676/3676/7004
f 3630/3630/7005 3629/3629/7005 3595/3595/7005
f 3630/3630/7006 3595/3595/7006 3593/3593/7006
f 3737/3737/7007 3736/3736/7007 3676/3676/7007
f 3737/3737/7008 3676/3676/7008 3675/3675/7008
f 3737/3737/7009 3675/3675/7009 3674/3674/7009
f 3633/3633/7010 3630/3630/7010 3593/3593/7010
f 3633/3633/7011 3593/3593/7011 3592/3592/7011
f 3633/3633/7012 3592/3592/7012 3590/3590/7012
f 3739/3739/7013 3737/3737/7013 3674/3674/7013
f 3739/3739/7014 3674/3674/7014 3673/3673/7014
f 3634/3634/7015 3633/3633/7015 3590/3590/7015
f 3741/3741/7016 3739/3739/7016 3673/3673/7016
f 3741/3741/7017 3673/3673/7017 3672/3672/7017
f 3741/3741/7018 3672/3672/7018 3671/3671/7018
f 3635/3635/7019 3634/3634/7019 3590/3590/7019
f 3744/3744/7020 3741/3741/7020 3671/3671/7020
f 3744/3744/7021 3671/3671/7021 3670/3670/7021
f 3744/3744/7022 3670/3670/7022 3669/3669/7022
f 3636/3636/7023 3635/3635/7023 3590/3590/7023
f 3636/3636/7024 3590/3590/7024 3587/3587/7024
f 3747/3747/7025 3744/3744/7025 3669/3669/7025
f 3747/3747/7026 3669/3669/7026 3668/3668/7026
f 3747/3747/7027 3668/3668/7027 3667/3667/7027
f 3637/3637/7028 3636/3636/7028 3587/3587/7028
f 3749/3749/7029 3747/3747/7029 3667/3667/7029
f 3749/3749/7030 3667/3667/7030 3666/3666/7030
f 3749/3749/7031 3666/3666/7031 3665/3665/7031
f 3749/3749/7032 3665/3665/7032 3664/3664/7032
f 3638/3638/7033 3637/3637/7033 3587/3587/7033
f 3752/3752/7034 3749/3749/7034 3664/3664/7034
f 3752/3752/7035 3664/3664/7035 3663/3663/7035
f 3752/3752/7036 3663/3663/7036 3662/3662/7036
f 3639/3639/7037 3638/3638/7037 3587/3587/7037
f 3639/3639/7038 3587/3587/7038 3585/3585/7038
f 3754/3754/7039 3752/3752/7039 3662/3662/7039
f 3754/3754/7040 3662/3662/7040 3660/3660/7040
f 3641/3641/7041 3639/3639/7041 3585/3585/7041
f 3757/3757/7042 3754/3754/7042 3660/3660/7042
f 3757/3757/7043 3660/3660/7043 3659/3659/7043
f 3757/3757/7044 3659/3659/7044 3658/3658/7044
f 3642/3642/7045 3641/3641/7045 3585/3585/7045
f 3642/3642/7046 3585/3585/7046 3583/3583/7046
f 3571/3571/7047 3757/3757/7047 3658/3658/7047
f 3571/3571/7048 3658/3658/7048 3657/3657/7048
f 3571/3571/7049 3657/3657/7049 3656/3656/7049
f 3643/3643/7050 3642/3642/7050 3583/3583/7050
f 3574/3574/7051 3571/3571/7051 3656/3656/7051
f 3574/3574/7052 3656/3656/7052 3655/3655/7052
f 3574/3574/7053 3655/3655/7053 3654/3654/7053
f 3574/3574/7054 3654/3654/7054 3653/3653/7054
f 3574/3574/7055 3653/3653/7055 3652/3652/7055
f 3644/3644/7056 3643/3643/7056 3583/3583/7056
f 3644/3644/7057 3583/3583/7057 3581/3581/7057
f 3576/3576/7058 3574/3574/7058 3652/3652/7058
f 3576/3576/7059 3652/3652/7059 3651/3651/7059
f 3576/3576/7060 3651/3651/7060 3649/3649/7060
f 3576/3576/7061 3649/3649/7061 3648/3648/7061
f 3645/3645/7062 3644/3644/7062 3581/3581/7062
f 3645/3645/7063 3581/3581/7063 3579/3579/7063
f 3577/3577/7064 3576/3576/7064 3648/3648/7064
f 3577/3577/7065 3648/3648/7065 3647/3647/7065
f 3646/3646/7066 3645/3645/7066 3579/3579/7066
f 3579/3579/7067 3577/3577/7067 3647/3647/7067
f 3579/3579/7068 3647/3647/7068 3646/3646/7068
f 3571/3571/7069 3572/3572/7069 3383/3383/7069
f 3383/3383/7070 3572/3572/7070 3384/3384/7070
f 3572/3572/7071 3573/3573/7071 3384/3384/7071
f 3384/3384/7072 3573/3573/7072 3385/3385/7072
f 3573/3573/7073 3574/3574/7073 3385/3385/7073
f 3385/3385/7074 3574/3574/7074 3386/3386/7074
f 3574/3574/7075 3575/3575/7075 3386/3386/7075
f 3386/3386/7076 3575/3575/7076 3387/3387/7076
f 3575/3575/7077 3576/3576/7077 3387/3387/7077
f 3387/3387/7078 3576/3576/7078 3388/3388/7078
f 3576/3576/7079 3577/3577/7079 3388/3388/7079
f 3388/3388/7080 3577/3577/7080 3389/3389/7080
f 3577/3577/7081 3578/3578/7081 3389/3389/7081
f 3389/3389/7082 3578/3578/7082 3390/3390/7082
f 3578/3578/7083 3579/3579/7083 3390/3390/7083
f 3390/3390/7084 3579/3579/7084 3391/3391/7084
f 3579/3579/7085 3580/3580/7085 3391/3391/7085
f 3391/3391/7086 3580/3580/7086 3392/3392/7086
f 3580/3580/7087 3581/3581/7087 3392/3392/7087
f 3392/3392/7088 3581/3581/7088 3393/3393/7088
f 3581/3581/7089 3582/3582/7089 3393/3393/7089
f 3393/3393/7090 3582/3582/7090 3394/3394/7090
f 3582/3582/7091 3583/3583/7091 3394/3394/7091
f 3394/3394/7092 3583/3583/7092 3395/3395/7092
f 3583/3583/7093 3584/3584/7093 3395/3395/7093
f 3395/3395/7094 3584/3584/7094 3396/3396/7094
f 3584/3584/7095 3585/3585/7095 3396/3396/7095
f 3396/3396/7096 3585/3585/7096 3397/3397/7096
f 3585/3585/7097 3586/3586/7097 3397/3397/7097
f 3397/3397/7098 3586/3586/7098 3398/3398/7098
f 3586/3586/7099 3587/3587/7099 3398/3398/7099
f 3398/3398/7100 3587/3587/7100 3399/3399/7100
f 3587/3587/7101 3588/3588/7101 3399/3399/7101
f 3399/3399/7102 3588/3588/7102 3400/3400/7102
f 3588/3588/7103 3589/3589/7103 3400/3400/7103
f 3400/3400/7104 3589/3589/7104 3401/3401/7104
f 3589/3589/7105 3590/3590/7105 3401/3401/7105
f 3401/3401/7106 3590/3590/7106 3402/3402/7106
f 3590/3590/7107 3591/3591/7107 3402/3402/7107
f 3402/3402/7108 3591/3591/7108 3403/3403/7108
f 3591/3591/7109 3592/3592/7109 3403/3403/7109
f 3403/3403/7110 3592/3592/7110 3404/3404/7110
f 3592/3592/7111 3593/3593/7111 3404/3404/7111
f 3404/3404/7112 3593/3593/7112 3405/3405/7112
f 3593/3593/7113 3594/3594/7113 3405/3405/7113
f 3405/3405/7114 3594/3594/7114 3406/3406/7114
f 3594/3594/7115 3595/3595/7115 3406/3406/7115
f 3406/3406/7116 3595/3595/7116 3407/3407/7116
f 3595/3595/7117 3596/3596/7117 3407/3407/7117
f 3407/3407/7118 3596/3596/7118 3408/3408/7118
f 3596/3596/7119 3597/3597/7119 3408/3408/7119
f 3408/3408/7120 3597/3597/7120 3409/3409/7120
f 3597/3597/7121 3598/3598/7121 3409/3409/7121
f 3409/3409/7122 3598/3598/7122 3410/3410/7122
f 3598/3598/7123 3599/3599/7123 3410/3410/7123
f 3410/3410/7124 3599/3599/7124 3411/3411/7124
f 3599/3599/7125 3600/3600/7125 3411/3411/7125
f 3411/3411/7126 3600/3600/7126 3412/3412/7126
f 3600/3600/7127 3601/3601/7127 3412/3412/7127
f 3412/3412/7128 3601/3601/7128 3413/3413/7128
f 3601/3601/7129 3602/3602/7129 3413/3413/7129
f 3413/3413/7130 3602/3602/7130 3414/3414/7130
f 3602/3602/7131 3603/3603/7131 3414/3414/7131
f 3414/3414/7132 3603/3603/7132 3415/3415/7132
f 3603/3603/7133 3604/3604/7133 3415/3415/7133
f 3415/3415/7134 3604/3604/7134 3416/3416/7134
f 3604/3604/7135 3605/3605/7135 3416/3416/7135
f 3416/3416/7136 3605/3605/7136 3417/3417/7136
f 3605/3605/7137 3606/3606/7137 3417/3417/7137
f 3417/3417/7138 3606/3606/7138 3418/3418/7138
f 3606/3606/7139 3607/3607/7139 3418/3418/7139
f 3418/3418/7140 3607/3607/7140 3419/3419/7140
f 3607/3607/7141 3608/3608/7141 3419/3419/7141
f 3419/3419/7142 3608/3608/7142 3420/3420/7142
f 3608/3608/7143 3609/3609/7143 3420/3420/7143
f 3420/3420/7144 3609/3609/7144 3421/3421/7144
f 3609/3609/7145 3610/3610/7145 3421/3421/7145
f 3421/3421/7146 3610/3610/7146 3422/3422/7146
f 3610/3610/7147 3611/3611/7147 3422/3422/7147
f 3422/3422/7148 3611/3611/7148 3423/3423/7148
f 3611/3611/7149 3612/3612/7149 3423/3423/7149
f 3423/3423/7150 3612/3612/7150 3424/3424/7150
f 3612/3612/7151 3613/3613/7151 3424/3424/7151
f 3424/3424/7152 3613/3613/7152 3425/3425/7152
f 3613/3613/7153 3614/3614/7153 3425/3425/7153
f 3425/3425/7154 3614/3614/7154 3426/3426/7154
f 3614/3614/7155 3615/3615/7155 3426/3426/7155
f 3426/3426/7156 3615/3615/7156 3427/3427/7156
f 3615/3615/7157 3616/3616/7157 3427/3427/7157
f 3427/3427/7158 3616/3616/7158 3428/3428/7158
f 3616/3616/7159 3617/3617/7159 3428/3428/7159
f 3428/3428/7160 3617/3617/7160 3429/3429/7160
f 3617/3617/7161 3618/3618/7161 3429/3429/7161
f 3429/3429/7162 3618/3618/7162 3430/3430/7162
f 3618/3618/7163 3619/3619/7163 3430/3430/7163
f 3430/3430/7164 3619/3619/7164 3431/3431/7164
f 3619/3619/7165 3620/3620/7165 3431/3431/7165
f 3431/3431/7166 3620/3620/7166 3432/3432/7166
f 3620/3620/7167 3621/3621/7167 3432/3432/7167
f 3432/3432/7168 3621/3621/7168 3433/3433/7168
f 3621/3621/7169 3622/3622/7169 3433/3433/7169
f 3433/3433/7170 3622/3622/7170 3434/3434/7170
f 3622/3622/7171 3623/3623/7171 3434/3434/7171
f 3434/3434/7172 3623/3623/7172 3435/3435/7172
f 3623/3623/7173 3624/3624/7173 3435/3435/7173
f 3435/3435/7174 3624/3624/7174 3436/3436/7174
f 3624/3624/7175 3625/3625/7175 3436/3436/7175
f 3436/3436/7176 3625/3625/7176 3437/3437/7176
f 3625/3625/7177 3626/3626/7177 3437/3437/7177
f 3437/3437/7178 3626/3626/7178 3438/3438/7178
f 3626/3626/7179 3627/3627/7179 3438/3438/7179
f 3438/3438/7180 3627/3627/7180 3439/3439/7180
f 3627/3627/7181 3628/3628/7181 3439/3439/7181
f 3439/3439/7182 3628/3628/7182 3440/3440/7182
f 3628/3628/7183 3629/3629/7183 3440/3440/7183
f 3440/3440/7184 3629/3629/7184 3441/3441/7184
f 3629/3629/7185 3630/3630/7185 3441/3441/7185
f 3441/3441/7186 3630/3630/7186 3442/3442/7186
f 3630/3630/7187 3631/3631/7187 3442/3442/7187
f 3442/3442/7188 3631/3631/7188 3443/3443/7188
f 3631/3631/7189 3632/3632/7189 3443/3443/7189
f 3443/3443/7190 3632/3632/7190 3444/3444/7190
f 3632/3632/7191 3633/3633/7191 3444/3444/7191
f 3444/3444/7192 3633/3633/7192 3445/3445/7192
f 3633/3633/7193 3634/3634/7193 3445/3445/7193
f 3445/3445/7194 3634/3634/7194 3446/3446/7194
f 3634/3634/7195 3635/3635/7195 3446/3446/7195
f 3446/3446/7196 3635/3635/7196 3447/3447/7196
f 3635/3635/7197 3636/3636/7197 3447/3447/7197
f 3447/3447/7198 3636/3636/7198 3448/3448/7198
f 3636/3636/7199 3637/3637/7199 3448/3448/7199
f 3448/3448/7200 3637/3637/7200 3449/3449/7200
f 3637/3637/7201 3638/3638/7201 3449/3449/7201
f 3449/3449/7202 3638/3638/7202 3450/3450/7202
f 3638/3638/7203 3639/3639/7203 3450/3450/7203
f 3450/3450/7204 3639/3639/7204 3451/3451/7204
f 3639/3639/7205 3640/3640/7205 3451/3451/7205
f 3451/3451/7206 3640/3640/7206 3452/3452/7206
f 3640/3640/7207 3641/3641/7207 3452/3452/7207
f 3452/3452/7208 3641/3641/7208 3453/3453/7208
f 3641/3641/7209 3642/3642/7209 3453/3453/7209
f 3453/3453/7210 3642/3642/7210 3454/3454/7210
f 3642/3642/7211 3643/3643/7211 3454/3454/7211
f 3454/3454/7212 3643/3643/7212 3455/3455/7212
f 3643/3643/7213 3644/3644/7213 3455/3455/7213
f 3455/3455/7214 3644/3644/7214 3456/3456/7214
f 3644/3644/7215 3645/3645/7215 3456/3456/7215
f 3456/3456/7216 3645/3645/7216 3457/3457/7216
f 3645/3645/7217 3646/3646/7217 3457/3457/7217
f 3457/3457/7218 3646/3646/7218 3458/3458/7218
f 3646/3646/7219 3647/3647/7219 3458/3458/7219
f 3458/3458/7220 3647/3647/7220 3459/3459/7220
f 3647/3647/7221 3648/3648/7221 3459/3459/7221
f 3459/3459/7222 3648/3648/7222 3460/3460/7222
f 3648/3648/7223 3649/3649/7223 3460/3460/7223
f 3460/3460/7224 3649/3649/7224 3461/3461/7224
f 3649/3649/7225 3650/3650/7225 3461/3461/7225
f 3461/3461/7226 3650/3650/7226 3462/3462/7226
f 3650/3650/7227 3651/3651/7227 3462/3462/7227
f 3462/3462/7228 3651/3651/7228 3463/3463/7228
f 3651/3651/7229 3652/3652/7229 3463/3463/7229
f 3463/3463/7230 3652/3652/7230 3464/3464/7230
f 3652/3652/7231 3653/3653/7231 3464/3464/7231
f 3464/3464/7232 3653/3653/7232 3465/3465/7232
f 3653/3653/7233 3654/3654/7233 3465/3465/7233
f 3465/3465/7234 3654/3654/7234 3466/3466/7234
f 3654/3654/7235 3655/3655/7235 3466/3466/7235
f 3466/3466/7236 3655/3655/7236 3467/3467/7236
f 3655/3655/7237 3656/3656/7237 3467/3467/7237
f 3467/3467/7238 3656/3656/7238 3468/3468/7238
f 3656/3656/7239 3657/3657/7239 3468/3468/7239
f 3468/3468/7240 3657/3657/7240 3469/3469/7240
f 3657/3657/7241 3658/3658/7241 3469/3469/7241
f 3469/3469/7242 3658/3658/7242 3470/3470/7242
f 3658/3658/7243 3659/3659/7243 3470/3470/7243
f 3470/3470/7244 3659/3659/7244 3471/3471/7244
f 3659/3659/7245 3660/3660/7245 3471/3471/7245
f 3471/3471/7246 3660/3660/7246 3472/3472/7246
f 3660/3660/7247 3661/3661/7247 3472/3472/7247
f 3472/3472/7248 3661/3661/7248 3473/3473/7248
f 3661/3661/7249 3662/3662/7249 3473/3473/7249
f 3473/3473/7250 3662/3662/7250 3474/3474/7250
f 3662/3662/7251 3663/3663/7251 3474/3474/7251
f 3474/3474/7252 3663/3663/7252 3475/3475/7252
f 3663/3663/7253 3664/3664/7253 3475/3475/7253
f 3475/3475/7254 3664/3664/7254 3476/3476/7254
f 3664/3664/7255 3665/3665/7255 3476/3476/7255
f 3476/3476/7256 3665/3665/7256 3477/3477/7256
f 3665/3665/7257 3666/3666/7257 3477/3477/7257
f 3477/3477/7258 3666/3666/7258 3478/3478/7258
f 3666/3666/7259 3667/3667/7259 3478/3478/7259
f 3478/3478/7260 3667/3667/7260 3479/3479/7260
f 3667/3667/7261 3668/3668/7261 3479/3479/7261
f 3479/3479/7262 3668/3668/7262 3480/3480/7262
f 3668/3668/7263 3669/3669/7263 3480/3480/7263
f 3480/3480/7264 3669/3669/7264 3481/3481/7264
f 3669/3669/7265 3670/3670/7265 3481/3481/7265
f 3481/3481/7266 3670/3670/7266 3482/3482/7266
f 3670/3670/7267 3671/3671/7267 3482/3482/7267
f 3482/3482/7268 3671/3671/7268 3483/3483/7268
f 3671/3671/7269 3672/3672/7269 3483/3483/7269
f 3483/3483/7270 3672/3672/7270 3484/3484/7270
f 3672/3672/7271 3673/3673/7271 3484/3484/7271
f 3484/3484/7272 3673/3673/7272 3485/3485/7272
f 3673/3673/7273 3674/3674/7273 3485/3485/7273
f 3485/3485/7274 3674/3674/7274 3486/3486/7274
f 3674/3674/7275 3675/3675/7275 3486/3486/7275
f 3486/3486/7276 3675/3675/7276 3487/3487/7276
f 3675/3675/7277 3676/3676/7277 3487/3487/7277
f 3487/3487/7278 3676/3676/7278 3488/3488/7278
f 3676/3676/7279 3677/3677/7279 3488/3488/7279
f 3488/3488/7280 3677/3677/7280 3489/3489/7280
f 3677/3677/7281 3678/3678/7281 3489/3489/7281
f 3489/3489/7282 3678/3678/7282 3490/3490/7282
f 3678/3678/7283 3679/3679/7283 3490/3490/7283
f 3490/3490/7284 3679/3679/7284 3491/3491/7284
f 3679/3679/7285 3680/3680/7285 3491/3491/7285
f 3491/3491/7286 3680/3680/7286 3492/3492/7286
f 3680/3680/7287 3681/3681/7287 3492/3492/7287
f 3492/3492/7288 3681/3681/7288 3493/3493/7288
f 3681/3681/7289 3682/3682/7289 3493/3493/7289
f 3493/3493/7290 3682/3682/7290 3494/3494/7290
f 3682/3682/7291 3683/3683/7291 3494/3494/7291
f 3494/3494/7292 3683/3683/7292 3495/3495/7292
f 3683/3683/7293 3684/3684/7293 3495/3495/7293
f 3495/3495/7294 3684/3684/7294 3496/3496/7294
f 3684/3684/7295 3685/3685/7295 3496/3496/7295
f 3496/3496/7296 3685/3685/7296 3497/3497/7296
f 3685/3685/7297 3686/3686/7297 3497/3497/7297
f 3497/3497/7298 3686/3686/7298 3498/3498/7298
f 3686/3686/7299 3687/3687/7299 3498/3498/7299
f 3498/3498/7300 3687/3687/7300 3499/3499/7300
f 3687/3687/7301 3688/3688/7301 3499/3499/7301
f 3499/3499/7302 3688/3688/7302 3500/3500/7302
f 3688/3688/7303 3689/3689/7303 3500/3500/7303
f 3500/3500/7304 3689/3689/7304 3501/3501/7304
f 3689/3689/7305 3690/3690/7305 3501/3501/7305
f 3501/3501/7306 3690/3690/7306 3502/3502/7306
f 3690/3690/7307 3691/3691/7307 3502/3502/7307
f 3502/3502/7308 3691/3691/7308 3503/3503/7308
f 3691/3691/7309 3692/3692/7309 3503/3503/7309
f 3503/3503/7310 3692/3692/7310 3504/3504/7310
f 3692/3692/7311 3693/3693/7311 3504/3504/7311
f 3504/3504/7312 3693/3693/7312 3505/3505/7312
f 3693/3693/7313 3694/3694/7313 3505/3505/7313
f 3505/3505/7314 3694/3694/7314 3506/3506/7314
f 3694/3694/7315 3695/3695/7315 3506/3506/7315
f 3506/3506/7316 3695/3695/7316 3507/3507/7316
f 3695/3695/7317 3696/3696/7317 3507/3507/7317
f 3507/3507/7318 3696/3696/7318 3508/3508/7318
f 3696/3696/7319 3697/3697/7319 3508/3508/7319
f 3508/3508/7320 3697/3697/7320 3509/3509/7320
f 3697/3697/7321 3698/3698/7321 3509/3509/7321
f 3509/3509/7322 3698/3698/7322 3510/3510/7322
f 3698/3698/7323 3699/3699/7323 3510/3510/7323
f 3510/3510/7324 3699/3699/7324 3511/3511/7324
f 3699/3699/7325 3700/3700/7325 3511/3511/7325
f 3511/3511/7326 3700/3700/7326 3512/3512/7326
f 3700/3700/7327 3701/3701/7327 3512/3512/7327
f 3512/3512/7328 3701/3701/7328 3513/3513/7328
f 3701/3701/7329 3702/3702/7329 3513/3513/7329
f 3513/3513/7330 3702/3702/7330 3514/3514/7330
f 3702/3702/7331 3703/3703/7331 3514/3514/7331
f 3514/3514/7332 3703/3703/7332 3515/3515/7332
f 3703/3703/7333 3704/3704/7333 3515/3515/7333
f 3515/3515/7334 3704/3704/7334 3516/3516/7334
f 3704/3704/7335 3705/3705/7335 3516/3516/7335
f 3516/3516/7336 3705/3705/7336 3517/3517/7336
f 3705/3705/7337 3706/3706/7337 3517/3517/7337
f 3517/3517/7338 3706/3706/7338 3518/3518/7338
f 3706/3706/7339 3707/3707/7339 3518/3518/7339
f 3518/3518/7340 3707/3707/7340 3519/3519/7340
f 3707/3707/7341 3708/3708/7341 3519/3519/7341
f 3519/3519/7342 3708/3708/7342 3520/3520/7342
f 3708/3708/7343 3709/3709/7343 3520/3520/7343
f 3520/3520/7344 3709/3709/7344 3521/3521/7344
f 3709/3709/7345 3710/3710/7345 3521/3521/7345
f 3521/3521/7346 3710/3710/7346 3522/3522/7346
f 3710/3710/7347 3711/3711/7347 3522/3522/7347
f 3522/3522/7348 3711/3711/7348 3523/3523/7348
f 3711/3711/7349 3712/3712/7349 3523/3523/7349
f 3523/3523/7350 3712/3712/7350 3524/3524/7350
f 3712/3712/7351 3713/3713/7351 3524/3524/7351
f 3524/3524/7352 3713/3713/7352 3525/3525/7352
f 3713/3713/7353 3714/3714/7353 3525/3525/7353
f 3525/3525/7354 3714/3714/7354 3526/3526/7354
f 3714/3714/7355 3715/3715/7355 3526/3526/7355
f 3526/3526/7356 3715/3715/7356 3527/3527/7356
f 3715/3715/7357 3716/3716/7357 3527/3527/7357
f 3527/3527/7358 3716/3716/7358 3528/3528/7358
f 3716/3716/7359 3717/3717/7359 3528/3528/7359
f 3528/3528/7360 3717/3717/7360 3529/3529/7360
f 3717/3717/7361 3718/3718/7361 3529/3529/7361
f 3529/3529/7362 3718/3718/7362 3530/3530/7362
f 3718/3718/7363 3719/3719/7363 3530/3530/7363
f 3530/3530/7364 3719/3719/7364 3531/3531/7364
f 3719/3719/7365 3720/3720/7365 3531/3531/7365
f 3531/3531/7366 3720/3720/7366 3532/3532/7366
f 3720/3720/7367 3721/3721/7367 3532/3532/7367
f 3532/3532/7368 3721/3721/7368 3533/3533/7368
f 3721/3721/7369 3722/3722/7369 3533/3533/7369
f 3533/3533/7370 3722/3722/7370 3534/3534/7370
f 3722/3722/7371 3723/3723/7371 3534/3534/7371
f 3534/3534/7372 3723/3723/7372 3535/3535/7372
f 3723/3723/7373 3724/3724/7373 3535/3535/7373
f 3535/3535/7374 3724/3724/7374 3536/3536/7374
f 3724/3724/7375 3725/3725/7375 3536/3536/7375
f 3536/3536/7376 3725/3725/7376 3537/3537/7376
f 3725/3725/7377 3726/3726/7377 3537/3537/7377
f 3537/3537/7378 3726/3726/7378 3538/3538/7378
f 3726/3726/7379 3727/3727/7379 3538/3538/7379
f 3538/3538/7380 3727/3727/7380 3539/3539/7380
f 3727/3727/7381 3728/3728/7381 3539/3539/7381
f 3539/3539/7382 3728/3728/7382 3540/3540/7382
f 3728/3728/7383 3729/3729/7383 3540/3540/7383
f 3540/3540/7384 3729/3729/7384 3541/3541/7384
f 3729/3729/7385 3730/3730/7385 3541/3541/7385
f 3541/3541/7386 3730/3730/7386 3542/3542/7386
f 3730/3730/7387 3731/3731/7387 3542/3542/7387
f 3542/3542/7388 3731/3731/7388 3543/3543/7388
f 3731/3731/7389 3732/3732/7389 3543/3543/7389
f 3543/3543/7390 3732/3732/7390 3544/3544/7390
f 3732/3732/7391 3733/3733/7391 3544/3544/7391
f 3544/3544/7392 3733/3733/7392 3545/3545/7392
f 3733/3733/7393 3734/3734/7393 3545/3545/7393
f 3545/3545/7394 3734/3734/7394 3546/3546/7394
f 3734/3734/7395 3735/3735/7395 3546/3546/7395
f 3546/3546/7396 3735/3735/7396 3547/3547/7396
f 3735/3735/7397 3736/3736/7397 3547/3547/7397
f 3547/3547/7398 3736/3736/7398 3548/3548/7398
f 3736/3736/7399 3737/3737/7399 3548/3548/7399
f 3548/3548/7400 3737/3737/7400 3549/3549/7400
f 3737/3737/7401 3738/3738/7401 3549/3549/7401
f 3549/3549/7402 3738/3738/7402 3550/3550/7402
f 3738/3738/7403 3739/3739/7403 3550/3550/7403
f 3550/3550/7404 3739/3739/7404 3551/3551/7404
f 3739/3739/7405 3740/3740/7405 3551/3551/7405
f 3551/3551/7406 3740/3740/7406 3552/3552/7406
f 3740/3740/7407 3741/3741/7407 3552/3552/7407
f 3552/3552/7408 3741/3741/7408 3553/3553/7408
f 3741/3741/7409 3742/3742/7409 3553/3553/7409
f 3553/3553/7410 3742/3742/7410 3554/3554/7410
f 3742/3742/7411 3743/3743/7411 3554/3554/7411
f 3554/3554/7412 3743/3743/7412 3555/3555/7412
f 3743/3743/7413 3744/3744/7413 3555/3555/7413
f 3555/3555/7414 3744/3744/7414 3556/3556/7414
f 3744/3744/7415 3745/3745/7415 3556/3556/7415
f 3556/3556/7416 3745/3745/7416 3557/3557/7416
f 3745/3745/7417 3746/3746/7417 3557/3557/7417
f 3557/3557/7418 3746/3746/7418 3558/3558/7418
f 3746/3746/7419 3747/3747/7419 3558/3558/7419
f 3558/3558/7420 3747/3747/7420 3559/3559/7420
f 3747/3747/7421 3748/3748/7421 3559/3559/7421
f 3559/3559/7422 3748/3748/7422 3560/3560/7422
f 3748/3748/7423 3749/3749/7423 3560/3560/7423
f 3560/3560/7424 3749/3749/7424 3561/3561/7424
f 3749/3749/7425 3750/3750/7425 3561/3561/7425
f 3561/3561/7426 3750/3750/7426 3562/3562/7426
f 3750/3750/7427 3751/3751/7427 3562/3562/7427
f 3562/3562/7428 3751/3751/7428 3563/3563/7428
f 3751/3751/7429 3752/3752/7429 3563/3563/7429
f 3563/3563/7430 3752/3752/7430 3564/3564/7430
f 3752/3752/7431 3753/3753/7431 3564/3564/7431
f 3564/3564/7432 3753/3753/7432 3565/3565/7432
f 3753/3753/7433 3754/3754/7433 3565/3565/7433
f 3565/3565/7434 3754/3754/7434 3566/3566/7434
f 3754/3754/7435 3755/3755/7435 3566/3566/7435
f 3566/3566/7436 3755/3755/7436 3567/3567/7436
f 3755/3755/7437 3756/3756/7437 3567/3567/7437
f 3567/3567/7438 3756/3756/7438 3568/3568/7438
f 3756/3756/7439 3757/3757/7439 3568/3568/7439
f 3568/3568/7440 3757/3757/7440 3569/3569/7440
f 3758/3758/7441 3571/3571/7441 3570/3570/7441
f 3570/3570/7442 3571/3571/7442 3383/3383/7442
f 3757/3757/7443 3758/3758/7443 3569/3569/7443
f 3569/3569/7444 3758/3758/7444 3570/3570/7444
